P-PDG_mean,P-TPT_mean,T-TPT_mean,P-MON-CKP_mean,T-JUS-CKP_mean,P-ANULAR_mean,T-PDG_mean,P-JUS-CKGL_mean,QGL_mean,ABER-CKP_mean,ABER-CKGL_mean,T-MON-CKP_mean,P-JUS-CKP_mean,P-PDG_std,P-TPT_std,T-TPT_std,P-MON-CKP_std,T-JUS-CKP_std,P-ANULAR_std,T-PDG_std,P-JUS-CKGL_std,QGL_std,ABER-CKP_std,ABER-CKGL_std,T-MON-CKP_std,P-JUS-CKP_std,P-PDG_min,P-TPT_min,T-TPT_min,P-MON-CKP_min,T-JUS-CKP_min,P-ANULAR_min,T-PDG_min,P-JUS-CKGL_min,QGL_min,ABER-CKP_min,ABER-CKGL_min,T-MON-CKP_min,P-JUS-CKP_min,P-PDG_max,P-TPT_max,T-TPT_max,P-MON-CKP_max,T-JUS-CKP_max,P-ANULAR_max,T-PDG_max,P-JUS-CKGL_max,QGL_max,ABER-CKP_max,ABER-CKGL_max,T-MON-CKP_max,P-JUS-CKP_max,P-PDG_median,P-TPT_median,T-TPT_median,P-MON-CKP_median,T-JUS-CKP_median,P-ANULAR_median,T-PDG_median,P-JUS-CKGL_median,QGL_median,ABER-CKP_median,ABER-CKGL_median,T-MON-CKP_median,P-JUS-CKP_median,P-PDG_range,P-TPT_range,T-TPT_range,P-MON-CKP_range,T-JUS-CKP_range,P-ANULAR_range,T-PDG_range,P-JUS-CKGL_range,QGL_range,ABER-CKP_range,ABER-CKGL_range,T-MON-CKP_range,P-JUS-CKP_range,P-PDG_trend,P-TPT_trend,T-TPT_trend,P-MON-CKP_trend,T-JUS-CKP_trend,P-ANULAR_trend,T-PDG_trend,P-JUS-CKGL_trend,QGL_trend,ABER-CKP_trend,ABER-CKGL_trend,T-MON-CKP_trend,P-JUS-CKP_trend,raw_class,is_transient,multiclass,binary_target,instance_file,well_id,event_folder
0.0,1.0089622e+07,119.09453,1.6864642e+06,84.426186,1.2689945e+07,0.0,1.5641519e+06,0.0,40.375565,0.0,24.088894,1.5187359e+06,0.0,1930.3185,8.561839e-05,129653.38,0.13009003,1202.336,0.0,3.516065,0.0,0.0,0.0,0.0,0.0,0.0,1.008636e+07,119.0944,1.426926e+06,84.22884,1.268793e+07,0.0,1.564146e+06,0.0,40.37535,0.0,24.061895,1.406696e+06,0.0,1.009288e+07,119.0947,1.866992e+06,84.65273,1.269258e+07,0.0,1.564158e+06,0.0,40.3758,0.0,24.1208,1.620694e+06,0.0,1.0089625e+07,119.0945,1.698063e+06,84.42132,1.268992e+07,0.0,1.564152e+06,0.0,40.37554,0.0,24.08876,1.524985e+06,0.0,6520.0,0.0003,440066.0,0.42389,4650.0,0.0,12.0,0.0,0.0,0.0,0.03204,6284.8,0.0,-6520.0,0.0003,-124033.0,-0.42389,-910.0,0.0,12.0,0.0,0.0,0.0,0.0,0.0,0,0,0,0,WELL-00001_20170201010207.parquet,WELL-00001,0
0.0,1.008299e+07,119.094795,1.5830391e+06,84.09242,1.2694205e+07,0.0,1.564164e+06,0.0,40.375565,0.0,24.088894,1.5187359e+06,0.0,1930.663,8.01834e-05,138837.1,0.068144344,1451.6951,0.0,3.5794454,0.0,0.0,0.0,0.0,0.0,0.0,1.007973e+07,119.0947,1.426466e+06,83.99593,1.269175e+07,0.0,1.564158e+06,0.0,40.37535,0.0,24.061895,1.406696e+06,0.0,1.008625e+07,119.0949,1.89882e+06,84.22378,1.269666e+07,0.0,1.56417e+06,0.0,40.3758,0.0,24.1208,1.620694e+06,0.0,1.0082995e+07,119.0948,1.5343605e+06,84.07441,1.2694205e+07,0.0,1.564164e+06,0.0,40.37554,0.0,24.08876,1.524985e+06,0.0,6520.0,0.0002,472354.0,0.22785,4910.0,0.0,12.0,0.0,0.0,0.0,0.03204,6284.8,0.0,-6520.0,0.0002,263360.0,-0.15464,4910.0,0.0,12.0,0.0,0.0,0.0,0.0,0.0,0,0,0,0,WELL-00001_20170201010207.parquet,WELL-00001,0
0.0,1.0076654e+07,119.09507,1.5770725e+06,84.209984,1.2699193e+07,0.0,1.5641761e+06,0.0,40.375565,0.0,24.088894,1.5187359e+06,0.0,1572.5624,8.694436e-05,89910.61,0.070904434,1451.8018,0.0,3.516065,0.0,0.0,0.0,0.0,0.0,0.0,1.007454e+07,119.0949,1.342556e+06,84.07437,1.269674e+07,0.0,1.56417e+06,0.0,40.37535,0.0,24.061895,1.406696e+06,0.0,1.007962e+07,119.0952,1.742574e+06,84.31493,1.270164e+07,0.0,1.564182e+06,0.0,40.3758,0.0,24.1208,1.620694e+06,0.0,1.0076355e+07,119.0951,1.5743225e+06,84.22451,1.269919e+07,0.0,1.564176e+06,0.0,40.37554,0.0,24.08876,1.524985e+06,0.0,5080.0,0.0003,400018.0,0.24056,4900.0,0.0,12.0,0.0,0.0,0.0,0.03204,6284.8,0.0,-4000.0,0.0003,68719.0,0.14863,4900.0,0.0,12.0,0.0,0.0,0.0,0.0,0.0,0,0,0,0,WELL-00001_20170201010207.parquet,WELL-00001,0
0.0,1.0078166e+07,119.095345,1.4945074e+06,84.05691,1.270418e+07,0.0,1.5641881e+06,0.0,40.375565,0.0,24.088894,1.5187359e+06,0.0,1458.0276,8.911048e-05,74142.35,0.089216545,1451.5444,0.0,3.5645382,0.0,0.0,0.0,0.0,0.0,0.0,1.00757e+07,119.0952,1.359917e+06,83.90479,1.270173e+07,0.0,1.564182e+06,0.0,40.37535,0.0,24.061895,1.406696e+06,0.0,1.008063e+07,119.0955,1.678774e+06,84.21593,1.270663e+07,0.0,1.564194e+06,0.0,40.3758,0.0,24.1208,1.620694e+06,0.0,1.0078165e+07,119.0953,1.4920205e+06,84.05682,1.270418e+07,0.0,1.564188e+06,0.0,40.37554,0.0,24.08876,1.524985e+06,0.0,4930.0,0.0003,318857.0,0.31114,4900.0,0.0,12.0,0.0,0.0,0.0,0.03204,6284.8,0.0,4930.0,0.0003,-138534.0,-0.04531,4900.0,0.0,12.0,0.0,0.0,0.0,0.0,0.0,0,0,0,0,WELL-00001_20170201010207.parquet,WELL-00001,0
0.0,1.0083175e+07,119.09561,1.651939e+06,84.662506,1.2701998e+07,0.0,1.5642002e+06,0.0,40.375565,0.0,24.088894,1.5187359e+06,0.0,1457.7606,7.831199e-05,147951.77,0.2495574,4875.945,0.0,3.5323765,0.0,0.0,0.0,0.0,0.0,0.0,1.008071e+07,119.0955,1.414892e+06,84.18834,1.269292e+07,0.0,1.564194e+06,0.0,40.37535,0.0,24.061895,1.406696e+06,0.0,1.008564e+07,119.0957,2.042045e+06,84.96812,1.270788e+07,0.0,1.564206e+06,0.0,40.3758,0.0,24.1208,1.620694e+06,0.0,1.0083175e+07,119.0956,1.6146395e+06,84.71115,1.2702725e+07,0.0,1.5642e+06,0.0,40.37554,0.0,24.08876,1.524985e+06,0.0,4930.0,0.0002,627153.0,0.77978,14960.0,0.0,12.0,0.0,0.0,0.0,0.03204,6284.8,0.0,4930.0,0.0002,-49774.0,0.68079,-13800.0,0.0,12.0,0.0,0.0,0.0,0.0,0.0,0,0,0,0,WELL-00001_20170201010207.parquet,WELL-00001,0
0.0,1.0088182e+07,119.09589,1.5368089e+06,84.67896,1.2689311e+07,0.0,1.5642124e+06,0.0,40.375565,0.0,24.088894,1.5187359e+06,0.0,1457.7073,7.9617734e-05,85344.336,0.1004924,1050.7131,0.0,3.5358934,0.0,0.0,0.0,0.0,0.0,0.0,1.008572e+07,119.0958,1.417062e+06,84.56203,1.268793e+07,0.0,1.564206e+06,0.0,40.37535,0.0,24.061895,1.406696e+06,0.0,1.009064e+07,119.096,1.775849e+06,84.86253,1.269258e+07,0.0,1.564218e+06,0.0,40.3758,0.0,24.1208,1.620694e+06,0.0,1.008818e+07,119.0959,1.52263e+06,84.66786,1.268916e+07,0.0,1.5642125e+06,0.0,40.37554,0.0,24.08876,1.524985e+06,0.0,4920.0,0.0002,358787.0,0.3005,4650.0,0.0,12.0,0.0,0.0,0.0,0.03204,6284.8,0.0,4920.0,0.0002,14422.0,-0.3005,-2560.0,0.0,12.0,0.0,0.0,0.0,0.0,0.0,0,0,0,0,WELL-00001_20170201010207.parquet,WELL-00001,0
0.0,1.0092539e+07,119.09616,1.5226461e+06,84.561676,1.2691432e+07,0.0,1.5642245e+06,0.0,40.375565,0.0,24.088894,1.5187359e+06,0.0,1137.8069,9.013486e-05,89615.164,0.013184802,810.13,0.0,3.4811842,0.0,0.0,0.0,0.0,0.0,0.0,1.009044e+07,119.096,1.380894e+06,84.55038,1.269006e+07,0.0,1.564219e+06,0.0,40.37535,0.0,24.061895,1.406696e+06,0.0,1.009448e+07,119.0963,1.684706e+06,84.60578,1.26928e+07,0.0,1.56423e+06,0.0,40.3758,0.0,24.1208,1.620694e+06,0.0,1.0092525e+07,119.0962,1.530235e+06,84.557594,1.2691435e+07,0.0,1.5642245e+06,0.0,40.37554,0.0,24.08876,1.524985e+06,0.0,4040.0,0.0003,303812.0,0.0554,2740.0,0.0,11.0,0.0,0.0,0.0,0.03204,6284.8,0.0,-290.0,0.0003,149043.0,0.04401,2740.0,0.0,11.0,0.0,0.0,0.0,0.0,0.0,0,0,0,0,WELL-00001_20170201010207.parquet,WELL-00001,0
0.0,1.0081691e+07,119.096436,1.6778031e+06,84.72648,1.2694216e+07,0.0,1.5642365e+06,0.0,40.375565,0.0,24.088894,1.5187359e+06,0.0,4936.117,8.5700834e-05,36185.0,0.069108985,810.1398,0.0,3.5197587,0.0,0.0,0.0,0.0,0.0,0.0,1.007454e+07,119.0963,1.601519e+06,84.60974,1.269285e+07,0.0,1.564231e+06,0.0,40.37535,0.0,24.061895,1.406696e+06,0.0,1.009015e+07,119.0966,1.752701e+06,84.84322,1.269558e+07,0.0,1.564242e+06,0.0,40.3758,0.0,24.1208,1.620694e+06,0.0,1.0081615e+07,119.0964,1.6777205e+06,84.72648,1.2694215e+07,0.0,1.5642365e+06,0.0,40.37554,0.0,24.08876,1.524985e+06,0.0,15610.0,0.0003,151182.0,0.23348,2730.0,0.0,11.0,0.0,0.0,0.0,0.03204,6284.8,0.0,-15610.0,0.0003,59211.0,0.23348,2730.0,0.0,11.0,0.0,0.0,0.0,0.0,0.0,0,0,0,0,WELL-00001_20170201010207.parquet,WELL-00001,0
0.0,1.007454e+07,119.0967,1.5178219e+06,84.9446,1.2696999e+07,0.0,1.5642488e+06,0.0,40.375565,0.0,24.088894,1.5187359e+06,0.0,0.0,8.01834e-05,151469.55,0.0499668,810.2706,0.0,3.5044765,0.0,0.0,0.0,0.0,0.0,0.0,1.007454e+07,119.0966,1.169673e+06,84.84717,1.269563e+07,0.0,1.564243e+06,0.0,40.37535,0.0,24.061895,1.406696e+06,0.0,1.007454e+07,119.0968,1.743298e+06,85.02129,1.269837e+07,0.0,1.564255e+06,0.0,40.3758,0.0,24.1208,1.620694e+06,0.0,1.007454e+07,119.0967,1.5376065e+06,84.95149,1.2697e+07,0.0,1.564249e+06,0.0,40.37554,0.0,24.08876,1.524985e+06,0.0,0.0,0.0002,573625.0,0.17412,2740.0,0.0,12.0,0.0,0.0,0.0,0.03204,6284.8,0.0,0.0,0.0002,-149513.0,0.08867,2740.0,0.0,12.0,0.0,0.0,0.0,0.0,0.0,0,0,0,0,WELL-00001_20170201010207.parquet,WELL-00001,0
0.0,1.007454e+07,119.096985,1.6343071e+06,84.777725,1.2699783e+07,0.0,1.5642608e+06,0.0,40.375565,0.0,24.088894,1.5187359e+06,0.0,0.0,8.535403e-05,30462.459,0.080222964,810.3581,0.0,3.5044765,0.0,0.0,0.0,0.0,0.0,0.0,1.007454e+07,119.0968,1.571558e+06,84.6795,1.269841e+07,0.0,1.564255e+06,0.0,40.37535,0.0,24.061895,1.406696e+06,0.0,1.007454e+07,119.0971,1.686876e+06,84.93015,1.270115e+07,0.0,1.564267e+06,0.0,40.3758,0.0,24.1208,1.620694e+06,0.0,1.007454e+07,119.097,1.6373255e+06,84.7621,1.2699785e+07,0.0,1.564261e+06,0.0,40.37554,0.0,24.08876,1.524985e+06,0.0,0.0,0.0003,115318.0,0.25065,2740.0,0.0,12.0,0.0,0.0,0.0,0.03204,6284.8,0.0,0.0,0.0003,104757.0,-0.21889,2740.0,0.0,12.0,0.0,0.0,0.0,0.0,0.0,0,0,0,0,WELL-00001_20170201010207.parquet,WELL-00001,0
0.0,1.007454e+07,119.09725,1.6088551e+06,84.750626,1.2702567e+07,0.0,1.5642729e+06,0.0,40.375565,0.0,24.088894,1.5187359e+06,0.0,0.0,8.911048e-05,101954.41,0.039456308,810.3581,0.0,3.5502446,0.0,0.0,0.0,0.0,0.0,0.0,1.007454e+07,119.0971,1.384511e+06,84.63672,1.27012e+07,0.0,1.564267e+06,0.0,40.37535,0.0,24.061895,1.406696e+06,0.0,1.007454e+07,119.0974,1.828654e+06,84.80862,1.270394e+07,0.0,1.564279e+06,0.0,40.3758,0.0,24.1208,1.620694e+06,0.0,1.007454e+07,119.0973,1.6089425e+06,84.75465,1.2702565e+07,0.0,1.564273e+06,0.0,40.37554,0.0,24.08876,1.524985e+06,0.0,0.0,0.0003,444143.0,0.1719,2740.0,0.0,12.0,0.0,0.0,0.0,0.03204,6284.8,0.0,0.0,0.0003,-34118.0,-0.07665,2740.0,0.0,12.0,0.0,0.0,0.0,0.0,0.0,0,0,0,0,WELL-00001_20170201010207.parquet,WELL-00001,0
0.0,1.007454e+07,119.09752,1.5247766e+06,84.2874,1.270535e+07,0.0,1.5642849e+06,0.0,40.375565,0.0,24.088894,1.5187359e+06,0.0,0.0,8.252717e-05,139623.81,0.18185702,810.34827,0.0,3.5429168,0.0,0.0,0.0,0.0,0.0,0.0,1.007454e+07,119.0974,1.216692e+06,84.07188,1.270398e+07,0.0,1.564279e+06,0.0,40.37535,0.0,24.061895,1.406696e+06,0.0,1.007454e+07,119.0977,1.72232e+06,84.62444,1.270672e+07,0.0,1.564291e+06,0.0,40.3758,0.0,24.1208,1.620694e+06,0.0,1.007454e+07,119.0975,1.575874e+06,84.26221,1.270535e+07,0.0,1.564285e+06,0.0,40.37554,0.0,24.08876,1.524985e+06,0.0,0.0,0.0003,505628.0,0.55256,2740.0,0.0,12.0,0.0,0.0,0.0,0.03204,6284.8,0.0,0.0,0.0003,-251471.0,-0.52292,2740.0,0.0,12.0,0.0,0.0,0.0,0.0,0.0,0,0,0,0,WELL-00001_20170201010207.parquet,WELL-00001,0
0.0,1.007454e+07,119.09779,1.7069066e+06,84.152145,1.2704156e+07,0.0,1.564297e+06,0.0,40.375565,0.0,24.088894,1.5187359e+06,0.0,0.0,8.01834e-05,112662.6,0.028480127,3744.5896,0.0,3.5652118,0.0,0.0,0.0,0.0,0.0,0.0,1.007454e+07,119.0977,1.474931e+06,84.10364,1.269624e+07,0.0,1.564291e+06,0.0,40.37535,0.0,24.061895,1.406696e+06,0.0,1.007454e+07,119.0979,1.917627e+06,84.201,1.270788e+07,0.0,1.564303e+06,0.0,40.3758,0.0,24.1208,1.620694e+06,0.0,1.007454e+07,119.0978,1.681089e+06,84.15191,1.270605e+07,0.0,1.564297e+06,0.0,40.37554,0.0,24.08876,1.524985e+06,0.0,0.0,0.0002,442696.0,0.09736,11640.0,0.0,12.0,0.0,0.0,0.0,0.03204,6284.8,0.0,0.0,0.0002,396763.0,0.00543,-10530.0,0.0,12.0,0.0,0.0,0.0,0.0,0.0,0,0,0,0,WELL-00001_20170201010207.parquet,WELL-00001,0
0.0,1.007454e+07,119.098076,1.4349035e+06,83.94373,1.2690174e+07,0.0,1.5643091e+06,0.0,40.375565,0.0,24.088894,1.5187359e+06,0.0,0.0,8.561839e-05,197020.66,0.089501746,2198.5789,0.0,3.516065,0.0,0.0,0.0,0.0,0.0,0.0,1.007454e+07,119.0979,1.098784e+06,83.79085,1.268793e+07,0.0,1.564303e+06,0.0,40.37535,0.0,24.061895,1.406696e+06,0.0,1.007454e+07,119.0982,1.862507e+06,84.102,1.269591e+07,0.0,1.564315e+06,0.0,40.3758,0.0,24.1208,1.620694e+06,0.0,1.007454e+07,119.0981,1.4368545e+06,83.94289,1.2689345e+07,0.0,1.564309e+06,0.0,40.37554,0.0,24.08876,1.524985e+06,0.0,0.0,0.0003,763723.0,0.31115,7980.0,0.0,12.0,0.0,0.0,0.0,0.03204,6284.8,0.0,0.0,0.0003,-304061.0,-0.03962,-6040.0,0.0,12.0,0.0,0.0,0.0,0.0,0.0,0,0,0,0,WELL-00001_20170201010207.parquet,WELL-00001,0
0.0,1.007454e+07,119.09681,1.6554745e+06,84.5524,1.2691559e+07,0.0,1.5643212e+06,0.0,40.375565,0.0,24.088894,1.5187359e+06,0.0,0.0,0.0017483446,158037.92,0.24393903,967.55975,0.0,3.544511,0.0,0.0,0.0,0.0,0.0,0.0,1.007454e+07,119.0931,1.323025e+06,84.08048,1.268992e+07,0.0,1.564315e+06,0.0,40.37535,0.0,24.061895,1.406696e+06,0.0,1.007454e+07,119.0983,1.838781e+06,84.87698,1.269319e+07,0.0,1.564327e+06,0.0,40.3758,0.0,24.1208,1.620694e+06,0.0,1.007454e+07,119.09775,1.667634e+06,84.6145,1.269156e+07,0.0,1.564321e+06,0.0,40.37554,0.0,24.08876,1.524985e+06,0.0,0.0,0.0052,515756.0,0.7965,3270.0,0.0,12.0,0.0,0.0,0.0,0.03204,6284.8,0.0,0.0,-0.0051,-1186.0,0.60226,3270.0,0.0,12.0,0.0,0.0,0.0,0.0,0.0,0,0,0,0,WELL-00001_20170201010207.parquet,WELL-00001,0
0.0,1.007454e+07,119.08818,1.5943995e+06,84.30557,1.2694884e+07,0.0,1.5643332e+06,0.0,40.375565,0.0,24.088894,1.5187359e+06,0.0,0.0,0.0027932606,190803.44,0.20201492,967.7343,0.0,3.5044765,0.0,0.0,0.0,0.0,0.0,0.0,1.007454e+07,119.0835,1.17112e+06,84.04808,1.269325e+07,0.0,1.564327e+06,0.0,40.37535,0.0,24.061895,1.406696e+06,0.0,1.007454e+07,119.0929,1.924567e+06,84.66979,1.269652e+07,0.0,1.564339e+06,0.0,40.3758,0.0,24.1208,1.620694e+06,0.0,1.007454e+07,119.0882,1.564318e+06,84.28779,1.2694885e+07,0.0,1.564333e+06,0.0,40.37554,0.0,24.08876,1.524985e+06,0.0,0.0,0.0094,753447.0,0.62171,3270.0,0.0,12.0,0.0,0.0,0.0,0.03204,6284.8,0.0,0.0,-0.0094,357494.0,-0.62171,3270.0,0.0,12.0,0.0,0.0,0.0,0.0,0.0,0,0,0,0,WELL-00001_20170201010207.parquet,WELL-00001,0
0.0,1.007454e+07,119.0786,1.5252454e+06,83.98544,1.2698209e+07,0.0,1.5643454e+06,0.0,40.375565,0.0,24.088894,1.5187359e+06,0.0,0.0,0.0027944255,231446.5,0.038402434,967.5937,0.0,3.5762477,0.0,0.0,0.0,0.0,0.0,0.0,1.007454e+07,119.0739,1.149419e+06,83.91997,1.269657e+07,0.0,1.564339e+06,0.0,40.37535,0.0,24.061895,1.406696e+06,0.0,1.007454e+07,119.0833,2.012387e+06,84.05942,1.269984e+07,0.0,1.564351e+06,0.0,40.3758,0.0,24.1208,1.620694e+06,0.0,1.007454e+07,119.0786,1.528793e+06,83.98541,1.269821e+07,0.0,1.5643455e+06,0.0,40.37554,0.0,24.08876,1.524985e+06,0.0,0.0,0.0094,862968.0,0.13945,3270.0,0.0,12.0,0.0,0.0,0.0,0.03204,6284.8,0.0,0.0,-0.0094,-330930.0,0.01413,3270.0,0.0,12.0,0.0,0.0,0.0,0.0,0.0,0,0,0,0,WELL-00001_20170201010207.parquet,WELL-00001,0
0.0,1.007454e+07,119.06901,1.6162322e+06,84.32886,1.2701534e+07,0.0,1.5643575e+06,0.0,40.375565,0.0,24.088894,1.5187359e+06,0.0,0.0,0.0027860852,58323.566,0.13576789,967.77795,0.0,3.4811842,0.0,0.0,0.0,0.0,0.0,0.0,1.007454e+07,119.0643,1.434423e+06,84.06938,1.26999e+07,0.0,1.564352e+06,0.0,40.37535,0.0,24.061895,1.406696e+06,0.0,1.007454e+07,119.0737,1.744021e+06,84.52759,1.270317e+07,0.0,1.564363e+06,0.0,40.3758,0.0,24.1208,1.620694e+06,0.0,1.007454e+07,119.069,1.6177945e+06,84.36035,1.2701535e+07,0.0,1.5643575e+06,0.0,40.37554,0.0,24.08876,1.524985e+06,0.0,0.0,0.0094,309598.0,0.45821,3270.0,0.0,11.0,0.0,0.0,0.0,0.03204,6284.8,0.0,0.0,-0.0094,-176325.0,0.29308,3270.0,0.0,11.0,0.0,0.0,0.0,0.0,0.0,0,0,0,0,WELL-00001_20170201010207.parquet,WELL-00001,0
0.0,1.007454e+07,119.059425,1.4579336e+06,84.02879,1.2704858e+07,0.0,1.5643695e+06,0.0,40.375565,0.0,24.088894,1.5187359e+06,0.0,0.0,0.0027888012,78230.3,0.16421613,967.7684,0.0,3.5243704,0.0,0.0,0.0,0.0,0.0,0.0,1.007454e+07,119.0547,1.254306e+06,83.79085,1.270322e+07,0.0,1.564364e+06,0.0,40.37535,0.0,24.061895,1.406696e+06,0.0,1.007454e+07,119.0641,1.54148e+06,84.34975,1.270649e+07,0.0,1.564375e+06,0.0,40.3758,0.0,24.1208,1.620694e+06,0.0,1.007454e+07,119.0594,1.4883135e+06,83.991714,1.270486e+07,0.0,1.5643695e+06,0.0,40.37554,0.0,24.08876,1.524985e+06,0.0,0.0,0.0094,287174.0,0.5589,3270.0,0.0,11.0,0.0,0.0,0.0,0.03204,6284.8,0.0,0.0,-0.0094,121289.0,-0.34623,3270.0,0.0,11.0,0.0,0.0,0.0,0.0,0.0,0,0,0,0,WELL-00001_20170201010207.parquet,WELL-00001,0
0.0,1.007454e+07,119.04984,1.6405488e+06,84.394394,1.2705856e+07,0.0,1.5643818e+06,0.0,40.375565,0.0,24.088894,1.5187359e+06,0.0,0.0,0.0027955899,138279.02,0.19715197,1754.5427,0.0,3.5044765,0.0,0.0,0.0,0.0,0.0,0.0,1.007454e+07,119.0451,1.376843e+06,84.01769,1.270206e+07,0.0,1.564376e+06,0.0,40.37535,0.0,24.061895,1.406696e+06,0.0,1.007454e+07,119.0546,1.853248e+06,84.64153,1.270788e+07,0.0,1.564388e+06,0.0,40.3758,0.0,24.1208,1.620694e+06,0.0,1.007454e+07,119.04985,1.603282e+06,84.43594,1.270663e+07,0.0,1.564382e+06,0.0,40.37554,0.0,24.08876,1.524985e+06,0.0,0.0,0.0095,476405.0,0.62384,5820.0,0.0,12.0,0.0,0.0,0.0,0.03204,6284.8,0.0,0.0,-0.0095,-146734.0,0.52484,-4490.0,0.0,12.0,0.0,0.0,0.0,0.0,0.0,0,0,0,0,WELL-00001_20170201010207.parquet,WELL-00001,0
0.0,1.007454e+07,119.04025,1.5456209e+06,84.35967,1.269699e+07,0.0,1.5643938e+06,0.0,40.375565,0.0,24.088894,1.5187359e+06,0.0,0.0,0.002790506,144772.2,0.09285601,2903.3372,0.0,3.5575972,0.0,0.0,0.0,0.0,0.0,0.0,1.007454e+07,119.0355,1.301325e+06,84.23897,1.269209e+07,0.0,1.564388e+06,0.0,40.37535,0.0,24.061895,1.406696e+06,0.0,1.007454e+07,119.045,1.787423e+06,84.53593,1.270189e+07,0.0,1.5644e+06,0.0,40.3758,0.0,24.1208,1.620694e+06,0.0,1.007454e+07,119.04025,1.537321e+06,84.34126,1.269699e+07,0.0,1.564394e+06,0.0,40.37554,0.0,24.08876,1.524985e+06,0.0,0.0,0.0095,486098.0,0.29696,9800.0,0.0,12.0,0.0,0.0,0.0,0.03204,6284.8,0.0,0.0,-0.0095,323473.0,-0.24202,-9800.0,0.0,12.0,0.0,0.0,0.0,0.0,0.0,0,0,0,0,WELL-00001_20170201010207.parquet,WELL-00001,0
0.0,1.007454e+07,119.03067,1.563744e+06,84.424385,1.2689436e+07,0.0,1.5644059e+06,0.0,40.375565,0.0,24.088894,1.5187359e+06,0.0,0.0,0.0027880294,50527.27,0.08600979,1016.0658,0.0,3.516065,0.0,0.0,0.0,0.0,0.0,0.0,1.007454e+07,119.026,1.44021e+06,84.29784,1.268793e+07,0.0,1.5644e+06,0.0,40.37535,0.0,24.061895,1.406696e+06,0.0,1.007454e+07,119.0354,1.662807e+06,84.61562,1.269192e+07,0.0,1.564412e+06,0.0,40.3758,0.0,24.1208,1.620694e+06,0.0,1.007454e+07,119.03065,1.5843615e+06,84.4136,1.2689315e+07,0.0,1.564406e+06,0.0,40.37554,0.0,24.08876,1.524985e+06,0.0,0.0,0.0094,222597.0,0.31778,3990.0,0.0,12.0,0.0,0.0,0.0,0.03204,6284.8,0.0,0.0,-0.0094,-68280.0,0.31778,-1740.0,0.0,12.0,0.0,0.0,0.0,0.0,0.0,0,0,0,0,WELL-00001_20170201010207.parquet,WELL-00001,0
0.0,1.007454e+07,119.02202,1.6731599e+06,84.88778,1.2692144e+07,0.0,1.564418e+06,0.0,40.375565,0.0,24.088894,1.5187359e+06,0.0,0.0,0.001782193,55618.434,0.13706087,1123.7231,0.0,3.553108,0.0,0.0,0.0,0.0,0.0,0.0,1.007454e+07,119.0202,1.576925e+06,84.62571,1.269025e+07,0.0,1.564412e+06,0.0,40.37535,0.0,24.061895,1.406696e+06,0.0,1.007454e+07,119.0258,1.792486e+06,85.08965,1.269404e+07,0.0,1.564424e+06,0.0,40.3758,0.0,24.1208,1.620694e+06,0.0,1.007454e+07,119.0211,1.6708815e+06,84.91752,1.2692145e+07,0.0,1.564418e+06,0.0,40.37554,0.0,24.08876,1.524985e+06,0.0,0.0,0.0056,215561.0,0.46394,3790.0,0.0,12.0,0.0,0.0,0.0,0.03204,6284.8,0.0,0.0,-0.005,96006.0,0.29114,3790.0,0.0,12.0,0.0,0.0,0.0,0.0,0.0,0,0,0,0,WELL-00001_20170201010207.parquet,WELL-00001,0
0.0,1.007454e+07,119.02166,1.486466e+06,84.515045,1.2696006e+07,0.0,1.5644301e+06,0.0,40.375565,0.0,24.088894,1.5187359e+06,0.0,0.0,0.00046402804,236605.77,0.2265618,1123.8978,0.0,3.516065,0.0,0.0,0.0,0.0,0.0,0.0,1.007454e+07,119.0209,1.150142e+06,84.18581,1.269411e+07,0.0,1.564424e+06,0.0,40.37535,0.0,24.061895,1.406696e+06,0.0,1.007454e+07,119.0224,1.816357e+06,84.90356,1.26979e+07,0.0,1.564436e+06,0.0,40.3758,0.0,24.1208,1.620694e+06,0.0,1.007454e+07,119.02165,1.4713805e+06,84.51145,1.2696005e+07,0.0,1.56443e+06,0.0,40.37554,0.0,24.08876,1.524985e+06,0.0,0.0,0.0015,666215.0,0.71775,3790.0,0.0,12.0,0.0,0.0,0.0,0.03204,6284.8,0.0,0.0,0.0015,-360023.0,-0.71242,3790.0,0.0,12.0,0.0,0.0,0.0,0.0,0.0,0,0,0,0,WELL-00001_20170201010207.parquet,WELL-00001,0
0.0,1.007454e+07,119.02327,1.6196901e+06,84.22369,1.2699867e+07,0.0,1.5644421e+06,0.0,40.375565,0.0,24.088894,1.5187359e+06,0.0,0.0,0.00046674738,172979.64,0.01863628,1123.8784,0.0,3.516065,0.0,0.0,0.0,0.0,0.0,0.0,1.007454e+07,119.0225,1.349001e+06,84.19221,1.269797e+07,0.0,1.564436e+06,0.0,40.37535,0.0,24.061895,1.406696e+06,0.0,1.007454e+07,119.0241,1.975496e+06,84.25517,1.270177e+07,0.0,1.564448e+06,0.0,40.3758,0.0,24.1208,1.620694e+06,0.0,1.007454e+07,119.0233,1.5912555e+06,84.22369,1.2699865e+07,0.0,1.564442e+06,0.0,40.37554,0.0,24.08876,1.524985e+06,0.0,0.0,0.0016,626495.0,0.06296,3800.0,0.0,12.0,0.0,0.0,0.0,0.03204,6284.8,0.0,0.0,0.0016,227779.0,0.06296,3800.0,0.0,12.0,0.0,0.0,0.0,0.0,0.0,0,0,0,0,WELL-00001_20170201010207.parquet,WELL-00001,0
0.0,1.007454e+07,119.02487,1.5627212e+06,84.28961,1.2703728e+07,0.0,1.5644542e+06,0.0,40.375565,0.0,24.088894,1.5187359e+06,0.0,0.0,0.0004692192,96962.3,0.022954877,1123.9414,0.0,3.5044765,0.0,0.0,0.0,0.0,0.0,0.0,1.007454e+07,119.0241,1.35847e+06,84.25623,1.270183e+07,0.0,1.564448e+06,0.0,40.37535,0.0,24.061895,1.406696e+06,0.0,1.007454e+07,119.0257,1.762105e+06,84.36473,1.270563e+07,0.0,1.56446e+06,0.0,40.3758,0.0,24.1208,1.620694e+06,0.0,1.007454e+07,119.0249,1.547205e+06,84.28771,1.270373e+07,0.0,1.564454e+06,0.0,40.37554,0.0,24.08876,1.524985e+06,0.0,0.0,0.0016,403635.0,0.1085,3800.0,0.0,12.0,0.0,0.0,0.0,0.03204,6284.8,0.0,0.0,0.0016,-93714.0,0.1085,3800.0,0.0,12.0,0.0,0.0,0.0,0.0,0.0,0,0,0,0,WELL-00001_20170201010207.parquet,WELL-00001,0
0.0,1.007454e+07,119.026474,1.6914802e+06,84.7428,1.270664e+07,0.0,1.5644662e+06,0.0,40.375565,0.0,24.088894,1.5187359e+06,0.0,0.0,0.0004697968,90804.86,0.2147447,742.3896,0.0,3.5044765,0.0,0.0,0.0,0.0,0.0,0.0,1.007454e+07,119.0257,1.519551e+06,84.37718,1.270511e+07,0.0,1.56446e+06,0.0,40.37535,0.0,24.061895,1.406696e+06,0.0,1.007454e+07,119.0273,1.825037e+06,85.07445,1.270788e+07,0.0,1.564472e+06,0.0,40.3758,0.0,24.1208,1.620694e+06,0.0,1.007454e+07,119.0265,1.726637e+06,84.74449,1.270666e+07,0.0,1.564466e+06,0.0,40.37554,0.0,24.08876,1.524985e+06,0.0,0.0,0.0016,305486.0,0.69727,2770.0,0.0,12.0,0.0,0.0,0.0,0.03204,6284.8,0.0,0.0,0.0016,253579.0,0.68391,-580.0,0.0,12.0,0.0,0.0,0.0,0.0,0.0,0,0,0,0,WELL-00001_20170201010207.parquet,WELL-00001,0
0.0,1.007452e+07,119.028076,1.5887782e+06,84.91366,1.2701728e+07,0.0,1.5644784e+06,0.0,40.375565,0.0,24.088894,1.5187359e+06,0.0,74.56086,0.00046627506,202587.42,0.10438407,1935.6321,0.0,3.5384889,0.0,0.0,0.0,0.0,0.0,0.0,1.007414e+07,119.0273,1.225372e+06,84.56123,1.269846e+07,0.0,1.564472e+06,0.0,40.37535,0.0,24.061895,1.406696e+06,0.0,1.007454e+07,119.0289,1.832994e+06,85.05664,1.2705e+07,0.0,1.564484e+06,0.0,40.3758,0.0,24.1208,1.620694e+06,0.0,1.007454e+07,119.0281,1.6370295e+06,84.92529,1.2701725e+07,0.0,1.564478e+06,0.0,40.37554,0.0,24.08876,1.524985e+06,0.0,400.0,0.0016,607622.0,0.49541,6540.0,0.0,12.0,0.0,0.0,0.0,0.03204,6284.8,0.0,-400.0,0.0016,-466393.0,-0.49541,-6540.0,0.0,12.0,0.0,0.0,0.0,0.0,0.0,0,0,0,0,WELL-00001_20170201010207.parquet,WELL-00001,0
0.0,1.0071703e+07,119.029686,1.5591128e+06,84.03526,1.2695078e+07,0.0,1.5644905e+06,0.0,40.375565,0.0,24.088894,1.5187359e+06,0.0,1393.4742,0.0004680166,130161.305,0.18373612,1935.7728,0.0,3.5102353,0.0,0.0,0.0,0.0,0.0,0.0,1.006935e+07,119.0289,1.3278e+06,83.74529,1.269181e+07,0.0,1.564485e+06,0.0,40.37535,0.0,24.061895,1.406696e+06,0.0,1.007406e+07,119.0305,1.819974e+06,84.51023,1.269835e+07,0.0,1.564497e+06,0.0,40.3758,0.0,24.1208,1.620694e+06,0.0,1.00717e+07,119.0297,1.536949e+06,84.02441,1.2695075e+07,0.0,1.5644905e+06,0.0,40.37554,0.0,24.08876,1.524985e+06,0.0,4710.0,0.0016,492174.0,0.76494,6540.0,0.0,12.0,0.0,0.0,0.0,0.03204,6284.8,0.0,-4710.0,0.0016,276021.0,-0.26366,-6540.0,0.0,12.0,0.0,0.0,0.0,0.0,0.0,0,0,0,0,WELL-00001_20170201010207.parquet,WELL-00001,0
0.0,1.0066915e+07,119.03128,1.7109629e+06,84.66287,1.2689929e+07,0.0,1.5645026e+06,0.0,40.375565,0.0,24.088894,1.5187359e+06,0.0,1392.7798,0.0004680166,193705.02,0.26003918,1171.281,0.0,3.5502446,0.0,0.0,0.0,0.0,0.0,0.0,1.006456e+07,119.0305,1.491568e+06,84.25796,1.268793e+07,0.0,1.564497e+06,0.0,40.37535,0.0,24.061895,1.406696e+06,0.0,1.006927e+07,119.0321,2.201908e+06,85.11367,1.269209e+07,0.0,1.564509e+06,0.0,40.3758,0.0,24.1208,1.620694e+06,0.0,1.006691e+07,119.0313,1.651684e+06,84.654526,1.268992e+07,0.0,1.564503e+06,0.0,40.37554,0.0,24.08876,1.524985e+06,0.0,4710.0,0.0016,710340.0,0.85571,4160.0,0.0,12.0,0.0,0.0,0.0,0.03204,6284.8,0.0,-4710.0,0.0016,389299.0,0.85571,390.0,0.0,12.0,0.0,0.0,0.0,0.0,0.0,0,0,0,0,WELL-00001_20170201010207.parquet,WELL-00001,0
0.0,1.0062127e+07,119.03289,1.4681579e+06,84.58845,1.2697156e+07,0.0,1.5645148e+06,0.0,40.375565,0.0,24.088894,1.5187359e+06,0.0,1393.2606,0.0004682097,189791.33,0.5405427,2903.4487,0.0,3.5044765,0.0,0.0,0.0,0.0,0.0,0.0,1.005977e+07,119.0321,1.133505e+06,84.05632,1.269225e+07,0.0,1.564509e+06,0.0,40.37535,0.0,24.061895,1.406696e+06,0.0,1.006448e+07,119.0337,1.966816e+06,85.37827,1.270206e+07,0.0,1.564521e+06,0.0,40.3758,0.0,24.1208,1.620694e+06,0.0,1.006213e+07,119.0329,1.465692e+06,84.39848,1.2697155e+07,0.0,1.564515e+06,0.0,40.37554,0.0,24.08876,1.524985e+06,0.0,4710.0,0.0016,833311.0,1.32195,9810.0,0.0,12.0,0.0,0.0,0.0,0.03204,6284.8,0.0,-4710.0,0.0016,-374503.0,-1.07291,9810.0,0.0,12.0,0.0,0.0,0.0,0.0,0.0,0,0,0,0,WELL-00001_20170201010207.parquet,WELL-00001,0
0.0,1.0057339e+07,119.03449,1.5889196e+06,84.07414,1.2704429e+07,0.0,1.5645269e+06,0.0,40.375565,0.0,24.088894,1.5187359e+06,0.0,1394.3531,0.0004695081,82290.586,0.04715768,2158.96,0.0,3.5502446,0.0,0.0,0.0,0.0,0.0,0.0,1.005499e+07,119.0337,1.430806e+06,84.03391,1.269957e+07,0.0,1.564521e+06,0.0,40.37535,0.0,24.061895,1.406696e+06,0.0,1.005969e+07,119.0353,1.702789e+06,84.19565,1.270788e+07,0.0,1.564533e+06,0.0,40.3758,0.0,24.1208,1.620694e+06,0.0,1.005734e+07,119.0345,1.597409e+06,84.051025,1.270455e+07,0.0,1.564527e+06,0.0,40.37554,0.0,24.08876,1.524985e+06,0.0,4700.0,0.0016,271983.0,0.16174,8310.0,0.0,12.0,0.0,0.0,0.0,0.03204,6284.8,0.0,-4700.0,0.0016,620.0,0.13996,-2660.0,0.0,12.0,0.0,0.0,0.0,0.0,0.0,0,0,0,0,WELL-00001_20170201010207.parquet,WELL-00001,0
0.0,1.0054603e+07,119.036095,1.6815456e+06,84.39377,1.2693027e+07,0.0,1.5645389e+06,0.0,40.375565,0.0,24.088894,1.5187359e+06,0.0,54.50833,0.0004692192,55864.566,0.10737876,3092.3462,0.0,3.516065,0.0,0.0,0.0,0.0,0.0,0.0,1.005459e+07,119.0353,1.589945e+06,84.20239,1.268793e+07,0.0,1.564533e+06,0.0,40.37535,0.0,24.061895,1.406696e+06,0.0,1.00549e+07,119.0369,1.809847e+06,84.53624,1.269923e+07,0.0,1.564545e+06,0.0,40.3758,0.0,24.1208,1.620694e+06,0.0,1.005459e+07,119.0361,1.677403e+06,84.4012,1.269292e+07,0.0,1.564539e+06,0.0,40.37554,0.0,24.08876,1.524985e+06,0.0,310.0,0.0016,219902.0,0.33385,11300.0,0.0,12.0,0.0,0.0,0.0,0.03204,6284.8,0.0,-310.0,0.0016,71498.0,0.33385,-2990.0,0.0,12.0,0.0,0.0,0.0,0.0,0.0,0,0,0,0,WELL-00001_20170201010207.parquet,WELL-00001,0
0.0,1.005459e+07,119.037704,1.6607491e+06,84.56165,1.2703681e+07,0.0,1.564551e+06,0.0,40.375565,0.0,24.088894,1.5187359e+06,0.0,0.0,0.00047066188,75857.63,0.04629289,3211.2327,0.0,3.596098,0.0,0.0,0.0,0.0,0.0,0.0,1.005459e+07,119.0369,1.477561e+06,84.41747,1.269657e+07,0.0,1.564545e+06,0.0,40.37535,0.0,24.061895,1.406696e+06,0.0,1.005459e+07,119.0385,1.786699e+06,84.61874,1.270788e+07,0.0,1.564557e+06,0.0,40.3758,0.0,24.1208,1.620694e+06,0.0,1.005459e+07,119.0377,1.6631135e+06,84.57016,1.270455e+07,0.0,1.564551e+06,0.0,40.37554,0.0,24.08876,1.524985e+06,0.0,0.0,0.0016,309138.0,0.20127,11310.0,0.0,12.0,0.0,0.0,0.0,0.03204,6284.8,0.0,0.0,0.0016,-174304.0,-0.1206,7150.0,0.0,12.0,0.0,0.0,0.0,0.0,0.0,0,0,0,0,WELL-00001_20170201010207.parquet,WELL-00001,0
0.0,1.005459e+07,119.03931,1.5147952e+06,84.06792,1.2698652e+07,0.0,1.5645631e+06,0.0,40.375565,0.0,24.088894,1.5187359e+06,0.0,0.0,0.00046790796,108103.07,0.17191672,2903.4875,0.0,3.516065,0.0,0.0,0.0,0.0,0.0,0.0,1.005459e+07,119.0385,1.26805e+06,83.81364,1.269375e+07,0.0,1.564557e+06,0.0,40.37535,0.0,24.061895,1.406696e+06,0.0,1.005459e+07,119.0401,1.666621e+06,84.40405,1.270356e+07,0.0,1.564569e+06,0.0,40.3758,0.0,24.1208,1.620694e+06,0.0,1.005459e+07,119.0393,1.5452875e+06,84.03505,1.2698655e+07,0.0,1.564563e+06,0.0,40.37554,0.0,24.08876,1.524985e+06,0.0,0.0,0.0016,398571.0,0.59041,9810.0,0.0,12.0,0.0,0.0,0.0,0.03204,6284.8,0.0,0.0,0.0016,136597.0,-0.34388,-9810.0,0.0,12.0,0.0,0.0,0.0,0.0,0.0,0,0,0,0,WELL-00001_20170201010207.parquet,WELL-00001,0
0.0,1.005459e+07,119.04091,1.6586574e+06,84.52863,1.2691379e+07,0.0,1.5645751e+06,0.0,40.375565,0.0,24.088894,1.5187359e+06,0.0,0.0,0.0004682097,98363.445,0.2443961,2159.0283,0.0,3.5645382,0.0,0.0,0.0,0.0,0.0,0.0,1.005459e+07,119.0401,1.491568e+06,84.07661,1.268793e+07,0.0,1.564569e+06,0.0,40.37535,0.0,24.061895,1.406696e+06,0.0,1.005459e+07,119.0417,1.864099e+06,84.81621,1.269624e+07,0.0,1.564581e+06,0.0,40.3758,0.0,24.1208,1.620694e+06,0.0,1.005459e+07,119.0409,1.6536525e+06,84.56146,1.269125e+07,0.0,1.564575e+06,0.0,40.37554,0.0,24.08876,1.524985e+06,0.0,0.0,0.0016,372531.0,0.7396,8310.0,0.0,12.0,0.0,0.0,0.0,0.03204,6284.8,0.0,0.0,0.0016,134808.0,0.70708,2660.0,0.0,12.0,0.0,0.0,0.0,0.0,0.0,0,0,0,0,WELL-00001_20170201010207.parquet,WELL-00001,0
0.0,1.005459e+07,119.04252,1.5493358e+06,84.71286,1.2704012e+07,0.0,1.5645872e+06,0.0,40.375565,0.0,24.088894,1.5187359e+06,0.0,0.0,0.00046825496,99122.14,0.040560696,3387.304,0.0,3.5323765,0.0,0.0,0.0,0.0,0.0,0.0,1.005459e+07,119.0417,1.289028e+06,84.64434,1.269657e+07,0.0,1.564581e+06,0.0,40.37535,0.0,24.061895,1.406696e+06,0.0,1.005459e+07,119.0433,1.751797e+06,84.78137,1.270788e+07,0.0,1.564593e+06,0.0,40.3758,0.0,24.1208,1.620694e+06,0.0,1.005459e+07,119.0425,1.555772e+06,84.71285,1.2705505e+07,0.0,1.564587e+06,0.0,40.37554,0.0,24.08876,1.524985e+06,0.0,0.0,0.0016,462769.0,0.13703,11310.0,0.0,12.0,0.0,0.0,0.0,0.03204,6284.8,0.0,0.0,0.0016,35658.0,-0.13703,8680.0,0.0,12.0,0.0,0.0,0.0,0.0,0.0,0,0,0,0,WELL-00001_20170201010207.parquet,WELL-00001,0
0.0,1.005459e+07,119.04412,1.6571031e+06,84.55916,1.270205e+07,0.0,1.5645994e+06,0.0,40.375565,0.0,24.088894,1.5187359e+06,0.0,0.0,0.0004692192,156025.48,0.06639068,1833.8207,0.0,3.5358934,0.0,0.0,0.0,0.0,0.0,0.0,1.005459e+07,119.0433,1.34979e+06,84.38197,1.269895e+07,0.0,1.564593e+06,0.0,40.37535,0.0,24.061895,1.406696e+06,0.0,1.005459e+07,119.0449,1.962476e+06,84.64202,1.270515e+07,0.0,1.564605e+06,0.0,40.3758,0.0,24.1208,1.620694e+06,0.0,1.005459e+07,119.0441,1.678856e+06,84.57351,1.270205e+07,0.0,1.5645995e+06,0.0,40.37554,0.0,24.08876,1.524985e+06,0.0,0.0,0.0016,612686.0,0.26005,6200.0,0.0,12.0,0.0,0.0,0.0,0.03204,6284.8,0.0,0.0,0.0016,17186.0,-0.26005,-6200.0,0.0,12.0,0.0,0.0,0.0,0.0,0.0,0,0,0,0,WELL-00001_20170201010207.parquet,WELL-00001,0
0.0,1.005459e+07,119.04572,1.4989232e+06,84.06886,1.269575e+07,0.0,1.5646115e+06,0.0,40.375565,0.0,24.088894,1.5187359e+06,0.0,0.0,0.00046627506,203971.28,0.15451941,1833.8207,0.0,3.4811842,0.0,0.0,0.0,0.0,0.0,0.0,1.005459e+07,119.0449,1.066233e+06,83.85161,1.269265e+07,0.0,1.564606e+06,0.0,40.37535,0.0,24.061895,1.406696e+06,0.0,1.005459e+07,119.0465,1.848908e+06,84.37019,1.269885e+07,0.0,1.564617e+06,0.0,40.3758,0.0,24.1208,1.620694e+06,0.0,1.005459e+07,119.0457,1.5156e+06,84.02545,1.269575e+07,0.0,1.5646115e+06,0.0,40.37554,0.0,24.08876,1.524985e+06,0.0,0.0,0.0016,782675.0,0.51858,6200.0,0.0,11.0,0.0,0.0,0.0,0.03204,6284.8,0.0,0.0,0.0016,-151201.0,-0.34768,-6200.0,0.0,11.0,0.0,0.0,0.0,0.0,0.0,0,0,0,0,WELL-00001_20170201010207.parquet,WELL-00001,0
0.0,1.005459e+07,119.047325,1.5917712e+06,84.33724,1.2689661e+07,0.0,1.5646235e+06,0.0,40.375565,0.0,24.088894,1.5187359e+06,0.0,0.0,0.00047043676,140025.33,0.15902448,1560.0096,0.0,3.5243704,0.0,0.0,0.0,0.0,0.0,0.0,1.005459e+07,119.0465,1.219585e+06,84.0339,1.268793e+07,0.0,1.564618e+06,0.0,40.37535,0.0,24.061895,1.406696e+06,0.0,1.005459e+07,119.0481,1.787423e+06,84.53519,1.269255e+07,0.0,1.564629e+06,0.0,40.3758,0.0,24.1208,1.620694e+06,0.0,1.005459e+07,119.0473,1.6114855e+06,84.36999,1.268945e+07,0.0,1.5646235e+06,0.0,40.37554,0.0,24.08876,1.524985e+06,0.0,0.0,0.0016,567838.0,0.50129,4620.0,0.0,11.0,0.0,0.0,0.0,0.03204,6284.8,0.0,0.0,0.0016,-297748.0,0.42658,-4620.0,0.0,11.0,0.0,0.0,0.0,0.0,0.0,0,0,0,0,WELL-00001_20170201010207.parquet,WELL-00001,0
0.0,1.005459e+07,119.04893,1.4830211e+06,84.33059,1.268793e+07,0.0,1.5646358e+06,0.0,40.375565,0.0,24.088894,1.5187359e+06,0.0,0.0,0.00046878855,88541.77,0.06467734,0.0,0.0,3.5044765,0.0,0.0,0.0,0.0,0.0,0.0,1.005459e+07,119.0481,1.283964e+06,84.23138,1.268793e+07,0.0,1.56463e+06,0.0,40.37535,0.0,24.061895,1.406696e+06,0.0,1.005459e+07,119.0497,1.644921e+06,84.4555,1.268793e+07,0.0,1.564642e+06,0.0,40.3758,0.0,24.1208,1.620694e+06,0.0,1.005459e+07,119.0489,1.5036155e+06,84.32178,1.268793e+07,0.0,1.564636e+06,0.0,40.37554,0.0,24.08876,1.524985e+06,0.0,0.0,0.0016,360957.0,0.22412,0.0,0.0,12.0,0.0,0.0,0.0,0.03204,6284.8,0.0,0.0,0.0016,94629.0,-0.11778,0.0,0.0,12.0,0.0,0.0,0.0,0.0,0.0,0,0,0,0,WELL-00001_20170201010207.parquet,WELL-00001,0
0.0,1.005459e+07,119.05054,1.5475076e+06,84.55847,1.268793e+07,0.0,1.5646478e+06,0.0,40.375565,0.0,24.088894,1.5187359e+06,0.0,0.0,0.00046680486,159861.1,0.11791752,0.0,0.0,3.5044765,0.0,0.0,0.0,0.0,0.0,0.0,1.005459e+07,119.0497,1.310728e+06,84.34531,1.268793e+07,0.0,1.564642e+06,0.0,40.37535,0.0,24.061895,1.406696e+06,0.0,1.005459e+07,119.0513,1.838781e+06,84.70627,1.268793e+07,0.0,1.564654e+06,0.0,40.3758,0.0,24.1208,1.620694e+06,0.0,1.005459e+07,119.05055,1.5436505e+06,84.56937,1.268793e+07,0.0,1.564648e+06,0.0,40.37554,0.0,24.08876,1.524985e+06,0.0,0.0,0.0016,528053.0,0.36096,0.0,0.0,12.0,0.0,0.0,0.0,0.03204,6284.8,0.0,0.0,0.0016,-40706.0,0.36096,0.0,0.0,12.0,0.0,0.0,0.0,0.0,0.0,0,0,0,0,WELL-00001_20170201010207.parquet,WELL-00001,0
0.0,1.005459e+07,119.05214,1.6707024e+06,84.73762,1.268793e+07,0.0,1.5646599e+06,0.0,40.375565,0.0,24.088894,1.5187359e+06,0.0,0.0,0.00046402804,198405.84,0.019415744,0.0,0.0,3.5485334,0.0,0.0,0.0,0.0,0.0,0.0,1.005459e+07,119.0514,1.26371e+06,84.6991,1.268793e+07,0.0,1.564654e+06,0.0,40.37535,0.0,24.061895,1.406696e+06,0.0,1.005459e+07,119.0529,1.940051e+06,84.77065,1.268793e+07,0.0,1.564666e+06,0.0,40.3758,0.0,24.1208,1.620694e+06,0.0,1.005459e+07,119.05215,1.655409e+06,84.7377,1.268793e+07,0.0,1.56466e+06,0.0,40.37554,0.0,24.08876,1.524985e+06,0.0,0.0,0.0015,676341.0,0.07155,0.0,0.0,12.0,0.0,0.0,0.0,0.03204,6284.8,0.0,0.0,0.0015,-142743.0,-0.00853,0.0,0.0,12.0,0.0,0.0,0.0,0.0,0.0,0,0,0,0,WELL-00001_20170201010207.parquet,WELL-00001,0
0.0,1.005459e+07,119.05374,1.6157572e+06,84.526474,1.268793e+07,0.0,1.5646719e+06,0.0,40.375565,0.0,24.088894,1.5187359e+06,0.0,0.0,0.00046772682,200687.11,0.10558881,0.0,0.0,3.5429168,0.0,0.0,0.0,0.0,0.0,0.0,1.005459e+07,119.053,1.205407e+06,84.25466,1.268793e+07,0.0,1.564666e+06,0.0,40.37535,0.0,24.061895,1.406696e+06,0.0,1.005459e+07,119.0545,1.958136e+06,84.6936,1.268793e+07,0.0,1.564678e+06,0.0,40.3758,0.0,24.1208,1.620694e+06,0.0,1.005459e+07,119.05375,1.610716e+06,84.53123,1.268793e+07,0.0,1.564672e+06,0.0,40.37554,0.0,24.08876,1.524985e+06,0.0,0.0,0.0015,752729.0,0.43894,0.0,0.0,12.0,0.0,0.0,0.0,0.03204,6284.8,0.0,0.0,0.0015,-175487.0,-0.43894,0.0,0.0,12.0,0.0,0.0,0.0,0.0,0.0,0,0,0,0,WELL-00001_20170201010207.parquet,WELL-00001,0
0.0,1.005459e+07,119.05534,1.4356405e+06,83.70455,1.268793e+07,0.0,1.564684e+06,0.0,40.375565,0.0,24.088894,1.5187359e+06,0.0,0.0,0.0004655839,188629.1,0.23124716,0.0,0.0,3.5652118,0.0,0.0,0.0,0.0,0.0,0.0,1.005459e+07,119.0546,1.069126e+06,83.33513,1.268793e+07,0.0,1.564678e+06,0.0,40.37535,0.0,24.061895,1.406696e+06,0.0,1.005459e+07,119.0561,1.731724e+06,84.2206,1.268793e+07,0.0,1.56469e+06,0.0,40.3758,0.0,24.1208,1.620694e+06,0.0,1.005459e+07,119.05535,1.441923e+06,83.69008,1.268793e+07,0.0,1.564684e+06,0.0,40.37554,0.0,24.08876,1.524985e+06,0.0,0.0,0.0015,662598.0,0.88547,0.0,0.0,12.0,0.0,0.0,0.0,0.03204,6284.8,0.0,0.0,0.0015,471775.0,-0.28479,0.0,0.0,12.0,0.0,0.0,0.0,0.0,0.0,0,0,0,0,WELL-00001_20170201010207.parquet,WELL-00001,0
0.0,1.005459e+07,119.05695,1.605014e+06,84.43411,1.268793e+07,0.0,1.5646961e+06,0.0,40.375565,0.0,24.088894,1.5187359e+06,0.0,0.0,0.0004655839,64190.227,0.2587013,0.0,0.0,3.516065,0.0,0.0,0.0,0.0,0.0,0.0,1.005459e+07,119.0562,1.510376e+06,83.95402,1.268793e+07,0.0,1.56469e+06,0.0,40.37535,0.0,24.061895,1.406696e+06,0.0,1.005459e+07,119.0577,1.754986e+06,84.83837,1.268793e+07,0.0,1.564702e+06,0.0,40.3758,0.0,24.1208,1.620694e+06,0.0,1.005459e+07,119.05695,1.59427e+06,84.461205,1.268793e+07,0.0,1.564696e+06,0.0,40.37554,0.0,24.08876,1.524985e+06,0.0,0.0,0.0015,244610.0,0.88435,0.0,0.0,12.0,0.0,0.0,0.0,0.03204,6284.8,0.0,0.0,0.0015,119831.0,0.88435,0.0,0.0,12.0,0.0,0.0,0.0,0.0,0.0,0,0,0,0,WELL-00001_20170201010207.parquet,WELL-00001,0
0.0,1.005459e+07,119.058556,1.6043625e+06,84.933266,1.268793e+07,0.0,1.5647082e+06,0.0,40.375565,0.0,24.088894,1.5187359e+06,0.0,0.0,0.00046914697,191770.2,0.1465873,0.0,0.0,3.544511,0.0,0.0,0.0,0.0,0.0,0.0,1.005459e+07,119.0578,1.346173e+06,84.62198,1.268793e+07,0.0,1.564702e+06,0.0,40.37535,0.0,24.061895,1.406696e+06,0.0,1.005459e+07,119.0594,1.839504e+06,85.158,1.268793e+07,0.0,1.564714e+06,0.0,40.3758,0.0,24.1208,1.620694e+06,0.0,1.005459e+07,119.05855,1.600434e+06,84.94852,1.268793e+07,0.0,1.564708e+06,0.0,40.37554,0.0,24.08876,1.524985e+06,0.0,0.0,0.0016,493331.0,0.53602,0.0,0.0,12.0,0.0,0.0,0.0,0.03204,6284.8,0.0,0.0,0.0016,-260281.0,-0.22918,0.0,0.0,12.0,0.0,0.0,0.0,0.0,0.0,0,0,0,0,WELL-00001_20170201010207.parquet,WELL-00001,0
0.0,1.005459e+07,119.060394,1.4905084e+06,84.27159,1.268793e+07,0.0,1.5647202e+06,0.0,40.375565,0.0,24.088894,1.5187359e+06,0.0,0.0,0.00059672125,189387.73,0.15018132,0.0,0.0,3.5044765,0.0,0.0,0.0,0.0,0.0,0.0,1.005459e+07,119.0594,1.127718e+06,84.10327,1.268793e+07,0.0,1.564714e+06,0.0,40.37535,0.0,24.061895,1.406696e+06,0.0,1.005459e+07,119.0614,1.860482e+06,84.60666,1.268793e+07,0.0,1.564726e+06,0.0,40.3758,0.0,24.1208,1.620694e+06,0.0,1.005459e+07,119.0604,1.526544e+06,84.20783,1.268793e+07,0.0,1.56472e+06,0.0,40.37554,0.0,24.08876,1.524985e+06,0.0,0.0,0.002,732764.0,0.50339,0.0,0.0,12.0,0.0,0.0,0.0,0.03204,6284.8,0.0,0.0,0.002,48602.0,-0.50339,0.0,0.0,12.0,0.0,0.0,0.0,0.0,0.0,0,0,0,0,WELL-00001_20170201010207.parquet,WELL-00001,0
0.0,1.005459e+07,119.062416,1.6807394e+06,84.19083,1.268793e+07,0.0,1.5647324e+06,0.0,40.375565,0.0,24.088894,1.5187359e+06,0.0,0.0,0.0005834342,58854.582,0.17059818,0.0,0.0,3.5762477,0.0,0.0,0.0,0.0,0.0,0.0,1.005459e+07,119.0614,1.565276e+06,84.01111,1.268793e+07,0.0,1.564726e+06,0.0,40.37535,0.0,24.061895,1.406696e+06,0.0,1.005459e+07,119.0634,1.742574e+06,84.56146,1.268793e+07,0.0,1.564738e+06,0.0,40.3758,0.0,24.1208,1.620694e+06,0.0,1.005459e+07,119.0624,1.701856e+06,84.09795,1.268793e+07,0.0,1.5647325e+06,0.0,40.37554,0.0,24.08876,1.524985e+06,0.0,0.0,0.002,177298.0,0.55035,0.0,0.0,12.0,0.0,0.0,0.0,0.03204,6284.8,0.0,0.0,0.002,110329.0,0.46174,0.0,0.0,12.0,0.0,0.0,0.0,0.0,0.0,0,0,0,0,WELL-00001_20170201010207.parquet,WELL-00001,0
0.0,1.005459e+07,119.064445,1.6640252e+06,84.78749,1.2688139e+07,0.0,1.5647445e+06,0.0,40.375565,0.0,24.088894,1.5187359e+06,0.0,0.0,0.0005843993,145706.3,0.122975945,431.29236,0.0,3.4811842,0.0,0.0,0.0,0.0,0.0,0.0,1.005459e+07,119.0634,1.289751e+06,84.57764,1.268793e+07,0.0,1.564739e+06,0.0,40.37535,0.0,24.061895,1.406696e+06,0.0,1.005459e+07,119.0654,1.89665e+06,84.9985,1.26895e+07,0.0,1.56475e+06,0.0,40.3758,0.0,24.1208,1.620694e+06,0.0,1.005459e+07,119.06445,1.663355e+06,84.787544,1.268793e+07,0.0,1.5647445e+06,0.0,40.37554,0.0,24.08876,1.524985e+06,0.0,0.0,0.002,606899.0,0.42086,1570.0,0.0,11.0,0.0,0.0,0.0,0.03204,6284.8,0.0,0.0,0.002,82332.0,0.01033,1570.0,0.0,11.0,0.0,0.0,0.0,0.0,0.0,0,0,0,0,WELL-00001_20170201010207.parquet,WELL-00001,0
0.0,1.005459e+07,119.06647,1.4065132e+06,83.934105,1.2692705e+07,0.0,1.5647565e+06,0.0,40.375565,0.0,24.088894,1.5187359e+06,0.0,0.0,0.00059702416,148572.6,0.48104948,1833.675,0.0,3.5243704,0.0,0.0,0.0,0.0,0.0,0.0,1.005459e+07,119.0655,1.201501e+06,83.21361,1.268961e+07,0.0,1.564751e+06,0.0,40.37535,0.0,24.061895,1.406696e+06,0.0,1.005459e+07,119.0675,1.742574e+06,84.57552,1.26958e+07,0.0,1.564762e+06,0.0,40.3758,0.0,24.1208,1.620694e+06,0.0,1.005459e+07,119.0665,1.393716e+06,83.99845,1.2692705e+07,0.0,1.5647565e+06,0.0,40.37554,0.0,24.08876,1.524985e+06,0.0,0.0,0.002,541073.0,1.36191,6190.0,0.0,11.0,0.0,0.0,0.0,0.03204,6284.8,0.0,0.0,0.002,-233645.0,-1.0578,6190.0,0.0,11.0,0.0,0.0,0.0,0.0,0.0,0,0,0,0,WELL-00001_20170201010207.parquet,WELL-00001,0
0.0,1.005459e+07,119.06849,1.5915942e+06,84.0793,1.2699005e+07,0.0,1.5647688e+06,0.0,40.375565,0.0,24.088894,1.5187359e+06,0.0,0.0,0.0005909176,143633.8,0.26462555,1833.675,0.0,3.5044765,0.0,0.0,0.0,0.0,0.0,0.0,1.005459e+07,119.0675,1.285411e+06,83.53944,1.269591e+07,0.0,1.564763e+06,0.0,40.37535,0.0,24.061895,1.406696e+06,0.0,1.005459e+07,119.0695,1.827207e+06,84.33647,1.27021e+07,0.0,1.564775e+06,0.0,40.3758,0.0,24.1208,1.620694e+06,0.0,1.005459e+07,119.0685,1.568207e+06,84.18026,1.2699005e+07,0.0,1.564769e+06,0.0,40.37554,0.0,24.08876,1.524985e+06,0.0,0.0,0.002,541796.0,0.79703,6190.0,0.0,12.0,0.0,0.0,0.0,0.03204,6284.8,0.0,0.0,0.002,75097.0,0.79703,6190.0,0.0,12.0,0.0,0.0,0.0,0.0,0.0,0,0,0,0,WELL-00001_20170201010207.parquet,WELL-00001,0
0.0,1.0057026e+07,119.07052,1.6432441e+06,84.383156,1.2705196e+07,0.0,1.5647808e+06,0.0,40.375565,0.0,24.088894,1.5187359e+06,0.0,1633.6226,0.0005834342,103622.555,0.026735077,1694.5438,0.0,3.5575972,0.0,0.0,0.0,0.0,0.0,0.0,1.005459e+07,119.0695,1.432976e+06,84.338,1.270221e+07,0.0,1.564775e+06,0.0,40.37535,0.0,24.061895,1.406696e+06,0.0,1.005981e+07,119.0715,1.888693e+06,84.42832,1.270788e+07,0.0,1.564787e+06,0.0,40.3758,0.0,24.1208,1.620694e+06,0.0,1.005701e+07,119.0705,1.6340825e+06,84.38316,1.2705305e+07,0.0,1.564781e+06,0.0,40.37554,0.0,24.08876,1.524985e+06,0.0,5220.0,0.002,455717.0,0.09032,5670.0,0.0,12.0,0.0,0.0,0.0,0.03204,6284.8,0.0,5220.0,0.002,61250.0,0.09032,4010.0,0.0,12.0,0.0,0.0,0.0,0.0,0.0,0,0,0,0,WELL-00001_20170201010207.parquet,WELL-00001,0
0.0,1.006271e+07,119.07254,1.5746109e+06,84.46461,1.2696241e+07,0.0,1.5647929e+06,0.0,40.375565,0.0,24.088894,1.5187359e+06,0.0,1659.0328,0.0005929792,74249.02,0.019208565,5562.06,0.0,3.516065,0.0,0.0,0.0,0.0,0.0,0.0,1.005991e+07,119.0715,1.401148e+06,84.42985,1.268793e+07,0.0,1.564787e+06,0.0,40.37535,0.0,24.061895,1.406696e+06,0.0,1.006551e+07,119.0735,1.729554e+06,84.49721,1.270588e+07,0.0,1.564799e+06,0.0,40.3758,0.0,24.1208,1.620694e+06,0.0,1.006271e+07,119.07255,1.5749205e+06,84.464615,1.2696075e+07,0.0,1.564793e+06,0.0,40.37554,0.0,24.08876,1.524985e+06,0.0,5600.0,0.002,328406.0,0.06736,17950.0,0.0,12.0,0.0,0.0,0.0,0.03204,6284.8,0.0,5600.0,0.002,-79225.0,0.01229,-16290.0,0.0,12.0,0.0,0.0,0.0,0.0,0.0,0,0,0,0,WELL-00001_20170201010207.parquet,WELL-00001,0
0.0,1.006841e+07,119.07456,1.6098946e+06,84.34624,1.2699566e+07,0.0,1.564805e+06,0.0,40.375565,0.0,24.088894,1.5187359e+06,0.0,1659.0328,0.0005946347,80241.336,0.04717509,5562.2524,0.0,3.553108,0.0,0.0,0.0,0.0,0.0,0.0,1.006561e+07,119.0736,1.485058e+06,84.27695,1.268992e+07,0.0,1.564799e+06,0.0,40.37535,0.0,24.061895,1.406696e+06,0.0,1.007121e+07,119.0756,1.812885e+06,84.43847,1.270788e+07,0.0,1.564811e+06,0.0,40.3758,0.0,24.1208,1.620694e+06,0.0,1.006841e+07,119.07455,1.6150095e+06,84.33682,1.2699735e+07,0.0,1.564805e+06,0.0,40.37554,0.0,24.08876,1.524985e+06,0.0,5600.0,0.002,327827.0,0.16152,17960.0,0.0,12.0,0.0,0.0,0.0,0.03204,6284.8,0.0,5600.0,0.002,251357.0,-0.09615,16300.0,0.0,12.0,0.0,0.0,0.0,0.0,0.0,0,0,0,0,WELL-00001_20170201010207.parquet,WELL-00001,0
0.0,1.0073596e+07,119.076584,1.4975865e+06,84.45676,1.2696186e+07,0.0,1.5648171e+06,0.0,40.375565,0.0,24.088894,1.5187359e+06,0.0,1092.1179,0.0005834342,204152.08,0.056932736,5637.3726,0.0,3.516065,0.0,0.0,0.0,0.0,0.0,0.0,1.007131e+07,119.0756,1.207288e+06,84.34667,1.268793e+07,0.0,1.564811e+06,0.0,40.37535,0.0,24.061895,1.406696e+06,0.0,1.007454e+07,119.0776,1.970433e+06,84.54279,1.270588e+07,0.0,1.564823e+06,0.0,40.3758,0.0,24.1208,1.620694e+06,0.0,1.007411e+07,119.0766,1.444805e+06,84.46635,1.2696075e+07,0.0,1.564817e+06,0.0,40.37554,0.0,24.08876,1.524985e+06,0.0,3230.0,0.002,763145.0,0.19612,17950.0,0.0,12.0,0.0,0.0,0.0,0.03204,6284.8,0.0,3230.0,0.002,-432010.0,0.10928,-17400.0,0.0,12.0,0.0,0.0,0.0,0.0,0.0,0,0,0,0,WELL-00001_20170201010207.parquet,WELL-00001,0
0.0,1.007454e+07,119.07861,1.6373876e+06,84.302246,1.2691864e+07,0.0,1.5648291e+06,0.0,40.375565,0.0,24.088894,1.5187359e+06,0.0,0.0,0.0005853653,79909.67,0.07912623,1935.239,0.0,3.516065,0.0,0.0,0.0,0.0,0.0,0.0,1.007454e+07,119.0776,1.439552e+06,84.17062,1.268859e+07,0.0,1.564823e+06,0.0,40.37535,0.0,24.061895,1.406696e+06,0.0,1.007454e+07,119.0796,1.762828e+06,84.44975,1.269513e+07,0.0,1.564835e+06,0.0,40.3758,0.0,24.1208,1.620694e+06,0.0,1.007454e+07,119.0786,1.6324855e+06,84.299065,1.2691865e+07,0.0,1.564829e+06,0.0,40.37554,0.0,24.08876,1.524985e+06,0.0,0.0,0.002,323276.0,0.27913,6540.0,0.0,12.0,0.0,0.0,0.0,0.03204,6284.8,0.0,0.0,0.002,307487.0,-0.08215,6540.0,0.0,12.0,0.0,0.0,0.0,0.0,0.0,0,0,0,0,WELL-00001_20170201010207.parquet,WELL-00001,0
0.0,1.007454e+07,119.080635,1.5725606e+06,84.75891,1.2698514e+07,0.0,1.5648412e+06,0.0,40.375565,0.0,24.088894,1.5187359e+06,0.0,0.0,0.0005959823,102463.03,0.19988851,1935.2827,0.0,3.5044765,0.0,0.0,0.0,0.0,0.0,0.0,1.007454e+07,119.0796,1.411999e+06,84.38167,1.269524e+07,0.0,1.564835e+06,0.0,40.37535,0.0,24.061895,1.406696e+06,0.0,1.007454e+07,119.0816,1.741776e+06,85.02888,1.270178e+07,0.0,1.564847e+06,0.0,40.3758,0.0,24.1208,1.620694e+06,0.0,1.007454e+07,119.08065,1.5560385e+06,84.79673,1.2698515e+07,0.0,1.564841e+06,0.0,40.37554,0.0,24.08876,1.524985e+06,0.0,0.0,0.002,329777.0,0.64721,6540.0,0.0,12.0,0.0,0.0,0.0,0.03204,6284.8,0.0,0.0,0.002,-189842.0,0.50591,6540.0,0.0,12.0,0.0,0.0,0.0,0.0,0.0,0,0,0,0,WELL-00001_20170201010207.parquet,WELL-00001,0
0.0,1.007454e+07,119.08266,1.6489744e+06,84.5925,1.2705053e+07,0.0,1.5648532e+06,0.0,40.375565,0.0,24.088894,1.5187359e+06,0.0,0.0,0.0005904226,49269.47,0.14716804,1792.5175,0.0,3.5044765,0.0,0.0,0.0,0.0,0.0,0.0,1.007454e+07,119.0817,1.558654e+06,84.39847,1.270189e+07,0.0,1.564847e+06,0.0,40.37535,0.0,24.061895,1.406696e+06,0.0,1.007454e+07,119.0837,1.742574e+06,84.87672,1.270788e+07,0.0,1.564859e+06,0.0,40.3758,0.0,24.1208,1.620694e+06,0.0,1.007454e+07,119.08265,1.6488685e+06,84.556076,1.2705165e+07,0.0,1.564853e+06,0.0,40.37554,0.0,24.08876,1.524985e+06,0.0,0.0,0.002,183920.0,0.47825,5990.0,0.0,12.0,0.0,0.0,0.0,0.03204,6284.8,0.0,0.0,0.002,24321.0,-0.36811,4330.0,0.0,12.0,0.0,0.0,0.0,0.0,0.0,0,0,0,0,WELL-00001_20170201010207.parquet,WELL-00001,0
0.0,1.007454e+07,119.08469,1.5275561e+06,84.649254,1.26962e+07,0.0,1.5648654e+06,0.0,40.375565,0.0,24.088894,1.5187359e+06,0.0,0.0,0.0005834342,203646.4,0.12226344,5617.744,0.0,3.5384889,0.0,0.0,0.0,0.0,0.0,0.0,1.007454e+07,119.0837,1.142909e+06,84.32449,1.268793e+07,0.0,1.564859e+06,0.0,40.37535,0.0,24.061895,1.406696e+06,0.0,1.007454e+07,119.0857,1.918351e+06,84.839,1.270588e+07,0.0,1.564871e+06,0.0,40.3758,0.0,24.1208,1.620694e+06,0.0,1.007454e+07,119.0847,1.5480825e+06,84.65912,1.2696075e+07,0.0,1.564865e+06,0.0,40.37554,0.0,24.08876,1.524985e+06,0.0,0.0,0.002,775442.0,0.51451,17950.0,0.0,12.0,0.0,0.0,0.0,0.03204,6284.8,0.0,0.0,0.002,-99086.0,-0.19146,-17120.0,0.0,12.0,0.0,0.0,0.0,0.0,0.0,0,0,0,0,WELL-00001_20170201010207.parquet,WELL-00001,0
0.0,1.007454e+07,119.08671,1.6997436e+06,84.10766,1.2693831e+07,0.0,1.5648775e+06,0.0,40.375565,0.0,24.088894,1.5187359e+06,0.0,0.0,0.00059195166,125340.22,0.19871573,2903.4536,0.0,3.5102353,0.0,0.0,0.0,0.0,0.0,0.0,1.007454e+07,119.0857,1.483661e+06,83.77567,1.268893e+07,0.0,1.564872e+06,0.0,40.37535,0.0,24.061895,1.406696e+06,0.0,1.007454e+07,119.0877,2.005154e+06,84.47803,1.269874e+07,0.0,1.564884e+06,0.0,40.3758,0.0,24.1208,1.620694e+06,0.0,1.007454e+07,119.0867,1.6920065e+06,84.102905,1.269383e+07,0.0,1.5648775e+06,0.0,40.37554,0.0,24.08876,1.524985e+06,0.0,0.0,0.002,521493.0,0.70236,9810.0,0.0,12.0,0.0,0.0,0.0,0.03204,6284.8,0.0,0.0,0.002,334577.0,0.18785,9810.0,0.0,12.0,0.0,0.0,0.0,0.0,0.0,0,0,0,0,WELL-00001_20170201010207.parquet,WELL-00001,0
0.0,1.007454e+07,119.08873,1.4421445e+06,84.136986,1.2703681e+07,0.0,1.5648896e+06,0.0,40.375565,0.0,24.088894,1.5187359e+06,0.0,0.0,0.000595833,131492.88,0.3665148,2730.9578,0.0,3.5502446,0.0,0.0,0.0,0.0,0.0,0.0,1.007454e+07,119.0877,1.187757e+06,83.66173,1.26989e+07,0.0,1.564884e+06,0.0,40.37535,0.0,24.061895,1.406696e+06,0.0,1.007454e+07,119.0897,1.771509e+06,84.71748,1.270788e+07,0.0,1.564896e+06,0.0,40.3758,0.0,24.1208,1.620694e+06,0.0,1.007454e+07,119.0887,1.4449235e+06,83.96446,1.2703805e+07,0.0,1.56489e+06,0.0,40.37554,0.0,24.08876,1.524985e+06,0.0,0.0,0.002,583752.0,1.05575,8980.0,0.0,12.0,0.0,0.0,0.0,0.03204,6284.8,0.0,0.0,0.002,-151335.0,-0.52845,7320.0,0.0,12.0,0.0,0.0,0.0,0.0,0.0,0,0,0,0,WELL-00001_20170201010207.parquet,WELL-00001,0
0.0,1.007454e+07,119.09075,1.6317012e+06,84.315315,1.2696158e+07,0.0,1.5649018e+06,0.0,40.375565,0.0,24.088894,1.5187359e+06,0.0,0.0,0.00058699655,124997.984,0.17747359,5677.119,0.0,3.527575,0.0,0.0,0.0,0.0,0.0,0.0,1.007454e+07,119.0898,1.273837e+06,83.9782,1.268793e+07,0.0,1.564896e+06,0.0,40.37535,0.0,24.061895,1.406696e+06,0.0,1.007454e+07,119.0918,1.81491e+06,84.55071,1.270588e+07,0.0,1.564908e+06,0.0,40.3758,0.0,24.1208,1.620694e+06,0.0,1.007454e+07,119.09075,1.665826e+06,84.35164,1.2696075e+07,0.0,1.564902e+06,0.0,40.37554,0.0,24.08876,1.524985e+06,0.0,0.0,0.002,541073.0,0.57251,17950.0,0.0,12.0,0.0,0.0,0.0,0.03204,6284.8,0.0,0.0,0.002,80673.0,0.57251,-17950.0,0.0,12.0,0.0,0.0,0.0,0.0,0.0,0,0,0,0,WELL-00001_20170201010207.parquet,WELL-00001,0
0.0,1.007454e+07,119.09278,1.6204194e+06,84.69101,1.268793e+07,0.0,1.5649139e+06,0.0,40.375565,0.0,24.088894,1.5187359e+06,0.0,0.0,0.0005858477,146996.44,0.06900236,0.0,0.0,3.5502446,0.0,0.0,0.0,0.0,0.0,0.0,1.007454e+07,119.0918,1.203671e+06,84.55611,1.268793e+07,0.0,1.564908e+06,0.0,40.37535,0.0,24.061895,1.406696e+06,0.0,1.007454e+07,119.0938,1.746191e+06,84.79343,1.268793e+07,0.0,1.56492e+06,0.0,40.3758,0.0,24.1208,1.620694e+06,0.0,1.007454e+07,119.0928,1.6751295e+06,84.70397,1.268793e+07,0.0,1.564914e+06,0.0,40.37554,0.0,24.08876,1.524985e+06,0.0,0.0,0.002,542520.0,0.23732,0.0,0.0,12.0,0.0,0.0,0.0,0.03204,6284.8,0.0,0.0,0.002,-312117.0,0.13668,0.0,0.0,12.0,0.0,0.0,0.0,0.0,0.0,0,0,0,0,WELL-00001_20170201010207.parquet,WELL-00001,0
0.0,1.007454e+07,119.0948,1.5718966e+06,84.47195,1.268793e+07,0.0,1.5649259e+06,0.0,40.375565,0.0,24.088894,1.5187359e+06,0.0,0.0,0.00059586857,89463.12,0.14260955,0.0,0.0,3.516065,0.0,0.0,0.0,0.0,0.0,0.0,1.007454e+07,119.0938,1.371747e+06,84.16863,1.268793e+07,0.0,1.56492e+06,0.0,40.37535,0.0,24.061895,1.406696e+06,0.0,1.007454e+07,119.0958,1.755595e+06,84.68608,1.268793e+07,0.0,1.564932e+06,0.0,40.3758,0.0,24.1208,1.620694e+06,0.0,1.007454e+07,119.0948,1.571572e+06,84.48817,1.268793e+07,0.0,1.564926e+06,0.0,40.37554,0.0,24.08876,1.524985e+06,0.0,0.0,0.002,383848.0,0.51745,0.0,0.0,12.0,0.0,0.0,0.0,0.03204,6284.8,0.0,0.0,0.002,-77340.0,-0.51745,0.0,0.0,12.0,0.0,0.0,0.0,0.0,0.0,0,0,0,0,WELL-00001_20170201010207.parquet,WELL-00001,0
0.0,1.0074107e+07,119.096825,1.4406605e+06,83.79001,1.268793e+07,0.0,1.564938e+06,0.0,40.375565,0.0,24.088894,1.5187359e+06,0.0,639.03174,0.0005930744,109452.75,0.18996257,0.0,0.0,3.596098,0.0,0.0,0.0,0.0,0.0,0.0,1.007254e+07,119.0958,1.279624e+06,83.48705,1.268793e+07,0.0,1.564932e+06,0.0,40.37535,0.0,24.061895,1.406696e+06,0.0,1.007454e+07,119.0978,1.615263e+06,84.15381,1.268793e+07,0.0,1.564944e+06,0.0,40.3758,0.0,24.1208,1.620694e+06,0.0,1.007454e+07,119.0968,1.4536955e+06,83.77598,1.268793e+07,0.0,1.564938e+06,0.0,40.37554,0.0,24.08876,1.524985e+06,0.0,2000.0,0.002,335639.0,0.66676,0.0,0.0,12.0,0.0,0.0,0.0,0.03204,6284.8,0.0,-2000.0,0.002,258870.0,-0.28778,0.0,0.0,12.0,0.0,0.0,0.0,0.0,0.0,0,0,0,0,WELL-00001_20170201010207.parquet,WELL-00001,0
0.0,1.0070106e+07,119.07581,1.623027e+06,84.38129,1.268793e+07,0.0,1.5649501e+06,0.0,40.375565,0.0,24.088894,1.5187359e+06,0.0,1393.0858,0.01965856,202540.75,0.1894808,0.0,0.0,3.516065,0.0,0.0,0.0,0.0,0.0,0.0,1.006775e+07,119.0397,1.285411e+06,83.8931,1.268793e+07,0.0,1.564944e+06,0.0,40.37535,0.0,24.061895,1.406696e+06,0.0,1.007246e+07,119.0983,1.97405e+06,84.54279,1.268793e+07,0.0,1.564956e+06,0.0,40.3758,0.0,24.1208,1.620694e+06,0.0,1.007011e+07,119.07815,1.609584e+06,84.474304,1.268793e+07,0.0,1.56495e+06,0.0,40.37554,0.0,24.08876,1.524985e+06,0.0,4710.0,0.0586,688639.0,0.64969,0.0,0.0,12.0,0.0,0.0,0.0,0.03204,6284.8,0.0,-4710.0,-0.0582,-33688.0,0.56253,0.0,0.0,12.0,0.0,0.0,0.0,0.0,0.0,0,0,0,0,WELL-00001_20170201010207.parquet,WELL-00001,0
0.0,1.0065318e+07,119.033615,1.649526e+06,84.267525,1.268793e+07,0.0,1.5649621e+06,0.0,40.375565,0.0,24.088894,1.5187359e+06,0.0,1394.5275,0.008243124,228847.38,0.17110546,0.0,0.0,3.5614064,0.0,0.0,0.0,0.0,0.0,0.0,1.006296e+07,119.0202,1.147972e+06,83.92168,1.268793e+07,0.0,1.564956e+06,0.0,40.37535,0.0,24.061895,1.406696e+06,0.0,1.006767e+07,119.0493,1.974773e+06,84.45314,1.268793e+07,0.0,1.564968e+06,0.0,40.3758,0.0,24.1208,1.620694e+06,0.0,1.006532e+07,119.03315,1.73956e+06,84.32879,1.268793e+07,0.0,1.564962e+06,0.0,40.37554,0.0,24.08876,1.524985e+06,0.0,4710.0,0.0291,826801.0,0.53146,0.0,0.0,12.0,0.0,0.0,0.0,0.03204,6284.8,0.0,-4710.0,0.0109,-364814.0,-0.53146,0.0,0.0,12.0,0.0,0.0,0.0,0.0,0.0,0,0,0,0,WELL-00001_20170201010207.parquet,WELL-00001,0
0.0,1.0060532e+07,119.06895,1.5709105e+06,83.69148,1.268793e+07,0.0,1.5649742e+06,0.0,40.375565,0.0,24.088894,1.5187359e+06,0.0,1394.5275,0.011275179,176052.69,0.16854428,0.0,0.0,3.5323765,0.0,0.0,0.0,0.0,0.0,0.0,1.005818e+07,119.0499,1.253004e+06,83.41109,1.268793e+07,0.0,1.564968e+06,0.0,40.37535,0.0,24.061895,1.406696e+06,0.0,1.006289e+07,119.088,1.880736e+06,84.04715,1.268793e+07,0.0,1.56498e+06,0.0,40.3758,0.0,24.1208,1.620694e+06,0.0,1.006053e+07,119.06895,1.5674305e+06,83.68736,1.268793e+07,0.0,1.564974e+06,0.0,40.37554,0.0,24.08876,1.524985e+06,0.0,4710.0,0.0381,627732.0,0.63606,0.0,0.0,12.0,0.0,0.0,0.0,0.03204,6284.8,0.0,-4710.0,0.0381,392311.0,0.13927,0.0,0.0,12.0,0.0,0.0,0.0,0.0,0.0,0,0,0,0,WELL-00001_20170201010207.parquet,WELL-00001,0
0.0,1.0056556e+07,119.089836,1.4561341e+06,84.40965,1.268793e+07,0.0,1.5649864e+06,0.0,40.375565,0.0,24.088894,1.5187359e+06,0.0,1211.9893,0.0054981913,167766.17,0.10335395,0.0,0.0,3.5358934,0.0,0.0,0.0,0.0,0.0,0.0,1.005459e+07,119.0791,1.112528e+06,84.0748,1.268793e+07,0.0,1.56498e+06,0.0,40.37535,0.0,24.061895,1.406696e+06,0.0,1.005949e+07,119.0983,1.754437e+06,84.48962,1.268793e+07,0.0,1.564992e+06,0.0,40.3758,0.0,24.1208,1.620694e+06,0.0,1.0056525e+07,119.09055,1.4954465e+06,84.44704,1.268793e+07,0.0,1.5649865e+06,0.0,40.37554,0.0,24.08876,1.524985e+06,0.0,4900.0,0.0192,641909.0,0.41482,0.0,0.0,12.0,0.0,0.0,0.0,0.03204,6284.8,0.0,1390.0,-0.0095,156206.0,0.34907,0.0,0.0,12.0,0.0,0.0,0.0,0.0,0.0,0,0,0,0,WELL-00001_20170201010207.parquet,WELL-00001,0
0.0,1.0068895e+07,119.06581,1.5440481e+06,84.01865,1.268793e+07,0.0,1.5649985e+06,0.0,40.375565,0.0,24.088894,1.5187359e+06,0.0,4955.566,0.007620661,352148.16,0.35780686,0.0,0.0,3.4811842,0.0,0.0,0.0,0.0,0.0,0.0,1.005982e+07,119.0529,1.140015e+06,83.35336,1.268793e+07,0.0,1.564993e+06,0.0,40.37535,0.0,24.061895,1.406696e+06,0.0,1.007454e+07,119.0787,2.155613e+06,84.42238,1.268793e+07,0.0,1.565004e+06,0.0,40.3758,0.0,24.1208,1.620694e+06,0.0,1.0069465e+07,119.0658,1.4276595e+06,84.07035,1.268793e+07,0.0,1.5649985e+06,0.0,40.37554,0.0,24.08876,1.524985e+06,0.0,14720.0,0.0258,1.015598e+06,1.06902,0.0,0.0,11.0,0.0,0.0,0.0,0.03204,6284.8,0.0,14720.0,-0.0258,-501047.0,-1.06902,0.0,0.0,11.0,0.0,0.0,0.0,0.0,0.0,0,0,0,0,WELL-00001_20170201010207.parquet,WELL-00001,0
0.0,1.007454e+07,119.03963,1.5636331e+06,83.62586,1.268793e+07,0.0,1.5650106e+06,0.0,40.375565,0.0,24.088894,1.5187359e+06,0.0,0.0,0.007625173,163171.88,0.29713053,0.0,0.0,3.5528297,0.0,0.0,0.0,0.0,0.0,0.0,1.007454e+07,119.0267,1.285204e+06,83.18323,1.268793e+07,0.0,1.565005e+06,0.0,40.37535,0.0,24.061895,1.406696e+06,0.0,1.007454e+07,119.0525,1.861929e+06,84.14796,1.268793e+07,0.0,1.565017e+06,0.0,40.3758,0.0,24.1208,1.620694e+06,0.0,1.007454e+07,119.0396,1.559926e+06,83.610985,1.268793e+07,0.0,1.5650105e+06,0.0,40.37554,0.0,24.08876,1.524985e+06,0.0,0.0,0.0258,576725.0,0.96473,0.0,0.0,12.0,0.0,0.0,0.0,0.03204,6284.8,0.0,0.0,-0.0258,215225.0,0.8189,0.0,0.0,12.0,0.0,0.0,0.0,0.0,0.0,0,0,0,0,WELL-00001_20170201010207.parquet,WELL-00001,0
0.0,1.007454e+07,119.02132,1.4999654e+06,84.3594,1.2687943e+07,0.0,1.5650228e+06,0.0,40.375565,0.0,24.088894,1.5187359e+06,0.0,0.0,0.001493885,104747.195,0.08812514,48.65304,0.0,3.5044765,0.0,0.0,0.0,0.0,0.0,0.0,1.007454e+07,119.0202,1.289751e+06,84.16616,1.268793e+07,0.0,1.565017e+06,0.0,40.37535,0.0,24.061895,1.406696e+06,0.0,1.007454e+07,119.0263,1.725937e+06,84.50354,1.268819e+07,0.0,1.565029e+06,0.0,40.3758,0.0,24.1208,1.620694e+06,0.0,1.007454e+07,119.0208,1.4911955e+06,84.36163,1.268793e+07,0.0,1.565023e+06,0.0,40.37554,0.0,24.08876,1.524985e+06,0.0,0.0,0.0061,436186.0,0.33738,260.0,0.0,12.0,0.0,0.0,0.0,0.03204,6284.8,0.0,0.0,-0.0052,207966.0,0.33738,260.0,0.0,12.0,0.0,0.0,0.0,0.0,0.0,0,0,0,0,WELL-00001_20170201010207.parquet,WELL-00001,0
0.0,1.007454e+07,119.02176,1.7292365e+06,84.72813,1.2689792e+07,0.0,1.5650348e+06,0.0,40.375565,0.0,24.088894,1.5187359e+06,0.0,0.0,0.00036088403,79866.18,0.136173,916.9138,0.0,3.5044765,0.0,0.0,0.0,0.0,0.0,0.0,1.007454e+07,119.0211,1.606583e+06,84.50835,1.268824e+07,0.0,1.565029e+06,0.0,40.37535,0.0,24.061895,1.406696e+06,0.0,1.007454e+07,119.0224,1.891389e+06,84.95904,1.269134e+07,0.0,1.565041e+06,0.0,40.3758,0.0,24.1208,1.620694e+06,0.0,1.007454e+07,119.0218,1.725004e+06,84.72762,1.2689795e+07,0.0,1.565035e+06,0.0,40.37554,0.0,24.08876,1.524985e+06,0.0,0.0,0.0013,284806.0,0.45069,3100.0,0.0,12.0,0.0,0.0,0.0,0.03204,6284.8,0.0,0.0,0.0013,237065.0,0.45069,3100.0,0.0,12.0,0.0,0.0,0.0,0.0,0.0,0,0,0,0,WELL-00001_20170201010207.parquet,WELL-00001,0
0.0,1.007454e+07,119.022995,1.564319e+06,84.4693,1.2692942e+07,0.0,1.5650469e+06,0.0,40.375565,0.0,24.088894,1.5187359e+06,0.0,0.0,0.00036008083,304354.7,0.36350715,916.9138,0.0,3.5485334,0.0,0.0,0.0,0.0,0.0,0.0,1.007454e+07,119.0224,1.182694e+06,83.90022,1.269139e+07,0.0,1.565041e+06,0.0,40.37535,0.0,24.061895,1.406696e+06,0.0,1.007454e+07,119.0236,2.042769e+06,85.0061,1.269449e+07,0.0,1.565053e+06,0.0,40.3758,0.0,24.1208,1.620694e+06,0.0,1.007454e+07,119.023,1.418819e+06,84.4739,1.2692945e+07,0.0,1.565047e+06,0.0,40.37554,0.0,24.08876,1.524985e+06,0.0,0.0,0.0012,860075.0,1.10588,3100.0,0.0,12.0,0.0,0.0,0.0,0.03204,6284.8,0.0,0.0,0.0012,-454778.0,-1.06666,3100.0,0.0,12.0,0.0,0.0,0.0,0.0,0.0,0,0,0,0,WELL-00001_20170201010207.parquet,WELL-00001,0
0.0,1.007454e+07,119.02424,1.5715009e+06,83.75124,1.2696092e+07,0.0,1.5650589e+06,0.0,40.375565,0.0,24.088894,1.5187359e+06,0.0,0.0,0.00035800372,118678.445,0.08378286,916.9138,0.0,3.5429168,0.0,0.0,0.0,0.0,0.0,0.0,1.007454e+07,119.0236,1.337493e+06,83.62375,1.269454e+07,0.0,1.565053e+06,0.0,40.37535,0.0,24.061895,1.406696e+06,0.0,1.007454e+07,119.0248,1.888693e+06,83.89528,1.269764e+07,0.0,1.565065e+06,0.0,40.3758,0.0,24.1208,1.620694e+06,0.0,1.007454e+07,119.0242,1.560124e+06,83.74964,1.2696095e+07,0.0,1.565059e+06,0.0,40.37554,0.0,24.08876,1.524985e+06,0.0,0.0,0.0012,551200.0,0.27153,3100.0,0.0,12.0,0.0,0.0,0.0,0.03204,6284.8,0.0,0.0,0.0012,151655.0,-0.25279,3100.0,0.0,12.0,0.0,0.0,0.0,0.0,0.0,0,0,0,0,WELL-00001_20170201010207.parquet,WELL-00001,0
0.0,1.007454e+07,119.025475,1.5622146e+06,83.78592,1.2699242e+07,0.0,1.565071e+06,0.0,40.375565,0.0,24.088894,1.5187359e+06,0.0,0.0,0.00036223957,189562.27,0.08278777,916.9138,0.0,3.56739,0.0,0.0,0.0,0.0,0.0,0.0,1.007454e+07,119.0249,1.207288e+06,83.64717,1.269769e+07,0.0,1.565065e+06,0.0,40.37535,0.0,24.061895,1.406696e+06,0.0,1.007454e+07,119.0261,1.965369e+06,83.93737,1.270079e+07,0.0,1.565077e+06,0.0,40.3758,0.0,24.1208,1.620694e+06,0.0,1.007454e+07,119.0255,1.5269255e+06,83.78535,1.2699245e+07,0.0,1.565071e+06,0.0,40.37554,0.0,24.08876,1.524985e+06,0.0,0.0,0.0012,758081.0,0.2902,3100.0,0.0,12.0,0.0,0.0,0.0,0.03204,6284.8,0.0,0.0,0.0012,-93100.0,0.2902,3100.0,0.0,12.0,0.0,0.0,0.0,0.0,0.0,0,0,0,0,WELL-00001_20170201010207.parquet,WELL-00001,0
0.0,1.007454e+07,119.02672,1.5893422e+06,84.18581,1.2702392e+07,0.0,1.5650831e+06,0.0,40.375565,0.0,24.088894,1.5187359e+06,0.0,0.0,0.0003616464,93208.77,0.14225587,916.9138,0.0,3.516065,0.0,0.0,0.0,0.0,0.0,0.0,1.007454e+07,119.0261,1.506759e+06,83.94551,1.270084e+07,0.0,1.565077e+06,0.0,40.37535,0.0,24.061895,1.406696e+06,0.0,1.007454e+07,119.0273,1.833718e+06,84.4261,1.270394e+07,0.0,1.565089e+06,0.0,40.3758,0.0,24.1208,1.620694e+06,0.0,1.007454e+07,119.0267,1.5570325e+06,84.18581,1.2702395e+07,0.0,1.565083e+06,0.0,40.37554,0.0,24.08876,1.524985e+06,0.0,0.0,0.0012,326959.0,0.48059,3100.0,0.0,12.0,0.0,0.0,0.0,0.03204,6284.8,0.0,0.0,0.0012,222664.0,0.48059,3100.0,0.0,12.0,0.0,0.0,0.0,0.0,0.0,0,0,0,0,WELL-00001_20170201010207.parquet,WELL-00001,0
0.0,1.007454e+07,119.027954,1.6677651e+06,84.60289,1.2705542e+07,0.0,1.5650952e+06,0.0,40.375565,0.0,24.088894,1.5187359e+06,0.0,0.0,0.0003623955,62114.86,0.09429424,916.9138,0.0,3.544511,0.0,0.0,0.0,0.0,0.0,0.0,1.007454e+07,119.0273,1.581988e+06,84.43424,1.270399e+07,0.0,1.565089e+06,0.0,40.37535,0.0,24.061895,1.406696e+06,0.0,1.007454e+07,119.0286,1.809847e+06,84.7613,1.270709e+07,0.0,1.565101e+06,0.0,40.3758,0.0,24.1208,1.620694e+06,0.0,1.007454e+07,119.02795,1.6551355e+06,84.603355,1.2705545e+07,0.0,1.565095e+06,0.0,40.37554,0.0,24.08876,1.524985e+06,0.0,0.0,0.0013,227859.0,0.32706,3100.0,0.0,12.0,0.0,0.0,0.0,0.03204,6284.8,0.0,0.0,0.0013,49517.0,0.32706,3100.0,0.0,12.0,0.0,0.0,0.0,0.0,0.0,0,0,0,0,WELL-00001_20170201010207.parquet,WELL-00001,0
0.0,1.007454e+07,119.02919,1.5870656e+06,84.40672,1.2702051e+07,0.0,1.5651072e+06,0.0,40.375565,0.0,24.088894,1.5187359e+06,0.0,0.0,0.00036353568,288045.28,0.26392567,4933.613,0.0,3.5044765,0.0,0.0,0.0,0.0,0.0,0.0,1.007454e+07,119.0286,1.168226e+06,83.95263,1.269292e+07,0.0,1.565101e+06,0.0,40.37535,0.0,24.061895,1.406696e+06,0.0,1.007454e+07,119.0298,2.16791e+06,84.79343,1.270788e+07,0.0,1.565113e+06,0.0,40.3758,0.0,24.1208,1.620694e+06,0.0,1.007454e+07,119.0292,1.537765e+06,84.41196,1.2702725e+07,0.0,1.565107e+06,0.0,40.37554,0.0,24.08876,1.524985e+06,0.0,0.0,0.0012,999684.0,0.8408,14960.0,0.0,12.0,0.0,0.0,0.0,0.03204,6284.8,0.0,0.0,0.0012,-311584.0,-0.81402,-14220.0,0.0,12.0,0.0,0.0,0.0,0.0,0.0,0,0,0,0,WELL-00001_20170201010207.parquet,WELL-00001,0
0.0,1.0071381e+07,119.03043,1.5936948e+06,83.8349,1.2691379e+07,0.0,1.5651194e+06,0.0,40.375565,0.0,24.088894,1.5187359e+06,0.0,6543.205,0.00036149018,210502.42,0.028500827,2122.9553,0.0,3.5623581,0.0,0.0,0.0,0.0,0.0,0.0,1.005459e+07,119.0298,1.307835e+06,83.79768,1.268793e+07,0.0,1.565113e+06,0.0,40.37535,0.0,24.061895,1.406696e+06,0.0,1.007454e+07,119.031,1.992134e+06,83.93706,1.269541e+07,0.0,1.565125e+06,0.0,40.3758,0.0,24.1208,1.620694e+06,0.0,1.007454e+07,119.0304,1.5533435e+06,83.83129,1.269125e+07,0.0,1.5651195e+06,0.0,40.37554,0.0,24.08876,1.524985e+06,0.0,19950.0,0.0012,684299.0,0.13938,7480.0,0.0,12.0,0.0,0.0,0.0,0.03204,6284.8,0.0,-19950.0,0.0012,-39495.0,-0.13938,2830.0,0.0,12.0,0.0,0.0,0.0,0.0,0.0,0,0,0,0,WELL-00001_20170201010207.parquet,WELL-00001,0
0.0,1.005459e+07,119.03167,1.5865225e+06,83.8651,1.2700481e+07,0.0,1.5651315e+06,0.0,40.375565,0.0,24.088894,1.5187359e+06,0.0,0.0,0.00036457158,202854.42,0.050616644,2903.1672,0.0,3.4811842,0.0,0.0,0.0,0.0,0.0,0.0,1.005459e+07,119.0311,1.273114e+06,83.79085,1.269558e+07,0.0,1.565126e+06,0.0,40.37535,0.0,24.061895,1.406696e+06,0.0,1.005459e+07,119.0323,1.864822e+06,83.95222,1.270538e+07,0.0,1.565137e+06,0.0,40.3758,0.0,24.1208,1.620694e+06,0.0,1.005459e+07,119.0317,1.5802525e+06,83.86407,1.270048e+07,0.0,1.5651315e+06,0.0,40.37554,0.0,24.08876,1.524985e+06,0.0,0.0,0.0012,591708.0,0.16137,9800.0,0.0,11.0,0.0,0.0,0.0,0.03204,6284.8,0.0,0.0,0.0012,326334.0,0.15567,9800.0,0.0,11.0,0.0,0.0,0.0,0.0,0.0,0,0,0,0,WELL-00001_20170201010207.parquet,WELL-00001,0
0.0,1.005459e+07,119.032906,1.4101049e+06,83.68788,1.2701852e+07,0.0,1.5651435e+06,0.0,40.375565,0.0,24.088894,1.5187359e+06,0.0,0.0,0.00036280064,112842.67,0.20027193,4729.646,0.0,3.5243704,0.0,0.0,0.0,0.0,0.0,0.0,1.005459e+07,119.0323,1.18631e+06,83.34155,1.269292e+07,0.0,1.565138e+06,0.0,40.37535,0.0,24.061895,1.406696e+06,0.0,1.005459e+07,119.0335,1.716204e+06,83.97314,1.270788e+07,0.0,1.565149e+06,0.0,40.3758,0.0,24.1208,1.620694e+06,0.0,1.005459e+07,119.0329,1.406811e+06,83.6931,1.2702725e+07,0.0,1.5651435e+06,0.0,40.37554,0.0,24.08876,1.524985e+06,0.0,0.0,0.0012,529894.0,0.63159,14960.0,0.0,11.0,0.0,0.0,0.0,0.03204,6284.8,0.0,0.0,0.0012,-198052.0,-0.61367,-12630.0,0.0,11.0,0.0,0.0,0.0,0.0,0.0,0,0,0,0,WELL-00001_20170201010207.parquet,WELL-00001,0
0.0,1.005459e+07,119.03415,1.7465185e+06,84.035805,1.2687809e+07,0.0,1.5651558e+06,0.0,40.375565,0.0,24.088894,1.5187359e+06,0.0,0.0,0.00036243058,127663.66,0.43458405,1663.6204,0.0,3.5044765,0.0,0.0,0.0,0.0,0.0,0.0,1.005459e+07,119.0335,1.496391e+06,83.28197,1.26861e+07,0.0,1.56515e+06,0.0,40.37535,0.0,24.061895,1.406696e+06,0.0,1.005459e+07,119.0348,1.940775e+06,84.5515,1.269258e+07,0.0,1.565162e+06,0.0,40.3758,0.0,24.1208,1.620694e+06,0.0,1.005459e+07,119.03415,1.75528e+06,84.15665,1.26873e+07,0.0,1.565156e+06,0.0,40.37554,0.0,24.08876,1.524985e+06,0.0,0.0,0.0013,444384.0,1.26953,6480.0,0.0,12.0,0.0,0.0,0.0,0.03204,6284.8,0.0,0.0,0.0013,-35685.0,1.22186,-6480.0,0.0,12.0,0.0,0.0,0.0,0.0,0.0,0,0,0,0,WELL-00001_20170201010207.parquet,WELL-00001,0
0.0,1.005459e+07,119.035385,1.516902e+06,84.72945,1.2684856e+07,0.0,1.5651678e+06,0.0,40.375565,0.0,24.088894,1.5187359e+06,0.0,0.0,0.0003655002,169555.67,0.08509683,710.74646,0.0,3.5575972,0.0,0.0,0.0,0.0,0.0,0.0,1.005459e+07,119.0348,1.212351e+06,84.56009,1.268365e+07,0.0,1.565162e+06,0.0,40.37535,0.0,24.061895,1.406696e+06,0.0,1.005459e+07,119.036,1.811293e+06,84.86938,1.268606e+07,0.0,1.565174e+06,0.0,40.3758,0.0,24.1208,1.620694e+06,0.0,1.005459e+07,119.0354,1.491108e+06,84.73282,1.268486e+07,0.0,1.565168e+06,0.0,40.37554,0.0,24.08876,1.524985e+06,0.0,0.0,0.0012,598942.0,0.30929,2410.0,0.0,12.0,0.0,0.0,0.0,0.03204,6284.8,0.0,0.0,0.0012,51117.0,0.08641,-2410.0,0.0,12.0,0.0,0.0,0.0,0.0,0.0,0,0,0,0,WELL-00001_20170201010207.parquet,WELL-00001,0
0.0,1.005459e+07,119.03663,1.5904578e+06,84.41097,1.2682413e+07,0.0,1.5651799e+06,0.0,40.375565,0.0,24.088894,1.5187359e+06,0.0,0.0,0.0003610836,132301.36,0.10507048,710.61993,0.0,3.516065,0.0,0.0,0.0,0.0,0.0,0.0,1.005459e+07,119.036,1.252136e+06,84.30733,1.268121e+07,0.0,1.565174e+06,0.0,40.37535,0.0,24.061895,1.406696e+06,0.0,1.005459e+07,119.0372,1.848908e+06,84.63681,1.268361e+07,0.0,1.565186e+06,0.0,40.3758,0.0,24.1208,1.620694e+06,0.0,1.005459e+07,119.0366,1.5847615e+06,84.35094,1.268241e+07,0.0,1.56518e+06,0.0,40.37554,0.0,24.08876,1.524985e+06,0.0,0.0,0.0012,596772.0,0.32948,2400.0,0.0,12.0,0.0,0.0,0.0,0.03204,6284.8,0.0,0.0,0.0012,6511.0,-0.29467,-2400.0,0.0,12.0,0.0,0.0,0.0,0.0,0.0,0,0,0,0,WELL-00001_20170201010207.parquet,WELL-00001,0
0.0,1.005459e+07,119.037865,1.6603962e+06,84.26188,1.267997e+07,0.0,1.565192e+06,0.0,40.375565,0.0,24.088894,1.5187359e+06,0.0,0.0,0.00036149018,188103.94,0.16086799,711.2891,0.0,3.5461445,0.0,0.0,0.0,0.0,0.0,0.0,1.005459e+07,119.0373,1.305994e+06,83.85921,1.267877e+07,0.0,1.565186e+06,0.0,40.37535,0.0,24.061895,1.406696e+06,0.0,1.005459e+07,119.0385,1.97839e+06,84.39088,1.268117e+07,0.0,1.565198e+06,0.0,40.3758,0.0,24.1208,1.620694e+06,0.0,1.005459e+07,119.0379,1.6159865e+06,84.3512,1.267997e+07,0.0,1.565192e+06,0.0,40.37554,0.0,24.08876,1.524985e+06,0.0,0.0,0.0012,672396.0,0.53167,2400.0,0.0,12.0,0.0,0.0,0.0,0.03204,6284.8,0.0,0.0,0.0012,-227770.0,-0.48433,-2400.0,0.0,12.0,0.0,0.0,0.0,0.0,0.0,0,0,0,0,WELL-00001_20170201010207.parquet,WELL-00001,0
0.0,1.005459e+07,119.0391,1.4231941e+06,83.61691,1.2677528e+07,0.0,1.5652041e+06,0.0,40.375565,0.0,24.088894,1.5187359e+06,0.0,0.0,0.00036218108,146328.69,0.17088008,710.8091,0.0,3.516065,0.0,0.0,0.0,0.0,0.0,0.0,1.005459e+07,119.0385,1.166056e+06,83.32755,1.267633e+07,0.0,1.565198e+06,0.0,40.37535,0.0,24.061895,1.406696e+06,0.0,1.005459e+07,119.0397,1.703242e+06,83.93766,1.267873e+07,0.0,1.56521e+06,0.0,40.3758,0.0,24.1208,1.620694e+06,0.0,1.005459e+07,119.0391,1.404903e+06,83.61517,1.267753e+07,0.0,1.565204e+06,0.0,40.37554,0.0,24.08876,1.524985e+06,0.0,0.0,0.0012,537186.0,0.61011,2400.0,0.0,12.0,0.0,0.0,0.0,0.03204,6284.8,0.0,0.0,0.0012,417239.0,0.09971,-2400.0,0.0,12.0,0.0,0.0,0.0,0.0,0.0,0,0,0,0,WELL-00001_20170201010207.parquet,WELL-00001,0
0.0,1.005459e+07,119.040344,1.5527736e+06,84.310776,1.2675085e+07,0.0,1.5652161e+06,0.0,40.375565,0.0,24.088894,1.5187359e+06,0.0,0.0,0.00036049244,116165.86,0.14970973,711.29974,0.0,3.54196,0.0,0.0,0.0,0.0,0.0,0.0,1.005459e+07,119.0397,1.27673e+06,83.95509,1.267388e+07,0.0,1.56521e+06,0.0,40.37535,0.0,24.061895,1.406696e+06,0.0,1.005459e+07,119.041,1.771509e+06,84.43997,1.267629e+07,0.0,1.565222e+06,0.0,40.3758,0.0,24.1208,1.620694e+06,0.0,1.005459e+07,119.04035,1.574238e+06,84.39738,1.2675085e+07,0.0,1.565216e+06,0.0,40.37554,0.0,24.08876,1.524985e+06,0.0,0.0,0.0013,494779.0,0.48488,2410.0,0.0,12.0,0.0,0.0,0.0,0.03204,6284.8,0.0,0.0,0.0013,-136715.0,0.48488,-2410.0,0.0,12.0,0.0,0.0,0.0,0.0,0.0,0,0,0,0,WELL-00001_20170201010207.parquet,WELL-00001,0
0.0,1.005459e+07,119.04158,1.6200879e+06,84.484,1.2672642e+07,0.0,1.5652282e+06,0.0,40.375565,0.0,24.088894,1.5187359e+06,0.0,0.0,0.0003618065,145317.19,0.025212549,710.98364,0.0,3.5044765,0.0,0.0,0.0,0.0,0.0,0.0,1.005459e+07,119.041,1.299155e+06,84.44141,1.267144e+07,0.0,1.565222e+06,0.0,40.37535,0.0,24.061895,1.406696e+06,0.0,1.005459e+07,119.0422,1.842398e+06,84.52659,1.267384e+07,0.0,1.565234e+06,0.0,40.3758,0.0,24.1208,1.620694e+06,0.0,1.005459e+07,119.0416,1.5957455e+06,84.48401,1.267264e+07,0.0,1.565228e+06,0.0,40.37554,0.0,24.08876,1.524985e+06,0.0,0.0,0.0012,543243.0,0.08518,2400.0,0.0,12.0,0.0,0.0,0.0,0.03204,6284.8,0.0,0.0,0.0012,-16465.0,0.08518,-2400.0,0.0,12.0,0.0,0.0,0.0,0.0,0.0,0,0,0,0,WELL-00001_20170201010207.parquet,WELL-00001,0
0.0,1.0054922e+07,119.04282,1.4947788e+06,84.58896,1.2670199e+07,0.0,1.5652404e+06,0.0,40.375565,0.0,24.088894,1.5187359e+06,0.0,1382.0537,0.00036223957,89278.914,0.046092514,711.2697,0.0,3.5294964,0.0,0.0,0.0,0.0,0.0,0.0,1.005459e+07,119.0422,1.295538e+06,84.52803,1.2669e+07,0.0,1.565234e+06,0.0,40.37535,0.0,24.061895,1.406696e+06,0.0,1.006257e+07,119.0434,1.649984e+06,84.67793,1.26714e+07,0.0,1.565246e+06,0.0,40.3758,0.0,24.1208,1.620694e+06,0.0,1.005459e+07,119.0428,1.49894e+06,84.577484,1.26702e+07,0.0,1.56524e+06,0.0,40.37554,0.0,24.08876,1.524985e+06,0.0,7980.0,0.0012,354446.0,0.1499,2400.0,0.0,12.0,0.0,0.0,0.0,0.03204,6284.8,0.0,7980.0,0.0012,115531.0,0.1499,-2400.0,0.0,12.0,0.0,0.0,0.0,0.0,0.0,0,0,0,0,WELL-00001_20170201010207.parquet,WELL-00001,0
0.0,1.0069888e+07,119.04406,1.5445304e+06,84.609116,1.2668184e+07,0.0,1.5652524e+06,0.0,40.375565,0.0,24.088894,1.5187359e+06,0.0,2728.0667,0.00036088403,146380.47,0.14081714,309.4389,0.0,3.5384889,0.0,0.0,0.0,0.0,0.0,0.0,1.006456e+07,119.0434,1.329536e+06,84.30669,1.266798e+07,0.0,1.565246e+06,0.0,40.37535,0.0,24.061895,1.406696e+06,0.0,1.007454e+07,119.0447,1.809123e+06,84.76305,1.266896e+07,0.0,1.565258e+06,0.0,40.3758,0.0,24.1208,1.620694e+06,0.0,1.0069925e+07,119.0441,1.5197835e+06,84.68304,1.266798e+07,0.0,1.565252e+06,0.0,40.37554,0.0,24.08876,1.524985e+06,0.0,9980.0,0.0013,479587.0,0.45636,980.0,0.0,12.0,0.0,0.0,0.0,0.03204,6284.8,0.0,920.0,0.0013,-208449.0,-0.37464,-980.0,0.0,12.0,0.0,0.0,0.0,0.0,0.0,0,0,0,0,WELL-00001_20170201010207.parquet,WELL-00001,0
0.0,1.006037e+07,119.045296,1.5885609e+06,84.154434,1.266798e+07,0.0,1.5652645e+06,0.0,40.375565,0.0,24.088894,1.5187359e+06,0.0,2927.6775,0.00036008083,96586.23,0.10210081,0.0,0.0,3.5102353,0.0,0.0,0.0,0.0,0.0,0.0,1.005542e+07,119.0447,1.357023e+06,83.98073,1.266798e+07,0.0,1.565259e+06,0.0,40.37535,0.0,24.061895,1.406696e+06,0.0,1.006532e+07,119.0459,1.744021e+06,84.34245,1.266798e+07,0.0,1.565271e+06,0.0,40.3758,0.0,24.1208,1.620694e+06,0.0,1.006037e+07,119.0453,1.59557e+06,84.15333,1.266798e+07,0.0,1.5652645e+06,0.0,40.37554,0.0,24.08876,1.524985e+06,0.0,9900.0,0.0012,386998.0,0.36172,0.0,0.0,12.0,0.0,0.0,0.0,0.03204,6284.8,0.0,-9900.0,0.0012,192604.0,0.04879,0.0,0.0,12.0,0.0,0.0,0.0,0.0,0.0,0,0,0,0,WELL-00001_20170201010207.parquet,WELL-00001,0
0.0,1.0055597e+07,119.04654,1.5403398e+06,84.50495,1.266798e+07,0.0,1.5652766e+06,0.0,40.375565,0.0,24.088894,1.5187359e+06,0.0,625.72394,0.00035800372,130566.33,0.06693799,0.0,0.0,3.5502446,0.0,0.0,0.0,0.0,0.0,0.0,1.005459e+07,119.0459,1.228989e+06,84.35278,1.266798e+07,0.0,1.565271e+06,0.0,40.37535,0.0,24.061895,1.406696e+06,0.0,1.005669e+07,119.0471,1.720873e+06,84.61115,1.266798e+07,0.0,1.565283e+06,0.0,40.3758,0.0,24.1208,1.620694e+06,0.0,1.005556e+07,119.0465,1.582267e+06,84.508835,1.266798e+07,0.0,1.565277e+06,0.0,40.37554,0.0,24.08876,1.524985e+06,0.0,2100.0,0.0012,491884.0,0.25837,0.0,0.0,12.0,0.0,0.0,0.0,0.03204,6284.8,0.0,1430.0,0.0012,-109652.0,0.0862,0.0,0.0,12.0,0.0,0.0,0.0,0.0,0.0,0,0,0,0,WELL-00001_20170201010207.parquet,WELL-00001,0
0.0,1.005786e+07,119.047775,1.657422e+06,84.256966,1.266798e+07,0.0,1.5652888e+06,0.0,40.375565,0.0,24.088894,1.5187359e+06,0.0,668.6021,0.00036223957,198178.14,0.118719034,0.0,0.0,3.527575,0.0,0.0,0.0,0.0,0.0,0.0,1.005673e+07,119.0472,1.297853e+06,84.04062,1.266798e+07,0.0,1.565283e+06,0.0,40.37535,0.0,24.061895,1.406696e+06,0.0,1.005899e+07,119.0484,1.961752e+06,84.43391,1.266798e+07,0.0,1.565295e+06,0.0,40.3758,0.0,24.1208,1.620694e+06,0.0,1.005786e+07,119.0478,1.6012695e+06,84.272026,1.266798e+07,0.0,1.565289e+06,0.0,40.37554,0.0,24.08876,1.524985e+06,0.0,2260.0,0.0012,663899.0,0.39329,0.0,0.0,12.0,0.0,0.0,0.0,0.03204,6284.8,0.0,2260.0,0.0012,-247554.0,-0.39329,0.0,0.0,12.0,0.0,0.0,0.0,0.0,0.0,0,0,0,0,WELL-00001_20170201010207.parquet,WELL-00001,0
0.0,1.0060157e+07,119.04901,1.4339165e+06,84.00205,1.266798e+07,0.0,1.5653009e+06,0.0,40.375565,0.0,24.088894,1.5187359e+06,0.0,668.8109,0.0003616464,166215.19,0.12385032,0.0,0.0,3.5502446,0.0,0.0,0.0,0.0,0.0,0.0,1.005903e+07,119.0484,1.158099e+06,83.82883,1.266798e+07,0.0,1.565295e+06,0.0,40.37535,0.0,24.061895,1.406696e+06,0.0,1.006129e+07,119.0496,1.822144e+06,84.27826,1.266798e+07,0.0,1.565307e+06,0.0,40.3758,0.0,24.1208,1.620694e+06,0.0,1.006016e+07,119.049,1.4170415e+06,83.97826,1.266798e+07,0.0,1.565301e+06,0.0,40.37554,0.0,24.08876,1.524985e+06,0.0,2260.0,0.0012,664045.0,0.44943,0.0,0.0,12.0,0.0,0.0,0.0,0.03204,6284.8,0.0,2260.0,0.0012,506208.0,0.24548,0.0,0.0,12.0,0.0,0.0,0.0,0.0,0.0,0,0,0,0,WELL-00001_20170201010207.parquet,WELL-00001,0
0.0,1.0062455e+07,119.050255,1.7719902e+06,84.40444,1.266798e+07,0.0,1.5653129e+06,0.0,40.375565,0.0,24.088894,1.5187359e+06,0.0,668.782,0.00036194702,124223.95,0.13303912,0.0,0.0,3.516065,0.0,0.0,0.0,0.0,0.0,0.0,1.006133e+07,119.0496,1.464081e+06,84.13138,1.266798e+07,0.0,1.565307e+06,0.0,40.37535,0.0,24.061895,1.406696e+06,0.0,1.006358e+07,119.0509,1.986347e+06,84.61874,1.266798e+07,0.0,1.565319e+06,0.0,40.3758,0.0,24.1208,1.620694e+06,0.0,1.0062455e+07,119.05025,1.785285e+06,84.41216,1.266798e+07,0.0,1.565313e+06,0.0,40.37554,0.0,24.08876,1.524985e+06,0.0,2250.0,0.0013,522266.0,0.48736,0.0,0.0,12.0,0.0,0.0,0.0,0.03204,6284.8,0.0,2250.0,0.0013,39118.0,-0.16051,0.0,0.0,12.0,0.0,0.0,0.0,0.0,0.0,0,0,0,0,WELL-00001_20170201010207.parquet,WELL-00001,0
0.0,1.0064752e+07,119.05149,1.347882e+06,83.43518,1.266798e+07,0.0,1.565325e+06,0.0,40.375565,0.0,24.088894,1.5187359e+06,0.0,668.85455,0.000363924,191536.97,0.50251776,0.0,0.0,3.596098,0.0,0.0,0.0,0.0,0.0,0.0,1.006362e+07,119.0509,1.044532e+06,82.68953,1.266798e+07,0.0,1.565319e+06,0.0,40.37535,0.0,24.061895,1.406696e+06,0.0,1.006588e+07,119.0521,1.765341e+06,84.11745,1.266798e+07,0.0,1.565331e+06,0.0,40.3758,0.0,24.1208,1.620694e+06,0.0,1.006475e+07,119.0515,1.3649835e+06,83.49681,1.266798e+07,0.0,1.565325e+06,0.0,40.37554,0.0,24.08876,1.524985e+06,0.0,2260.0,0.0012,720809.0,1.42792,0.0,0.0,12.0,0.0,0.0,0.0,0.03204,6284.8,0.0,2260.0,0.0012,-176917.0,-1.12381,0.0,0.0,12.0,0.0,0.0,0.0,0.0,0.0,0,0,0,0,WELL-00001_20170201010207.parquet,WELL-00001,0
0.0,1.006705e+07,119.05273,1.6256466e+06,83.57061,1.266798e+07,0.0,1.5653371e+06,0.0,40.375565,0.0,24.088894,1.5187359e+06,0.0,668.71857,0.00036177138,50226.992,0.27973396,0.0,0.0,3.516065,0.0,0.0,0.0,0.0,0.0,0.0,1.006592e+07,119.0521,1.499525e+06,83.01537,1.266798e+07,0.0,1.565331e+06,0.0,40.37535,0.0,24.061895,1.406696e+06,0.0,1.006818e+07,119.0533,1.746191e+06,83.88623,1.266798e+07,0.0,1.565343e+06,0.0,40.3758,0.0,24.1208,1.620694e+06,0.0,1.006705e+07,119.0527,1.6382895e+06,83.65619,1.266798e+07,0.0,1.565337e+06,0.0,40.37554,0.0,24.08876,1.524985e+06,0.0,2260.0,0.0012,246666.0,0.87086,0.0,0.0,12.0,0.0,0.0,0.0,0.03204,6284.8,0.0,2260.0,0.0012,-100198.0,0.87086,0.0,0.0,12.0,0.0,0.0,0.0,0.0,0.0,0,0,0,0,WELL-00001_20170201010207.parquet,WELL-00001,0
0.0,1.0069347e+07,119.05397,1.504819e+06,84.0682,1.266798e+07,0.0,1.5653491e+06,0.0,40.375565,0.0,24.088894,1.5187359e+06,0.0,668.91284,0.00036429253,97820.06,0.13888358,0.0,0.0,3.5614064,0.0,0.0,0.0,0.0,0.0,0.0,1.006822e+07,119.0534,1.252859e+06,83.89084,1.266798e+07,0.0,1.565343e+06,0.0,40.37535,0.0,24.061895,1.406696e+06,0.0,1.007048e+07,119.0546,1.656495e+06,84.36993,1.266798e+07,0.0,1.565355e+06,0.0,40.3758,0.0,24.1208,1.620694e+06,0.0,1.006935e+07,119.054,1.5171915e+06,84.02675,1.266798e+07,0.0,1.565349e+06,0.0,40.37554,0.0,24.08876,1.524985e+06,0.0,2260.0,0.0012,403636.0,0.47909,0.0,0.0,12.0,0.0,0.0,0.0,0.03204,6284.8,0.0,2260.0,0.0012,142187.0,0.47909,0.0,0.0,12.0,0.0,0.0,0.0,0.0,0.0,0,0,0,0,WELL-00001_20170201010207.parquet,WELL-00001,0
0.0,1.0071644e+07,119.05521,1.5922165e+06,84.70749,1.266798e+07,0.0,1.5653612e+06,0.0,40.375565,0.0,24.088894,1.5187359e+06,0.0,668.9566,0.00036192752,123800.18,0.15295307,0.0,0.0,3.5323765,0.0,0.0,0.0,0.0,0.0,0.0,1.007051e+07,119.0546,1.277454e+06,84.38354,1.266798e+07,0.0,1.565355e+06,0.0,40.37535,0.0,24.061895,1.406696e+06,0.0,1.007277e+07,119.0558,1.853248e+06,84.8466,1.266798e+07,0.0,1.565367e+06,0.0,40.3758,0.0,24.1208,1.620694e+06,0.0,1.0071645e+07,119.0552,1.623509e+06,84.78532,1.266798e+07,0.0,1.565361e+06,0.0,40.37554,0.0,24.08876,1.524985e+06,0.0,2260.0,0.0012,575794.0,0.46306,0.0,0.0,12.0,0.0,0.0,0.0,0.03204,6284.8,0.0,2260.0,0.0012,49498.0,0.44434,0.0,0.0,12.0,0.0,0.0,0.0,0.0,0.0,0,0,0,0,WELL-00001_20170201010207.parquet,WELL-00001,0
0.0,1.0073942e+07,119.05645,1.5100728e+06,84.80081,1.2667493e+07,0.0,1.5653734e+06,0.0,40.375565,0.0,24.088894,1.5187359e+06,0.0,668.7187,0.00036194702,135117.45,0.02038077,550.0172,0.0,3.5358934,0.0,0.0,0.0,0.0,0.0,0.0,1.007281e+07,119.0558,1.237669e+06,84.74912,1.266636e+07,0.0,1.565367e+06,0.0,40.37535,0.0,24.061895,1.406696e+06,0.0,1.007507e+07,119.0571,1.683259e+06,84.82713,1.266798e+07,0.0,1.565379e+06,0.0,40.3758,0.0,24.1208,1.620694e+06,0.0,1.007394e+07,119.05645,1.5502455e+06,84.80504,1.2667725e+07,0.0,1.5653735e+06,0.0,40.37554,0.0,24.08876,1.524985e+06,0.0,2260.0,0.0013,445590.0,0.07801,1620.0,0.0,12.0,0.0,0.0,0.0,0.03204,6284.8,0.0,2260.0,0.0013,12435.0,-0.07801,-1620.0,0.0,12.0,0.0,0.0,0.0,0.0,0.0,0,0,0,0,WELL-00001_20170201010207.parquet,WELL-00001,0
0.0,1.0076239e+07,119.057686,1.6428738e+06,84.64942,1.2664941e+07,0.0,1.5653855e+06,0.0,40.375565,0.0,24.088894,1.5187359e+06,0.0,668.63605,0.00036444757,43907.035,0.06013206,810.1736,0.0,3.4811842,0.0,0.0,0.0,0.0,0.0,0.0,1.007511e+07,119.0571,1.568968e+06,84.53382,1.266357e+07,0.0,1.56538e+06,0.0,40.37535,0.0,24.061895,1.406696e+06,0.0,1.007737e+07,119.0583,1.747638e+06,84.74596,1.266631e+07,0.0,1.565391e+06,0.0,40.3758,0.0,24.1208,1.620694e+06,0.0,1.007624e+07,119.0577,1.638181e+06,84.6526,1.266494e+07,0.0,1.5653855e+06,0.0,40.37554,0.0,24.08876,1.524985e+06,0.0,2260.0,0.0012,178670.0,0.21214,2740.0,0.0,11.0,0.0,0.0,0.0,0.03204,6284.8,0.0,2260.0,0.0012,-54231.0,-0.21214,-2740.0,0.0,11.0,0.0,0.0,0.0,0.0,0.0,0,0,0,0,WELL-00001_20170201010207.parquet,WELL-00001,0
0.0,1.0078537e+07,119.0589,1.5447344e+06,84.39532,1.2662158e+07,0.0,1.5653976e+06,0.0,40.375565,0.0,24.088894,1.5187359e+06,0.0,668.65576,0.00032935478,78844.98,0.07073959,810.3726,0.0,3.5528297,0.0,0.0,0.0,0.0,0.0,0.0,1.007741e+07,119.0583,1.380894e+06,84.29973,1.266079e+07,0.0,1.565392e+06,0.0,40.37535,0.0,24.061895,1.406696e+06,0.0,1.007967e+07,119.0593,1.688322e+06,84.52884,1.266353e+07,0.0,1.565404e+06,0.0,40.3758,0.0,24.1208,1.620694e+06,0.0,1.007854e+07,119.0589,1.541004e+06,84.38191,1.2662155e+07,0.0,1.5653975e+06,0.0,40.37554,0.0,24.08876,1.524985e+06,0.0,2260.0,0.001,307428.0,0.22911,2740.0,0.0,12.0,0.0,0.0,0.0,0.03204,6284.8,0.0,2260.0,0.001,16733.0,-0.1789,-2740.0,0.0,12.0,0.0,0.0,0.0,0.0,0.0,0,0,0,0,WELL-00001_20170201010207.parquet,WELL-00001,0
0.0,1.0080834e+07,119.0593,1.5899871e+06,84.46773,1.2659374e+07,0.0,1.5654098e+06,0.0,40.375565,0.0,24.088894,1.5187359e+06,0.0,668.9032,0.0,146978.16,0.06744767,810.37756,0.0,3.5044765,0.0,0.0,0.0,0.0,0.0,0.0,1.00797e+07,119.0593,1.280347e+06,84.3538,1.2658e+07,0.0,1.565404e+06,0.0,40.37535,0.0,24.061895,1.406696e+06,0.0,1.008196e+07,119.0593,1.782359e+06,84.58166,1.266074e+07,0.0,1.565416e+06,0.0,40.3758,0.0,24.1208,1.620694e+06,0.0,1.0080835e+07,119.0593,1.648176e+06,84.46773,1.2659375e+07,0.0,1.56541e+06,0.0,40.37554,0.0,24.08876,1.524985e+06,0.0,2260.0,0.0,502012.0,0.22786,2740.0,0.0,12.0,0.0,0.0,0.0,0.03204,6284.8,0.0,2260.0,0.0,140962.0,0.22786,-2740.0,0.0,12.0,0.0,0.0,0.0,0.0,0.0,0,0,0,0,WELL-00001_20170201010207.parquet,WELL-00001,0
0.0,1.0083131e+07,119.0593,1.6667304e+06,84.69123,1.265659e+07,0.0,1.5654218e+06,0.0,40.375565,0.0,24.088894,1.5187359e+06,0.0,668.5488,0.0,129809.55,0.05684866,810.5083,0.0,3.5044765,0.0,0.0,0.0,0.0,0.0,0.0,1.0082e+07,119.0593,1.458294e+06,84.58552,1.265522e+07,0.0,1.565416e+06,0.0,40.37535,0.0,24.061895,1.406696e+06,0.0,1.008426e+07,119.0593,1.881459e+06,84.75545,1.265796e+07,0.0,1.565428e+06,0.0,40.3758,0.0,24.1208,1.620694e+06,0.0,1.008313e+07,119.0593,1.649261e+06,84.69945,1.265659e+07,0.0,1.565422e+06,0.0,40.37554,0.0,24.08876,1.524985e+06,0.0,2260.0,0.0,423165.0,0.16993,2740.0,0.0,12.0,0.0,0.0,0.0,0.03204,6284.8,0.0,2260.0,0.0,-269038.0,0.1662,-2740.0,0.0,12.0,0.0,0.0,0.0,0.0,0.0,0,0,0,0,WELL-00001_20170201010207.parquet,WELL-00001,0
0.0,1.0085429e+07,119.0593,1.4843164e+06,84.654045,1.2653806e+07,0.0,1.5654339e+06,0.0,40.375565,0.0,24.088894,1.5187359e+06,0.0,668.61176,0.0,241993.94,0.19619384,810.6201,0.0,3.5485334,0.0,0.0,0.0,0.0,0.0,0.0,1.00843e+07,119.0593,1.077083e+06,84.01618,1.265244e+07,0.0,1.565428e+06,0.0,40.37535,0.0,24.061895,1.406696e+06,0.0,1.008656e+07,119.0593,1.807677e+06,84.75146,1.265518e+07,0.0,1.56544e+06,0.0,40.3758,0.0,24.1208,1.620694e+06,0.0,1.008543e+07,119.0593,1.527881e+06,84.744125,1.2653805e+07,0.0,1.565434e+06,0.0,40.37554,0.0,24.08876,1.524985e+06,0.0,2260.0,0.0,730594.0,0.73528,2740.0,0.0,12.0,0.0,0.0,0.0,0.03204,6284.8,0.0,2260.0,0.0,-207757.0,-0.73528,-2740.0,0.0,12.0,0.0,0.0,0.0,0.0,0.0,0,0,0,0,WELL-00001_20170201010207.parquet,WELL-00001,0
0.0,1.0087726e+07,119.0593,1.6319216e+06,84.11574,1.2651022e+07,0.0,1.5654459e+06,0.0,40.375565,0.0,24.088894,1.5187359e+06,0.0,668.75287,0.0,241261.89,0.29422247,810.13,0.0,3.5429168,0.0,0.0,0.0,0.0,0.0,0.0,1.00866e+07,119.0593,1.309815e+06,83.65414,1.264965e+07,0.0,1.56544e+06,0.0,40.37535,0.0,24.061895,1.406696e+06,0.0,1.008886e+07,119.0593,2.08183e+06,84.63969,1.265239e+07,0.0,1.565452e+06,0.0,40.3758,0.0,24.1208,1.620694e+06,0.0,1.008773e+07,119.0593,1.6141775e+06,84.09113,1.2651025e+07,0.0,1.565446e+06,0.0,40.37554,0.0,24.08876,1.524985e+06,0.0,2260.0,0.0,772015.0,0.98555,2740.0,0.0,12.0,0.0,0.0,0.0,0.03204,6284.8,0.0,2260.0,0.0,509164.0,0.67523,-2740.0,0.0,12.0,0.0,0.0,0.0,0.0,0.0,0,0,0,0,WELL-00001_20170201010207.parquet,WELL-00001,0
0.0,1.0090024e+07,119.0593,1.3910949e+06,84.08891,1.2650292e+07,0.0,1.565458e+06,0.0,40.375565,0.0,24.088894,1.5187359e+06,0.0,668.63153,0.0,166073.77,0.3378374,2377.4697,0.0,3.56739,0.0,0.0,0.0,0.0,0.0,0.0,1.008889e+07,119.0593,1.048149e+06,83.64655,1.264803e+07,0.0,1.565452e+06,0.0,40.37535,0.0,24.061895,1.406696e+06,0.0,1.009115e+07,119.0593,1.731362e+06,84.73267,1.265634e+07,0.0,1.565464e+06,0.0,40.3758,0.0,24.1208,1.620694e+06,0.0,1.009002e+07,119.0593,1.408781e+06,83.98858,1.264926e+07,0.0,1.565458e+06,0.0,40.37554,0.0,24.08876,1.524985e+06,0.0,2260.0,0.0,683213.0,1.08612,8310.0,0.0,12.0,0.0,0.0,0.0,0.03204,6284.8,0.0,2260.0,0.0,-108537.0,-0.61132,6730.0,0.0,12.0,0.0,0.0,0.0,0.0,0.0,0,0,0,0,WELL-00001_20170201010207.parquet,WELL-00001,0
0.0,1.0092321e+07,119.05927,1.676119e+06,84.51224,1.2662882e+07,0.0,1.5654701e+06,0.0,40.375565,0.0,24.088894,1.5187359e+06,0.0,668.39825,0.00011394319,36771.066,0.23822027,3092.565,0.0,3.516065,0.0,0.0,0.0,0.0,0.0,0.0,1.009119e+07,119.0587,1.587155e+06,84.06366,1.265667e+07,0.0,1.565464e+06,0.0,40.37535,0.0,24.061895,1.406696e+06,0.0,1.009345e+07,119.0593,1.755595e+06,84.82996,1.266798e+07,0.0,1.565476e+06,0.0,40.3758,0.0,24.1208,1.620694e+06,0.0,1.009232e+07,119.0593,1.6701335e+06,84.55586,1.266299e+07,0.0,1.56547e+06,0.0,40.37554,0.0,24.08876,1.524985e+06,0.0,2260.0,0.0006,168440.0,0.7663,11310.0,0.0,12.0,0.0,0.0,0.0,0.03204,6284.8,0.0,2260.0,-0.0006,-45140.0,0.7663,3000.0,0.0,12.0,0.0,0.0,0.0,0.0,0.0,0,0,0,0,WELL-00001_20170201010207.parquet,WELL-00001,0
0.0,1.009268e+07,119.05547,1.5339044e+06,84.977715,1.2651327e+07,0.0,1.5654822e+06,0.0,40.375565,0.0,24.088894,1.5187359e+06,0.0,1706.7518,0.0018668465,141389.08,0.0664757,3819.2124,0.0,3.544511,0.0,0.0,0.0,0.0,0.0,0.0,1.008891e+07,119.0523,1.218862e+06,84.83717,1.264803e+07,0.0,1.565476e+06,0.0,40.37535,0.0,24.061895,1.406696e+06,0.0,1.009448e+07,119.0586,1.717188e+06,85.08205,1.265934e+07,0.0,1.565488e+06,0.0,40.3758,0.0,24.1208,1.620694e+06,0.0,1.009355e+07,119.05545,1.563778e+06,84.983025,1.2649525e+07,0.0,1.565482e+06,0.0,40.37554,0.0,24.08876,1.524985e+06,0.0,5570.0,0.0063,498326.0,0.24488,11310.0,0.0,12.0,0.0,0.0,0.0,0.03204,6284.8,0.0,-4580.0,-0.0063,141262.0,0.09298,-11310.0,0.0,12.0,0.0,0.0,0.0,0.0,0.0,0,0,0,0,WELL-00001_20170201010207.parquet,WELL-00001,0
0.0,1.0083749e+07,119.04906,1.6815086e+06,84.79048,1.264803e+07,0.0,1.5654942e+06,0.0,40.375565,0.0,24.088894,1.5187359e+06,0.0,2952.4543,0.0018694118,103947.18,0.060516946,0.0,0.0,3.5044765,0.0,0.0,0.0,0.0,0.0,0.0,1.007876e+07,119.0459,1.423573e+06,84.71748,1.264803e+07,0.0,1.565488e+06,0.0,40.37535,0.0,24.061895,1.406696e+06,0.0,1.008874e+07,119.0522,1.809123e+06,84.92407,1.264803e+07,0.0,1.5655e+06,0.0,40.3758,0.0,24.1208,1.620694e+06,0.0,1.0083745e+07,119.04905,1.716104e+06,84.76808,1.264803e+07,0.0,1.565494e+06,0.0,40.37554,0.0,24.08876,1.524985e+06,0.0,9980.0,0.0063,385550.0,0.20659,0.0,0.0,12.0,0.0,0.0,0.0,0.03204,6284.8,0.0,-9980.0,-0.0063,74208.0,-0.14776,0.0,0.0,12.0,0.0,0.0,0.0,0.0,0.0,0,0,0,0,WELL-00001_20170201010207.parquet,WELL-00001,0
0.0,1.0075816e+07,119.04265,1.6779138e+06,84.746735,1.264803e+07,0.0,1.5655064e+06,0.0,40.375565,0.0,24.088894,1.5187359e+06,0.0,1067.7509,0.0018688791,274148.12,0.191683,0.0,0.0,3.5623581,0.0,0.0,0.0,0.0,0.0,0.0,1.007454e+07,119.0395,1.156653e+06,84.10665,1.264803e+07,0.0,1.5655e+06,0.0,40.37535,0.0,24.061895,1.406696e+06,0.0,1.007859e+07,119.0458,1.981283e+06,84.88457,1.264803e+07,0.0,1.565512e+06,0.0,40.3758,0.0,24.1208,1.620694e+06,0.0,1.007554e+07,119.04265,1.792821e+06,84.8175,1.264803e+07,0.0,1.5655065e+06,0.0,40.37554,0.0,24.08876,1.524985e+06,0.0,4050.0,0.0063,824630.0,0.77792,0.0,0.0,12.0,0.0,0.0,0.0,0.03204,6284.8,0.0,-2600.0,-0.0063,-634432.0,-0.67202,0.0,0.0,12.0,0.0,0.0,0.0,0.0,0.0,0,0,0,0,WELL-00001_20170201010207.parquet,WELL-00001,0
0.0,1.0077252e+07,119.03623,1.4794972e+06,83.970535,1.264803e+07,0.0,1.5655185e+06,0.0,40.375565,0.0,24.088894,1.5187359e+06,0.0,724.3718,0.0018674275,206386.66,0.08285486,0.0,0.0,3.4811842,0.0,0.0,0.0,0.0,0.0,0.0,1.007603e+07,119.0331,1.173652e+06,83.82883,1.264803e+07,0.0,1.565513e+06,0.0,40.37535,0.0,24.061895,1.406696e+06,0.0,1.007848e+07,119.0394,1.89665e+06,84.11263,1.264803e+07,0.0,1.565524e+06,0.0,40.3758,0.0,24.1208,1.620694e+06,0.0,1.007725e+07,119.03625,1.4602745e+06,83.97073,1.264803e+07,0.0,1.5655185e+06,0.0,40.37554,0.0,24.08876,1.524985e+06,0.0,2450.0,0.0063,722998.0,0.2838,0.0,0.0,11.0,0.0,0.0,0.0,0.03204,6284.8,0.0,2450.0,-0.0063,440526.0,0.06154,0.0,0.0,11.0,0.0,0.0,0.0,0.0,0.0,0,0,0,0,WELL-00001_20170201010207.parquet,WELL-00001,0
0.0,1.007974e+07,119.02982,1.6582875e+06,84.27002,1.264803e+07,0.0,1.5655305e+06,0.0,40.375565,0.0,24.088894,1.5187359e+06,0.0,724.1533,0.0018665083,139586.14,0.090117134,0.0,0.0,3.5243704,0.0,0.0,0.0,0.0,0.0,0.0,1.007852e+07,119.0267,1.331706e+06,84.1178,1.264803e+07,0.0,1.565525e+06,0.0,40.37535,0.0,24.061895,1.406696e+06,0.0,1.008096e+07,119.033,1.832271e+06,84.42224,1.264803e+07,0.0,1.565536e+06,0.0,40.3758,0.0,24.1208,1.620694e+06,0.0,1.007974e+07,119.02985,1.6823125e+06,84.27002,1.264803e+07,0.0,1.5655305e+06,0.0,40.37554,0.0,24.08876,1.524985e+06,0.0,2440.0,0.0063,500565.0,0.30444,0.0,0.0,11.0,0.0,0.0,0.0,0.03204,6284.8,0.0,2440.0,-0.0063,264395.0,0.30444,0.0,0.0,11.0,0.0,0.0,0.0,0.0,0.0,0,0,0,0,WELL-00001_20170201010207.parquet,WELL-00001,0
0.0,1.0082229e+07,119.02341,1.603089e+06,84.332184,1.264803e+07,0.0,1.5655428e+06,0.0,40.375565,0.0,24.088894,1.5187359e+06,0.0,724.1437,0.0018613182,135808.75,0.13572334,0.0,0.0,3.5044765,0.0,0.0,0.0,0.0,0.0,0.0,1.008101e+07,119.0203,1.323025e+06,84.07201,1.264803e+07,0.0,1.565537e+06,0.0,40.37535,0.0,24.061895,1.406696e+06,0.0,1.008345e+07,119.0266,1.82004e+06,84.50481,1.264803e+07,0.0,1.565549e+06,0.0,40.3758,0.0,24.1208,1.620694e+06,0.0,1.008223e+07,119.02345,1.6093525e+06,84.36218,1.264803e+07,0.0,1.565543e+06,0.0,40.37554,0.0,24.08876,1.524985e+06,0.0,2440.0,0.0063,497015.0,0.4328,0.0,0.0,12.0,0.0,0.0,0.0,0.03204,6284.8,0.0,2440.0,-0.0063,-124904.0,-0.3554,0.0,0.0,12.0,0.0,0.0,0.0,0.0,0.0,0,0,0,0,WELL-00001_20170201010207.parquet,WELL-00001,0
0.0,1.0084718e+07,119.017,1.5289846e+06,83.69997,1.264803e+07,0.0,1.5655548e+06,0.0,40.375565,0.0,24.088894,1.5187359e+06,0.0,724.28955,0.0018601045,312232.84,0.23722261,0.0,0.0,3.5575972,0.0,0.0,0.0,0.0,0.0,0.0,1.008349e+07,119.0138,1.167503e+06,83.28538,1.264803e+07,0.0,1.565549e+06,0.0,40.37535,0.0,24.061895,1.406696e+06,0.0,1.008594e+07,119.0201,2.133189e+06,84.06216,1.264803e+07,0.0,1.565561e+06,0.0,40.3758,0.0,24.1208,1.620694e+06,0.0,1.008472e+07,119.017,1.434242e+06,83.71032,1.264803e+07,0.0,1.565555e+06,0.0,40.37554,0.0,24.08876,1.524985e+06,0.0,2450.0,0.0063,965686.0,0.77678,0.0,0.0,12.0,0.0,0.0,0.0,0.03204,6284.8,0.0,2450.0,-0.0063,-393640.0,-0.77678,0.0,0.0,12.0,0.0,0.0,0.0,0.0,0.0,0,0,0,0,WELL-00001_20170201010207.parquet,WELL-00001,0
0.0,1.0087206e+07,119.01058,1.5591275e+06,83.553566,1.264803e+07,0.0,1.5655669e+06,0.0,40.375565,0.0,24.088894,1.5187359e+06,0.0,724.2749,0.0018645208,171554.94,0.37284973,0.0,0.0,3.516065,0.0,0.0,0.0,0.0,0.0,0.0,1.008598e+07,119.0074,1.252136e+06,83.06931,1.264803e+07,0.0,1.565561e+06,0.0,40.37535,0.0,24.061895,1.406696e+06,0.0,1.008843e+07,119.0137,1.908947e+06,84.17474,1.264803e+07,0.0,1.565573e+06,0.0,40.3758,0.0,24.1208,1.620694e+06,0.0,1.0087205e+07,119.01055,1.5507635e+06,83.48566,1.264803e+07,0.0,1.565567e+06,0.0,40.37554,0.0,24.08876,1.524985e+06,0.0,2450.0,0.0063,656811.0,1.10543,0.0,0.0,12.0,0.0,0.0,0.0,0.03204,6284.8,0.0,2450.0,-0.0063,138035.0,0.90377,0.0,0.0,12.0,0.0,0.0,0.0,0.0,0.0,0,0,0,0,WELL-00001_20170201010207.parquet,WELL-00001,0
0.0,1.0089694e+07,119.00417,1.5427911e+06,84.20735,1.264803e+07,0.0,1.565579e+06,0.0,40.375565,0.0,24.088894,1.5187359e+06,0.0,724.27,0.0018668465,180830.0,0.020349802,0.0,0.0,3.5461445,0.0,0.0,0.0,0.0,0.0,0.0,1.008847e+07,119.001,1.163886e+06,84.17577,1.264803e+07,0.0,1.565573e+06,0.0,40.37535,0.0,24.061895,1.406696e+06,0.0,1.009092e+07,119.0073,1.831548e+06,84.2605,1.264803e+07,0.0,1.565585e+06,0.0,40.3758,0.0,24.1208,1.620694e+06,0.0,1.008969e+07,119.00415,1.595712e+06,84.206154,1.264803e+07,0.0,1.565579e+06,0.0,40.37554,0.0,24.08876,1.524985e+06,0.0,2450.0,0.0063,667662.0,0.08473,0.0,0.0,12.0,0.0,0.0,0.0,0.03204,6284.8,0.0,2450.0,-0.0063,-10163.0,0.08473,0.0,0.0,12.0,0.0,0.0,0.0,0.0,0.0,0,0,0,0,WELL-00001_20170201010207.parquet,WELL-00001,0
0.0,1.0092183e+07,118.99776,1.5589942e+06,84.4386,1.264803e+07,0.0,1.5655911e+06,0.0,40.375565,0.0,24.088894,1.5187359e+06,0.0,724.1778,0.0018694118,75614.27,0.102522105,0.0,0.0,3.516065,0.0,0.0,0.0,0.0,0.0,0.0,1.009096e+07,118.9946,1.359193e+06,84.26632,1.264803e+07,0.0,1.565585e+06,0.0,40.37535,0.0,24.061895,1.406696e+06,0.0,1.009341e+07,119.0009,1.696279e+06,84.61981,1.264803e+07,0.0,1.565597e+06,0.0,40.3758,0.0,24.1208,1.620694e+06,0.0,1.009218e+07,118.99775,1.5608475e+06,84.4381,1.264803e+07,0.0,1.565591e+06,0.0,40.37554,0.0,24.08876,1.524985e+06,0.0,2450.0,0.0063,337086.0,0.35349,0.0,0.0,12.0,0.0,0.0,0.0,0.03204,6284.8,0.0,2450.0,-0.0063,142100.0,0.35349,0.0,0.0,12.0,0.0,0.0,0.0,0.0,0.0,0,0,0,0,WELL-00001_20170201010207.parquet,WELL-00001,0
0.0,1.0091393e+07,118.99135,1.7168416e+06,84.857994,1.2647597e+07,0.0,1.5656031e+06,0.0,40.375565,0.0,24.088894,1.5187359e+06,0.0,3135.606,0.0018688791,46211.258,0.13638283,638.22394,0.0,3.54196,0.0,0.0,0.0,0.0,0.0,0.0,1.008465e+07,118.9882,1.646729e+06,84.62762,1.264604e+07,0.0,1.565597e+06,0.0,40.37535,0.0,24.061895,1.406696e+06,0.0,1.009448e+07,118.9945,1.848395e+06,85.08837,1.264803e+07,0.0,1.565609e+06,0.0,40.3758,0.0,24.1208,1.620694e+06,0.0,1.0093185e+07,118.99135,1.7110175e+06,84.857994,1.264803e+07,0.0,1.565603e+06,0.0,40.37554,0.0,24.08876,1.524985e+06,0.0,9830.0,0.0063,201666.0,0.46075,1990.0,0.0,12.0,0.0,0.0,0.0,0.03204,6284.8,0.0,-8800.0,-0.0063,201666.0,0.46075,-1990.0,0.0,12.0,0.0,0.0,0.0,0.0,0.0,0,0,0,0,WELL-00001_20170201010207.parquet,WELL-00001,0
0.0,1.0077853e+07,118.98493,1.6145581e+06,84.700905,1.2643602e+07,0.0,1.5656152e+06,0.0,40.375565,0.0,24.088894,1.5187359e+06,0.0,2974.5615,0.0018674275,263749.6,0.29548132,1394.3577,0.0,3.5044765,0.0,0.0,0.0,0.0,0.0,0.0,1.007454e+07,118.9818,1.310728e+06,84.19188,1.264125e+07,0.0,1.565609e+06,0.0,40.37535,0.0,24.061895,1.406696e+06,0.0,1.008437e+07,118.9881,2.038428e+06,85.13522,1.264596e+07,0.0,1.565621e+06,0.0,40.3758,0.0,24.1208,1.620694e+06,0.0,1.007649e+07,118.98495,1.471531e+06,84.70722,1.26436e+07,0.0,1.565615e+06,0.0,40.37554,0.0,24.08876,1.524985e+06,0.0,9830.0,0.0063,727700.0,0.94334,4710.0,0.0,12.0,0.0,0.0,0.0,0.03204,6284.8,0.0,-7760.0,-0.0063,-418289.0,-0.9043,-4710.0,0.0,12.0,0.0,0.0,0.0,0.0,0.0,0,0,0,0,WELL-00001_20170201010207.parquet,WELL-00001,0
0.0,1.0079149e+07,119.01394,1.5682408e+06,84.03727,1.2638814e+07,0.0,1.5656274e+06,0.0,40.375565,0.0,24.088894,1.5187359e+06,0.0,1451.8212,0.022566551,308869.44,0.04628715,1393.0858,0.0,3.5294964,0.0,0.0,0.0,0.0,0.0,0.0,1.00767e+07,118.9811,1.040915e+06,83.96889,1.263646e+07,0.0,1.565621e+06,0.0,40.37535,0.0,24.061895,1.406696e+06,0.0,1.00816e+07,119.0526,2.063746e+06,84.17442,1.264117e+07,0.0,1.565633e+06,0.0,40.3758,0.0,24.1208,1.620694e+06,0.0,1.007915e+07,119.01355,1.5762335e+06,84.033455,1.263881e+07,0.0,1.565627e+06,0.0,40.37554,0.0,24.08876,1.524985e+06,0.0,4900.0,0.0715,1.022831e+06,0.20553,4710.0,0.0,12.0,0.0,0.0,0.0,0.03204,6284.8,0.0,4900.0,0.0709,-294760.0,-0.20553,-4710.0,0.0,12.0,0.0,0.0,0.0,0.0,0.0,0,0,0,0,WELL-00001_20170201010207.parquet,WELL-00001,0
0.0,1.0084136e+07,119.048546,1.4894956e+06,83.44074,1.2634026e+07,0.0,1.5656394e+06,0.0,40.375565,0.0,24.088894,1.5187359e+06,0.0,1452.122,0.006750329,158941.69,0.31722665,1392.8186,0.0,3.5384889,0.0,0.0,0.0,0.0,0.0,0.0,1.008168e+07,119.0368,1.180363e+06,82.90221,1.263167e+07,0.0,1.565633e+06,0.0,40.37535,0.0,24.061895,1.406696e+06,0.0,1.008659e+07,119.0593,1.691889e+06,83.9667,1.263638e+07,0.0,1.565645e+06,0.0,40.3758,0.0,24.1208,1.620694e+06,0.0,1.0084135e+07,119.0488,1.4955105e+06,83.44143,1.263403e+07,0.0,1.565639e+06,0.0,40.37554,0.0,24.08876,1.524985e+06,0.0,4910.0,0.0225,511526.0,1.06449,4710.0,0.0,12.0,0.0,0.0,0.0,0.03204,6284.8,0.0,4910.0,-0.0172,511526.0,-0.12425,-4710.0,0.0,12.0,0.0,0.0,0.0,0.0,0.0,0,0,0,0,WELL-00001_20170201010207.parquet,WELL-00001,0
0.0,1.0089123e+07,119.02429,1.5828514e+06,84.26991,1.2629397e+07,0.0,1.5656515e+06,0.0,40.375565,0.0,24.088894,1.5187359e+06,0.0,1451.8842,0.00714051,66132.805,0.20464587,1185.4569,0.0,3.5102353,0.0,0.0,0.0,0.0,0.0,0.0,1.008667e+07,119.0122,1.484335e+06,83.87011,1.262808e+07,0.0,1.565646e+06,0.0,40.37535,0.0,24.061895,1.406696e+06,0.0,1.009158e+07,119.0364,1.707853e+06,84.61028,1.263159e+07,0.0,1.565658e+06,0.0,40.3758,0.0,24.1208,1.620694e+06,0.0,1.008912e+07,119.0243,1.571347e+06,84.27261,1.262924e+07,0.0,1.5656515e+06,0.0,40.37554,0.0,24.08876,1.524985e+06,0.0,4910.0,0.0242,223518.0,0.74017,3510.0,0.0,12.0,0.0,0.0,0.0,0.03204,6284.8,0.0,4910.0,-0.0242,-6826.0,0.74017,-3510.0,0.0,12.0,0.0,0.0,0.0,0.0,0.0,0,0,0,0,WELL-00001_20170201010207.parquet,WELL-00001,0
0.0,1.0091859e+07,118.99975,1.6233188e+06,84.78516,1.262808e+07,0.0,1.5656636e+06,0.0,40.375565,0.0,24.088894,1.5187359e+06,0.0,2223.994,0.0071454025,93958.33,0.0554535,0.0,0.0,3.5502446,0.0,0.0,0.0,0.0,0.0,0.0,1.008617e+07,118.9877,1.395361e+06,84.62173,1.262808e+07,0.0,1.565658e+06,0.0,40.37535,0.0,24.061895,1.406696e+06,0.0,1.009448e+07,119.0118,1.80189e+06,84.83242,1.262808e+07,0.0,1.56567e+06,0.0,40.3758,0.0,24.1208,1.620694e+06,0.0,1.009249e+07,118.99975,1.626134e+06,84.806274,1.262808e+07,0.0,1.565664e+06,0.0,40.37554,0.0,24.08876,1.524985e+06,0.0,8310.0,0.0241,406529.0,0.21069,0.0,0.0,12.0,0.0,0.0,0.0,0.03204,6284.8,0.0,-5490.0,-0.0241,-54007.0,0.21069,0.0,0.0,12.0,0.0,0.0,0.0,0.0,0.0,0,0,0,0,WELL-00001_20170201010207.parquet,WELL-00001,0
0.0,1.0077383e+07,118.98193,1.6751881e+06,84.7511,1.262808e+07,0.0,1.5656758e+06,0.0,40.375565,0.0,24.088894,1.5187359e+06,0.0,4247.9175,0.0016987832,152530.28,0.0824894,0.0,0.0,3.527575,0.0,0.0,0.0,0.0,0.0,0.0,1.007246e+07,118.9811,1.364257e+06,84.59666,1.262808e+07,0.0,1.56567e+06,0.0,40.37535,0.0,24.061895,1.406696e+06,0.0,1.008584e+07,118.9873,1.941498e+06,84.8466,1.262808e+07,0.0,1.565682e+06,0.0,40.3758,0.0,24.1208,1.620694e+06,0.0,1.0076035e+07,118.9811,1.6645065e+06,84.76424,1.262808e+07,0.0,1.565676e+06,0.0,40.37554,0.0,24.08876,1.524985e+06,0.0,13380.0,0.0062,577241.0,0.24994,0.0,0.0,12.0,0.0,0.0,0.0,0.03204,6284.8,0.0,-13380.0,-0.0062,23588.0,-0.23665,0.0,0.0,12.0,0.0,0.0,0.0,0.0,0.0,0,0,0,0,WELL-00001_20170201010207.parquet,WELL-00001,0
0.0,1.0069922e+07,118.9811,1.5386559e+06,84.42341,1.262808e+07,0.0,1.5656879e+06,0.0,40.375565,0.0,24.088894,1.5187359e+06,0.0,1451.365,0.0,106269.68,0.09920618,0.0,0.0,3.5485334,0.0,0.0,0.0,0.0,0.0,0.0,1.006747e+07,118.9811,1.359193e+06,84.25583,1.262808e+07,0.0,1.565682e+06,0.0,40.37535,0.0,24.061895,1.406696e+06,0.0,1.007237e+07,118.9811,1.712917e+06,84.59098,1.262808e+07,0.0,1.565694e+06,0.0,40.3758,0.0,24.1208,1.620694e+06,0.0,1.006992e+07,118.9811,1.5540485e+06,84.42341,1.262808e+07,0.0,1.565688e+06,0.0,40.37554,0.0,24.08876,1.524985e+06,0.0,4900.0,0.0,353724.0,0.33515,0.0,0.0,12.0,0.0,0.0,0.0,0.03204,6284.8,0.0,-4900.0,0.0,-12374.0,-0.33515,0.0,0.0,12.0,0.0,0.0,0.0,0.0,0.0,0,0,0,0,WELL-00001_20170201010207.parquet,WELL-00001,0
0.0,1.0064935e+07,118.9811,1.7359526e+06,84.3395,1.262808e+07,0.0,1.5656999e+06,0.0,40.375565,0.0,24.088894,1.5187359e+06,0.0,1451.6951,0.0,151121.28,0.1293268,0.0,0.0,3.516065,0.0,0.0,0.0,0.0,0.0,0.0,1.006248e+07,118.9811,1.334599e+06,84.17062,1.262808e+07,0.0,1.565694e+06,0.0,40.37535,0.0,24.061895,1.406696e+06,0.0,1.006739e+07,118.9811,1.877843e+06,84.58524,1.262808e+07,0.0,1.565706e+06,0.0,40.3758,0.0,24.1208,1.620694e+06,0.0,1.0064935e+07,118.9811,1.7832995e+06,84.31344,1.262808e+07,0.0,1.5657e+06,0.0,40.37554,0.0,24.08876,1.524985e+06,0.0,4910.0,0.0,543244.0,0.41462,0.0,0.0,12.0,0.0,0.0,0.0,0.03204,6284.8,0.0,-4910.0,0.0,-229571.0,0.33509,0.0,0.0,12.0,0.0,0.0,0.0,0.0,0.0,0,0,0,0,WELL-00001_20170201010207.parquet,WELL-00001,0
0.0,1.0059947e+07,118.9811,1.5830838e+06,84.56594,1.262808e+07,0.0,1.565712e+06,0.0,40.375565,0.0,24.088894,1.5187359e+06,0.0,1451.8018,0.0,64812.508,0.11716312,0.0,0.0,3.6032002,0.0,0.0,0.0,0.0,0.0,0.0,1.00575e+07,118.9811,1.451784e+06,84.33721,1.262808e+07,0.0,1.565706e+06,0.0,40.37535,0.0,24.061895,1.406696e+06,0.0,1.00624e+07,118.9811,1.691939e+06,84.73267,1.262808e+07,0.0,1.565718e+06,0.0,40.3758,0.0,24.1208,1.620694e+06,0.0,1.005995e+07,118.9811,1.587279e+06,84.59615,1.262808e+07,0.0,1.565712e+06,0.0,40.37554,0.0,24.08876,1.524985e+06,0.0,4900.0,0.0,240155.0,0.39546,0.0,0.0,12.0,0.0,0.0,0.0,0.03204,6284.8,0.0,-4900.0,0.0,95376.0,-0.25725,0.0,0.0,12.0,0.0,0.0,0.0,0.0,0.0,0,0,0,0,WELL-00001_20170201010207.parquet,WELL-00001,0
0.0,1.0054585e+07,118.9811,1.6007794e+06,84.342865,1.262808e+07,0.0,1.5657241e+06,0.0,40.375565,0.0,24.088894,1.5187359e+06,0.0,1942.8064,0.0,127780.11,0.10291713,0.0,0.0,3.516065,0.0,0.0,0.0,0.0,0.0,0.0,1.005078e+07,118.9811,1.487228e+06,84.19341,1.262808e+07,0.0,1.565718e+06,0.0,40.37535,0.0,24.061895,1.406696e+06,0.0,1.005741e+07,118.9811,1.919798e+06,84.54404,1.262808e+07,0.0,1.56573e+06,0.0,40.3758,0.0,24.1208,1.620694e+06,0.0,1.005496e+07,118.9811,1.550098e+06,84.32007,1.262808e+07,0.0,1.565724e+06,0.0,40.37554,0.0,24.08876,1.524985e+06,0.0,6630.0,0.0,432570.0,0.35063,0.0,0.0,12.0,0.0,0.0,0.0,0.03204,6284.8,0.0,-6630.0,0.0,287505.0,0.21582,0.0,0.0,12.0,0.0,0.0,0.0,0.0,0.0,0,0,0,0,WELL-00001_20170201010207.parquet,WELL-00001,0
0.0,1.0046134e+07,118.9811,1.572235e+06,84.51279,1.262808e+07,0.0,1.5657361e+06,0.0,40.375565,0.0,24.088894,1.5187359e+06,0.0,2659.3909,0.0,178700.1,0.121160574,0.0,0.0,3.5614064,0.0,0.0,0.0,0.0,0.0,0.0,1.004164e+07,118.9811,1.189204e+06,84.27407,1.262808e+07,0.0,1.56573e+06,0.0,40.37535,0.0,24.061895,1.406696e+06,0.0,1.005063e+07,118.9811,1.84493e+06,84.6795,1.262808e+07,0.0,1.565742e+06,0.0,40.3758,0.0,24.1208,1.620694e+06,0.0,1.0046135e+07,118.9811,1.582317e+06,84.54975,1.262808e+07,0.0,1.565736e+06,0.0,40.37554,0.0,24.08876,1.524985e+06,0.0,8990.0,0.0,655726.0,0.40543,0.0,0.0,12.0,0.0,0.0,0.0,0.03204,6284.8,0.0,-8990.0,0.0,-210136.0,-0.27793,0.0,0.0,12.0,0.0,0.0,0.0,0.0,0.0,0,0,0,0,WELL-00001_20170201010207.parquet,WELL-00001,0
0.0,1.0037174e+07,118.9811,1.4377376e+06,84.15781,1.262808e+07,0.0,1.5657482e+06,0.0,40.375565,0.0,24.088894,1.5187359e+06,0.0,2415.045,0.0,156690.69,0.03193315,0.0,0.0,3.5044765,0.0,0.0,0.0,0.0,0.0,0.0,1.003393e+07,118.9811,1.100231e+06,84.13264,1.262808e+07,0.0,1.565742e+06,0.0,40.37535,0.0,24.061895,1.406696e+06,0.0,1.004149e+07,118.9811,1.675864e+06,84.26465,1.262808e+07,0.0,1.565754e+06,0.0,40.3758,0.0,24.1208,1.620694e+06,0.0,1.0036995e+07,118.9811,1.473398e+06,84.14696,1.262808e+07,0.0,1.565748e+06,0.0,40.37554,0.0,24.08876,1.524985e+06,0.0,7560.0,0.0,575633.0,0.13201,0.0,0.0,12.0,0.0,0.0,0.0,0.03204,6284.8,0.0,-7560.0,0.0,90982.0,-0.10941,0.0,0.0,12.0,0.0,0.0,0.0,0.0,0.0,0,0,0,0,WELL-00001_20170201010207.parquet,WELL-00001,0
0.0,1.0032389e+07,118.9811,1.4737192e+06,84.170555,1.262808e+07,0.0,1.5657604e+06,0.0,40.375565,0.0,24.088894,1.5187359e+06,0.0,882.52423,0.0,123734.32,0.008768961,0.0,0.0,3.5358934,0.0,0.0,0.0,0.0,0.0,0.0,1.00309e+07,118.9811,1.160993e+06,84.15575,1.262808e+07,0.0,1.565754e+06,0.0,40.37535,0.0,24.061895,1.406696e+06,0.0,1.003388e+07,118.9811,1.710023e+06,84.18537,1.262808e+07,0.0,1.565766e+06,0.0,40.3758,0.0,24.1208,1.620694e+06,0.0,1.0032385e+07,118.9811,1.4815965e+06,84.170555,1.262808e+07,0.0,1.5657605e+06,0.0,40.37554,0.0,24.08876,1.524985e+06,0.0,2980.0,0.0,549030.0,0.02962,0.0,0.0,12.0,0.0,0.0,0.0,0.03204,6284.8,0.0,-2980.0,0.0,-71188.0,0.02962,0.0,0.0,12.0,0.0,0.0,0.0,0.0,0.0,0,0,0,0,WELL-00001_20170201010207.parquet,WELL-00001,0
0.0,1.0029358e+07,118.9811,1.6175459e+06,84.282425,1.2628009e+07,0.0,1.5657725e+06,0.0,40.375565,0.0,24.088894,1.5187359e+06,0.0,882.4321,0.0,83636.52,0.08224538,146.32321,0.0,3.4811842,0.0,0.0,0.0,0.0,0.0,0.0,1.002787e+07,118.9811,1.483611e+06,84.18587,1.262755e+07,0.0,1.565767e+06,0.0,40.37535,0.0,24.061895,1.406696e+06,0.0,1.003085e+07,118.9811,1.793933e+06,84.43346,1.262808e+07,0.0,1.565778e+06,0.0,40.3758,0.0,24.1208,1.620694e+06,0.0,1.0029355e+07,118.9811,1.6126405e+06,84.27251,1.262808e+07,0.0,1.5657725e+06,0.0,40.37554,0.0,24.08876,1.524985e+06,0.0,2980.0,0.0,310322.0,0.24759,530.0,0.0,11.0,0.0,0.0,0.0,0.03204,6284.8,0.0,-2980.0,0.0,-6131.0,0.24759,-530.0,0.0,11.0,0.0,0.0,0.0,0.0,0.0,0,0,0,0,WELL-00001_20170201010207.parquet,WELL-00001,0
0.0,1.0026328e+07,118.9811,1.7412386e+06,84.50722,1.262646e+07,0.0,1.5657846e+06,0.0,40.375565,0.0,24.088894,1.5187359e+06,0.0,882.31085,0.0,134308.73,0.04286503,621.9311,0.0,3.5476975,0.0,0.0,0.0,0.0,0.0,0.0,1.002484e+07,118.9811,1.365559e+06,84.43384,1.262541e+07,0.0,1.565779e+06,0.0,40.37535,0.0,24.061895,1.406696e+06,0.0,1.002782e+07,118.9811,1.974773e+06,84.58076,1.262751e+07,0.0,1.565791e+06,0.0,40.3758,0.0,24.1208,1.620694e+06,0.0,1.0026325e+07,118.9811,1.7505475e+06,84.5073,1.262646e+07,0.0,1.5657845e+06,0.0,40.37554,0.0,24.08876,1.524985e+06,0.0,2980.0,0.0,609214.0,0.14692,2100.0,0.0,12.0,0.0,0.0,0.0,0.03204,6284.8,0.0,-2980.0,0.0,-262518.0,-0.00507,-2100.0,0.0,12.0,0.0,0.0,0.0,0.0,0.0,0,0,0,0,WELL-00001_20170201010207.parquet,WELL-00001,0
0.0,1.0023298e+07,118.9811,1.47316e+06,84.40194,1.2624322e+07,0.0,1.5657968e+06,0.0,40.375565,0.0,24.088894,1.5187359e+06,0.0,882.2041,0.0,191143.67,0.05215561,622.193,0.0,3.5044765,0.0,0.0,0.0,0.0,0.0,0.0,1.002181e+07,118.9811,1.16895e+06,84.32253,1.262327e+07,0.0,1.565791e+06,0.0,40.37535,0.0,24.061895,1.406696e+06,0.0,1.002479e+07,118.9811,1.789593e+06,84.51304,1.262537e+07,0.0,1.565803e+06,0.0,40.3758,0.0,24.1208,1.620694e+06,0.0,1.0023295e+07,118.9811,1.42303e+06,84.39599,1.262432e+07,0.0,1.565797e+06,0.0,40.37554,0.0,24.08876,1.524985e+06,0.0,2980.0,0.0,620643.0,0.19051,2100.0,0.0,12.0,0.0,0.0,0.0,0.03204,6284.8,0.0,-2980.0,0.0,450752.0,0.08366,-2100.0,0.0,12.0,0.0,0.0,0.0,0.0,0.0,0,0,0,0,WELL-00001_20170201010207.parquet,WELL-00001,0
0.0,1.0020268e+07,118.9811,1.5762244e+06,84.602295,1.2622185e+07,0.0,1.5658088e+06,0.0,40.375565,0.0,24.088894,1.5187359e+06,0.0,882.0731,0.0,106139.375,0.033351496,622.15454,0.0,3.5044765,0.0,0.0,0.0,0.0,0.0,0.0,1.001878e+07,118.9811,1.361364e+06,84.51849,1.262113e+07,0.0,1.565803e+06,0.0,40.37535,0.0,24.061895,1.406696e+06,0.0,1.002176e+07,118.9811,1.78203e+06,84.64912,1.262324e+07,0.0,1.565815e+06,0.0,40.3758,0.0,24.1208,1.620694e+06,0.0,1.0020265e+07,118.9811,1.557704e+06,84.60709,1.2622185e+07,0.0,1.565809e+06,0.0,40.37554,0.0,24.08876,1.524985e+06,0.0,2980.0,0.0,420666.0,0.13063,2110.0,0.0,12.0,0.0,0.0,0.0,0.03204,6284.8,0.0,-2980.0,0.0,-115951.0,0.06526,-2110.0,0.0,12.0,0.0,0.0,0.0,0.0,0.0,0,0,0,0,WELL-00001_20170201010207.parquet,WELL-00001,0
0.0,1.0017237e+07,118.9811,1.5256749e+06,84.48679,1.2620048e+07,0.0,1.5658209e+06,0.0,40.375565,0.0,24.088894,1.5187359e+06,0.0,881.91296,0.0,111585.71,0.0775909,622.193,0.0,3.5371714,0.0,0.0,0.0,0.0,0.0,0.0,1.001575e+07,118.9811,1.236222e+06,84.33457,1.2619e+07,0.0,1.565815e+06,0.0,40.37535,0.0,24.061895,1.406696e+06,0.0,1.001873e+07,118.9811,1.653601e+06,84.58188,1.26211e+07,0.0,1.565827e+06,0.0,40.3758,0.0,24.1208,1.620694e+06,0.0,1.0017235e+07,118.9811,1.5663325e+06,84.50863,1.262005e+07,0.0,1.565821e+06,0.0,40.37554,0.0,24.08876,1.524985e+06,0.0,2980.0,0.0,417379.0,0.24731,2100.0,0.0,12.0,0.0,0.0,0.0,0.03204,6284.8,0.0,-2980.0,0.0,-17546.0,-0.24731,-2100.0,0.0,12.0,0.0,0.0,0.0,0.0,0.0,0,0,0,0,WELL-00001_20170201010207.parquet,WELL-00001,0
0.0,1.0014206e+07,118.9811,1.7162625e+06,84.1546,1.261791e+07,0.0,1.5658329e+06,0.0,40.375565,0.0,24.088894,1.5187359e+06,0.0,881.7237,0.0,167940.92,0.103047565,622.3096,0.0,3.5429168,0.0,0.0,0.0,0.0,0.0,0.0,1.001272e+07,118.9811,1.278309e+06,83.98054,1.261686e+07,0.0,1.565827e+06,0.0,40.37535,0.0,24.061895,1.406696e+06,0.0,1.00157e+07,118.9811,1.880736e+06,84.32867,1.261896e+07,0.0,1.565839e+06,0.0,40.3758,0.0,24.1208,1.620694e+06,0.0,1.0014205e+07,118.9811,1.773403e+06,84.1546,1.261791e+07,0.0,1.565833e+06,0.0,40.37554,0.0,24.08876,1.524985e+06,0.0,2980.0,0.0,602427.0,0.34813,2100.0,0.0,12.0,0.0,0.0,0.0,0.03204,6284.8,0.0,-2980.0,0.0,-360676.0,-0.34813,-2100.0,0.0,12.0,0.0,0.0,0.0,0.0,0.0,0,0,0,0,WELL-00001_20170201010207.parquet,WELL-00001,0
0.0,1.0011177e+07,118.983154,1.4487931e+06,83.9488,1.2615772e+07,0.0,1.565845e+06,0.0,40.375565,0.0,24.088894,1.5187359e+06,0.0,882.044,0.0024305559,151546.89,0.09023584,622.193,0.0,3.56739,0.0,0.0,0.0,0.0,0.0,0.0,1.000969e+07,118.9811,1.163886e+06,83.82123,1.261472e+07,0.0,1.565839e+06,0.0,40.37535,0.0,24.061895,1.406696e+06,0.0,1.001267e+07,118.9883,1.680365e+06,84.14966,1.261682e+07,0.0,1.565851e+06,0.0,40.3758,0.0,24.1208,1.620694e+06,0.0,1.0011175e+07,118.9819,1.468642e+06,83.932014,1.261577e+07,0.0,1.565845e+06,0.0,40.37554,0.0,24.08876,1.524985e+06,0.0,2980.0,0.0072,516479.0,0.32843,2100.0,0.0,12.0,0.0,0.0,0.0,0.03204,6284.8,0.0,-2980.0,0.0072,371071.0,0.17502,-2100.0,0.0,12.0,0.0,0.0,0.0,0.0,0.0,0,0,0,0,WELL-00001_20170201010207.parquet,WELL-00001,0
0.0,1.0008146e+07,118.99494,1.5815669e+06,84.3846,1.2613635e+07,0.0,1.5658571e+06,0.0,40.375565,0.0,24.088894,1.5187359e+06,0.0,881.8451,0.003797074,44615.35,0.10479952,621.95557,0.0,3.5371714,0.0,0.0,0.0,0.0,0.0,0.0,1.000666e+07,118.9885,1.500249e+06,84.15961,1.261258e+07,0.0,1.565851e+06,0.0,40.37535,0.0,24.061895,1.406696e+06,0.0,1.000964e+07,119.0014,1.659388e+06,84.5181,1.261469e+07,0.0,1.565863e+06,0.0,40.3758,0.0,24.1208,1.620694e+06,0.0,1.0008145e+07,118.99495,1.5812845e+06,84.41727,1.2613635e+07,0.0,1.565857e+06,0.0,40.37554,0.0,24.08876,1.524985e+06,0.0,2980.0,0.0129,159139.0,0.35849,2110.0,0.0,12.0,0.0,0.0,0.0,0.03204,6284.8,0.0,-2980.0,0.0129,-99594.0,0.35849,-2110.0,0.0,12.0,0.0,0.0,0.0,0.0,0.0,0,0,0,0,WELL-00001_20170201010207.parquet,WELL-00001,0
0.0,1.0005116e+07,119.007996,1.5340591e+06,84.55377,1.2611498e+07,0.0,1.5658692e+06,0.0,40.375565,0.0,24.088894,1.5187359e+06,0.0,881.61694,0.0037996373,156828.52,0.029990513,622.4114,0.0,3.544511,0.0,0.0,0.0,0.0,0.0,0.0,1.000363e+07,119.0016,1.2572e+06,84.4946,1.261045e+07,0.0,1.565863e+06,0.0,40.37535,0.0,24.061895,1.406696e+06,0.0,1.000661e+07,119.0144,1.809123e+06,84.60355,1.261255e+07,0.0,1.565875e+06,0.0,40.3758,0.0,24.1208,1.620694e+06,0.0,1.0005115e+07,119.008,1.518188e+06,84.55472,1.26115e+07,0.0,1.565869e+06,0.0,40.37554,0.0,24.08876,1.524985e+06,0.0,2980.0,0.0128,551923.0,0.10895,2100.0,0.0,12.0,0.0,0.0,0.0,0.03204,6284.8,0.0,-2980.0,0.0128,-239629.0,-0.02691,-2100.0,0.0,12.0,0.0,0.0,0.0,0.0,0.0,0,0,0,0,WELL-00001_20170201010207.parquet,WELL-00001,0
0.0,1.0002086e+07,119.021034,1.5868391e+06,84.46191,1.260936e+07,0.0,1.5658812e+06,0.0,40.375565,0.0,24.088894,1.5187359e+06,0.0,881.2576,0.0037984308,154400.06,0.029384062,621.9311,0.0,3.5044765,0.0,0.0,0.0,0.0,0.0,0.0,1.00006e+07,119.0146,1.193544e+06,84.41367,1.260831e+07,0.0,1.565875e+06,0.0,40.37535,0.0,24.061895,1.406696e+06,0.0,1.000358e+07,119.0275,1.72449e+06,84.52126,1.261041e+07,0.0,1.565887e+06,0.0,40.3758,0.0,24.1208,1.620694e+06,0.0,1.0002085e+07,119.021,1.645147e+06,84.46075,1.260936e+07,0.0,1.565881e+06,0.0,40.37554,0.0,24.08876,1.524985e+06,0.0,2980.0,0.0129,530946.0,0.10759,2100.0,0.0,12.0,0.0,0.0,0.0,0.03204,6284.8,0.0,-2980.0,0.0129,414402.0,0.02977,-2100.0,0.0,12.0,0.0,0.0,0.0,0.0,0.0,0,0,0,0,WELL-00001_20170201010207.parquet,WELL-00001,0
0.0,9.999055e+06,119.03408,1.7128389e+06,84.51849,1.2616671e+07,0.0,1.5658935e+06,0.0,40.375565,0.0,24.088894,1.5187359e+06,0.0,881.852,0.0037977465,72761.04,0.06677634,5709.969,0.0,3.5387683,0.0,0.0,0.0,0.0,0.0,0.0,9.997565e+06,119.0277,1.454414e+06,84.3707,1.260813e+07,0.0,1.565887e+06,0.0,40.37535,0.0,24.061895,1.406696e+06,0.0,1.000055e+07,119.0405,1.830824e+06,84.60355,1.262642e+07,0.0,1.565899e+06,0.0,40.3758,0.0,24.1208,1.620694e+06,0.0,9.999056e+06,119.0341,1.7158825e+06,84.53867,1.261661e+07,0.0,1.5658935e+06,0.0,40.37554,0.0,24.08876,1.524985e+06,0.0,2985.0,0.0128,376410.0,0.23285,18290.0,0.0,12.0,0.0,0.0,0.0,0.03204,6284.8,0.0,-2985.0,0.0128,-215204.0,-0.15373,18150.0,0.0,12.0,0.0,0.0,0.0,0.0,0.0,0,0,0,0,WELL-00001_20170201010207.parquet,WELL-00001,0
0.0,9.996052e+06,119.04713,1.4779582e+06,84.02702,1.2628025e+07,0.0,1.5659055e+06,0.0,40.375565,0.0,24.088894,1.5187359e+06,0.0,843.56476,0.0037983325,245448.48,0.27446932,230.3164,0.0,3.4811842,0.0,0.0,0.0,0.0,0.0,0.0,9.994737e+06,119.0407,1.138569e+06,83.484,1.262675e+07,0.0,1.5659e+06,0.0,40.37535,0.0,24.061895,1.406696e+06,0.0,9.997515e+06,119.0535,1.853248e+06,84.36386,1.262808e+07,0.0,1.565911e+06,0.0,40.3758,0.0,24.1208,1.620694e+06,0.0,9.996025e+06,119.0471,1.430372e+06,84.111374,1.262808e+07,0.0,1.5659055e+06,0.0,40.37554,0.0,24.08876,1.524985e+06,0.0,2778.0,0.0128,714679.0,0.87986,1330.0,0.0,11.0,0.0,0.0,0.0,0.03204,6284.8,0.0,-2332.0,0.0128,-155785.0,-0.87986,1330.0,0.0,11.0,0.0,0.0,0.0,0.0,0.0,0,0,0,0,WELL-00001_20170201010207.parquet,WELL-00001,0
0.0,9.998582e+06,119.06017,1.4716018e+06,83.13351,1.262808e+07,0.0,1.5659176e+06,0.0,40.375565,0.0,24.088894,1.5187359e+06,0.0,1946.5215,0.0037935758,120441.01,0.11801547,0.0,0.0,3.5476975,0.0,0.0,0.0,0.0,0.0,0.0,9.995294e+06,119.0538,1.281432e+06,83.0211,1.262808e+07,0.0,1.565912e+06,0.0,40.37535,0.0,24.061895,1.406696e+06,0.0,1.000187e+07,119.0666,1.761382e+06,83.46274,1.262808e+07,0.0,1.565924e+06,0.0,40.3758,0.0,24.1208,1.620694e+06,0.0,9.998582e+06,119.0602,1.465567e+06,83.09064,1.262808e+07,0.0,1.5659175e+06,0.0,40.37554,0.0,24.08876,1.524985e+06,0.0,6576.0,0.0128,479950.0,0.44164,0.0,0.0,12.0,0.0,0.0,0.0,0.03204,6284.8,0.0,6576.0,0.0128,261595.0,-0.44164,0.0,0.0,12.0,0.0,0.0,0.0,0.0,0.0,0,0,0,0,WELL-00001_20170201010207.parquet,WELL-00001,0
0.0,1.0005269e+07,119.07321,1.6667138e+06,83.42609,1.262808e+07,0.0,1.5659298e+06,0.0,40.375565,0.0,24.088894,1.5187359e+06,0.0,1946.7638,0.0037957078,88571.85,0.37527755,0.0,0.0,3.5044765,0.0,0.0,0.0,0.0,0.0,0.0,1.000198e+07,119.0668,1.546668e+06,82.98575,1.262808e+07,0.0,1.565924e+06,0.0,40.37535,0.0,24.061895,1.406696e+06,0.0,1.000856e+07,119.0796,1.874768e+06,84.05669,1.262808e+07,0.0,1.565936e+06,0.0,40.3758,0.0,24.1208,1.620694e+06,0.0,1.0005265e+07,119.0732,1.6481065e+06,83.380974,1.262808e+07,0.0,1.56593e+06,0.0,40.37554,0.0,24.08876,1.524985e+06,0.0,6580.0,0.0128,328100.0,1.07094,0.0,0.0,12.0,0.0,0.0,0.0,0.03204,6284.8,0.0,6580.0,0.0128,328100.0,1.00533,0.0,0.0,12.0,0.0,0.0,0.0,0.0,0.0,0,0,0,0,WELL-00001_20170201010207.parquet,WELL-00001,0
0.0,1.0011943e+07,119.086266,1.4665114e+06,83.6995,1.262808e+07,0.0,1.5659418e+06,0.0,40.375565,0.0,24.088894,1.5187359e+06,0.0,1925.6716,0.0037990618,207043.44,0.17995878,0.0,0.0,3.5575972,0.0,0.0,0.0,0.0,0.0,0.0,1.000867e+07,119.0798,1.109634e+06,83.42628,1.262808e+07,0.0,1.565936e+06,0.0,40.37535,0.0,24.061895,1.406696e+06,0.0,1.001498e+07,119.0927,1.886523e+06,84.01321,1.262808e+07,0.0,1.565948e+06,0.0,40.3758,0.0,24.1208,1.620694e+06,0.0,1.0011955e+07,119.0863,1.4676725e+06,83.69257,1.262808e+07,0.0,1.565942e+06,0.0,40.37554,0.0,24.08876,1.524985e+06,0.0,6310.0,0.0129,776889.0,0.58693,0.0,0.0,12.0,0.0,0.0,0.0,0.03204,6284.8,0.0,6310.0,0.0129,-267867.0,-0.50274,0.0,0.0,12.0,0.0,0.0,0.0,0.0,0.0,0,0,0,0,WELL-00001_20170201010207.parquet,WELL-00001,0
0.0,1.0016798e+07,119.09115,1.6381765e+06,84.019226,1.262808e+07,0.0,1.5659539e+06,0.0,40.375565,0.0,24.088894,1.5187359e+06,0.0,1038.2655,0.006083777,63346.516,0.28669685,0.0,0.0,3.516065,0.0,0.0,0.0,0.0,0.0,0.0,1.001504e+07,119.0777,1.505312e+06,83.5273,1.262808e+07,0.0,1.565948e+06,0.0,40.37535,0.0,24.061895,1.406696e+06,0.0,1.001855e+07,119.0983,1.726454e+06,84.43645,1.262808e+07,0.0,1.56596e+06,0.0,40.3758,0.0,24.1208,1.620694e+06,0.0,1.00168e+07,119.0935,1.6339635e+06,84.023964,1.262808e+07,0.0,1.565954e+06,0.0,40.37554,0.0,24.08876,1.524985e+06,0.0,3510.0,0.0206,221142.0,0.90915,0.0,0.0,12.0,0.0,0.0,0.0,0.03204,6284.8,0.0,3510.0,-0.0152,108622.0,0.89857,0.0,0.0,12.0,0.0,0.0,0.0,0.0,0.0,0,0,0,0,WELL-00001_20170201010207.parquet,WELL-00001,0
0.0,1.0020365e+07,119.059265,1.6225588e+06,84.36191,1.262808e+07,0.0,1.565966e+06,0.0,40.375565,0.0,24.088894,1.5187359e+06,0.0,1038.2605,0.010575347,112343.555,0.0360353,0.0,0.0,3.5724542,0.0,0.0,0.0,0.0,0.0,0.0,1.001861e+07,119.0414,1.302771e+06,84.30733,1.262808e+07,0.0,1.56596e+06,0.0,40.37535,0.0,24.061895,1.406696e+06,0.0,1.002212e+07,119.0771,1.729554e+06,84.42374,1.262808e+07,0.0,1.565972e+06,0.0,40.3758,0.0,24.1208,1.620694e+06,0.0,1.0020365e+07,119.0593,1.6557385e+06,84.361305,1.262808e+07,0.0,1.565966e+06,0.0,40.37554,0.0,24.08876,1.524985e+06,0.0,3510.0,0.0357,426783.0,0.11641,0.0,0.0,12.0,0.0,0.0,0.0,0.03204,6284.8,0.0,3510.0,-0.0357,-32895.0,-0.11034,0.0,0.0,12.0,0.0,0.0,0.0,0.0,0.0,0,0,0,0,WELL-00001_20170201010207.parquet,WELL-00001,0
0.0,1.0023934e+07,119.0265,1.6551264e+06,84.35548,1.262808e+07,0.0,1.5659781e+06,0.0,40.375565,0.0,24.088894,1.5187359e+06,0.0,1038.3916,0.0067135203,84443.6,0.025337577,0.0,0.0,3.516065,0.0,0.0,0.0,0.0,0.0,0.0,1.002218e+07,119.0202,1.574031e+06,84.30247,1.262808e+07,0.0,1.565972e+06,0.0,40.37535,0.0,24.061895,1.406696e+06,0.0,1.002569e+07,119.0408,1.893296e+06,84.39847,1.262808e+07,0.0,1.565984e+06,0.0,40.3758,0.0,24.1208,1.620694e+06,0.0,1.002393e+07,119.0229,1.62694e+06,84.35517,1.262808e+07,0.0,1.565978e+06,0.0,40.37554,0.0,24.08876,1.524985e+06,0.0,3510.0,0.0206,319265.0,0.096,0.0,0.0,12.0,0.0,0.0,0.0,0.03204,6284.8,0.0,3510.0,-0.0193,206283.0,-0.01246,0.0,0.0,12.0,0.0,0.0,0.0,0.0,0.0,0,0,0,0,WELL-00001_20170201010207.parquet,WELL-00001,0
0.0,1.0027501e+07,119.02317,1.4269882e+06,83.62457,1.262808e+07,0.0,1.5659901e+06,0.0,40.375565,0.0,24.088894,1.5187359e+06,0.0,1038.8046,0.00093058514,309576.03,0.35023803,0.0,0.0,3.54196,0.0,0.0,0.0,0.0,0.0,0.0,1.002575e+07,119.0216,1.037298e+06,83.19843,1.262808e+07,0.0,1.565984e+06,0.0,40.37535,0.0,24.061895,1.406696e+06,0.0,1.002925e+07,119.0247,2.045662e+06,84.27847,1.262808e+07,0.0,1.565996e+06,0.0,40.3758,0.0,24.1208,1.620694e+06,0.0,1.00275e+07,119.02315,1.3060455e+06,83.57044,1.262808e+07,0.0,1.56599e+06,0.0,40.37554,0.0,24.08876,1.524985e+06,0.0,3500.0,0.0031,1.008364e+06,1.08004,0.0,0.0,12.0,0.0,0.0,0.0,0.03204,6284.8,0.0,3500.0,0.0031,-579284.0,-0.98296,0.0,0.0,12.0,0.0,0.0,0.0,0.0,0.0,0,0,0,0,WELL-00001_20170201010207.parquet,WELL-00001,0
0.0,1.0031068e+07,119.02637,1.5386744e+06,83.51157,1.262808e+07,0.0,1.5660022e+06,0.0,40.375565,0.0,24.088894,1.5187359e+06,0.0,1038.9741,0.0009317061,103537.734,0.12947361,0.0,0.0,3.5044765,0.0,0.0,0.0,0.0,0.0,0.0,1.002931e+07,119.0248,1.341186e+06,83.30244,1.262808e+07,0.0,1.565996e+06,0.0,40.37535,0.0,24.061895,1.406696e+06,0.0,1.003282e+07,119.0279,1.729554e+06,83.80261,1.262808e+07,0.0,1.566008e+06,0.0,40.3758,0.0,24.1208,1.620694e+06,0.0,1.003107e+07,119.02635,1.5422395e+06,83.50703,1.262808e+07,0.0,1.566002e+06,0.0,40.37554,0.0,24.08876,1.524985e+06,0.0,3510.0,0.0031,388368.0,0.50017,0.0,0.0,12.0,0.0,0.0,0.0,0.03204,6284.8,0.0,3510.0,0.0031,388368.0,0.50017,0.0,0.0,12.0,0.0,0.0,0.0,0.0,0.0,0,0,0,0,WELL-00001_20170201010207.parquet,WELL-00001,0
0.0,1.0034636e+07,119.029564,1.7404546e+06,84.42112,1.262808e+07,0.0,1.5660144e+06,0.0,40.375565,0.0,24.088894,1.5187359e+06,0.0,1038.1586,0.00093058514,94494.69,0.28020552,0.0,0.0,3.5294964,0.0,0.0,0.0,0.0,0.0,0.0,1.003288e+07,119.028,1.576201e+06,83.82774,1.262808e+07,0.0,1.566008e+06,0.0,40.37535,0.0,24.061895,1.406696e+06,0.0,1.003639e+07,119.0311,1.921968e+06,84.73267,1.262808e+07,0.0,1.56602e+06,0.0,40.3758,0.0,24.1208,1.620694e+06,0.0,1.003464e+07,119.02955,1.7237045e+06,84.56336,1.262808e+07,0.0,1.566014e+06,0.0,40.37554,0.0,24.08876,1.524985e+06,0.0,3510.0,0.0031,345767.0,0.90493,0.0,0.0,12.0,0.0,0.0,0.0,0.03204,6284.8,0.0,3510.0,0.0031,148815.0,0.74228,0.0,0.0,12.0,0.0,0.0,0.0,0.0,0.0,0,0,0,0,WELL-00001_20170201010207.parquet,WELL-00001,0
0.0,1.0038204e+07,119.03277,1.4226902e+06,84.12856,1.2627166e+07,0.0,1.5660265e+06,0.0,40.375565,0.0,24.088894,1.5187359e+06,0.0,1038.1198,0.0009310267,205754.97,0.43513876,612.3422,0.0,3.5387683,0.0,0.0,0.0,0.0,0.0,0.0,1.003645e+07,119.0312,1.17329e+06,83.25159,1.262612e+07,0.0,1.56602e+06,0.0,40.37535,0.0,24.061895,1.406696e+06,0.0,1.003996e+07,119.0343,1.893954e+06,84.56295,1.262808e+07,0.0,1.566032e+06,0.0,40.3758,0.0,24.1208,1.620694e+06,0.0,1.00382e+07,119.03275,1.357133e+06,84.35435,1.262717e+07,0.0,1.5660265e+06,0.0,40.37554,0.0,24.08876,1.524985e+06,0.0,3510.0,0.0031,720664.0,1.31136,1960.0,0.0,12.0,0.0,0.0,0.0,0.03204,6284.8,0.0,3510.0,0.0031,-452442.0,-1.22387,-1960.0,0.0,12.0,0.0,0.0,0.0,0.0,0.0,0,0,0,0,WELL-00001_20170201010207.parquet,WELL-00001,0
0.0,1.0041772e+07,119.035965,1.5862105e+06,83.951805,1.2625035e+07,0.0,1.5660385e+06,0.0,40.375565,0.0,24.088894,1.5187359e+06,0.0,1038.3724,0.00092781713,224963.42,0.31402418,622.1981,0.0,3.5102353,0.0,0.0,0.0,0.0,0.0,0.0,1.004002e+07,119.0344,1.247073e+06,83.36096,1.262398e+07,0.0,1.566033e+06,0.0,40.37535,0.0,24.061895,1.406696e+06,0.0,1.004353e+07,119.0375,2.059406e+06,84.34531,1.262609e+07,0.0,1.566045e+06,0.0,40.3758,0.0,24.1208,1.620694e+06,0.0,1.004177e+07,119.03595,1.540724e+06,84.006256,1.2625035e+07,0.0,1.5660385e+06,0.0,40.37554,0.0,24.08876,1.524985e+06,0.0,3510.0,0.0031,812333.0,0.98435,2110.0,0.0,12.0,0.0,0.0,0.0,0.03204,6284.8,0.0,3510.0,0.0031,-21568.0,0.85497,-2110.0,0.0,12.0,0.0,0.0,0.0,0.0,0.0,0,0,0,0,WELL-00001_20170201010207.parquet,WELL-00001,0
0.0,1.004534e+07,119.03918,1.5554054e+06,83.95222,1.2622897e+07,0.0,1.5660506e+06,0.0,40.375565,0.0,24.088894,1.5187359e+06,0.0,1038.887,0.0009282509,80625.375,0.13777275,622.3435,0.0,3.5502446,0.0,0.0,0.0,0.0,0.0,0.0,1.004359e+07,119.0376,1.436669e+06,83.79085,1.262185e+07,0.0,1.566045e+06,0.0,40.37535,0.0,24.061895,1.406696e+06,0.0,1.004709e+07,119.0407,1.71581e+06,84.2067,1.262395e+07,0.0,1.566057e+06,0.0,40.3758,0.0,24.1208,1.620694e+06,0.0,1.004534e+07,119.03915,1.543532e+06,83.93408,1.26229e+07,0.0,1.566051e+06,0.0,40.37554,0.0,24.08876,1.524985e+06,0.0,3500.0,0.0031,279141.0,0.41585,2100.0,0.0,12.0,0.0,0.0,0.0,0.03204,6284.8,0.0,3500.0,0.0031,217565.0,-0.40017,-2100.0,0.0,12.0,0.0,0.0,0.0,0.0,0.0,0,0,0,0,WELL-00001_20170201010207.parquet,WELL-00001,0
0.0,1.0048907e+07,119.04238,1.5453299e+06,83.85649,1.262076e+07,0.0,1.5660628e+06,0.0,40.375565,0.0,24.088894,1.5187359e+06,0.0,1038.1781,0.00093248195,104009.74,0.050489567,622.20764,0.0,3.527575,0.0,0.0,0.0,0.0,0.0,0.0,1.004715e+07,119.0408,1.252136e+06,83.80766,1.261971e+07,0.0,1.566057e+06,0.0,40.37535,0.0,24.061895,1.406696e+06,0.0,1.005066e+07,119.044,1.721597e+06,84.00902,1.262181e+07,0.0,1.566069e+06,0.0,40.3758,0.0,24.1208,1.620694e+06,0.0,1.004891e+07,119.0424,1.5655205e+06,83.84072,1.262076e+07,0.0,1.566063e+06,0.0,40.37554,0.0,24.08876,1.524985e+06,0.0,3510.0,0.0032,469461.0,0.20136,2100.0,0.0,12.0,0.0,0.0,0.0,0.03204,6284.8,0.0,3510.0,0.0032,-39448.0,0.20136,-2100.0,0.0,12.0,0.0,0.0,0.0,0.0,0.0,0,0,0,0,WELL-00001_20170201010207.parquet,WELL-00001,0
0.0,1.0052475e+07,119.04557,1.6041645e+06,84.33997,1.2618623e+07,0.0,1.5660749e+06,0.0,40.375565,0.0,24.088894,1.5187359e+06,0.0,1038.2605,0.0009282509,112596.99,0.17420016,622.0281,0.0,3.5485334,0.0,0.0,0.0,0.0,0.0,0.0,1.005072e+07,119.044,1.298431e+06,84.02054,1.261757e+07,0.0,1.566069e+06,0.0,40.37535,0.0,24.061895,1.406696e+06,0.0,1.005423e+07,119.0471,1.759212e+06,84.54658,1.261967e+07,0.0,1.566081e+06,0.0,40.3758,0.0,24.1208,1.620694e+06,0.0,1.0052475e+07,119.04555,1.62756e+06,84.3605,1.2618625e+07,0.0,1.566075e+06,0.0,40.37554,0.0,24.08876,1.524985e+06,0.0,3510.0,0.0031,460781.0,0.52604,2100.0,0.0,12.0,0.0,0.0,0.0,0.03204,6284.8,0.0,3510.0,0.0031,-22549.0,0.52604,-2100.0,0.0,12.0,0.0,0.0,0.0,0.0,0.0,0,0,0,0,WELL-00001_20170201010207.parquet,WELL-00001,0
0.0,1.0054575e+07,119.04878,1.6976596e+06,84.553024,1.2616485e+07,0.0,1.5660869e+06,0.0,40.375565,0.0,24.088894,1.5187359e+06,0.0,55.920647,0.0009309736,171606.5,0.053067397,622.465,0.0,3.516065,0.0,0.0,0.0,0.0,0.0,0.0,1.005429e+07,119.0472,1.519056e+06,84.38129,1.261543e+07,0.0,1.566081e+06,0.0,40.37535,0.0,24.061895,1.406696e+06,0.0,1.005459e+07,119.0504,2.084723e+06,84.60355,1.261754e+07,0.0,1.566093e+06,0.0,40.3758,0.0,24.1208,1.620694e+06,0.0,1.005459e+07,119.0488,1.61848e+06,84.56873,1.2616485e+07,0.0,1.566087e+06,0.0,40.37554,0.0,24.08876,1.524985e+06,0.0,300.0,0.0032,565667.0,0.22226,2110.0,0.0,12.0,0.0,0.0,0.0,0.03204,6284.8,0.0,300.0,0.0032,402911.0,-0.16655,-2110.0,0.0,12.0,0.0,0.0,0.0,0.0,0.0,0,0,0,0,WELL-00001_20170201010207.parquet,WELL-00001,0
0.0,1.005459e+07,119.05199,1.4774742e+06,83.96925,1.2614348e+07,0.0,1.566099e+06,0.0,40.375565,0.0,24.088894,1.5187359e+06,0.0,0.0,0.0009348555,218638.39,0.20983115,621.95526,0.0,3.6032002,0.0,0.0,0.0,0.0,0.0,0.0,1.005459e+07,119.0504,1.132058e+06,83.69971,1.26133e+07,0.0,1.566093e+06,0.0,40.37535,0.0,24.061895,1.406696e+06,0.0,1.005459e+07,119.0536,1.99792e+06,84.36647,1.26154e+07,0.0,1.566105e+06,0.0,40.3758,0.0,24.1208,1.620694e+06,0.0,1.005459e+07,119.052,1.4403085e+06,83.92937,1.261435e+07,0.0,1.566099e+06,0.0,40.37554,0.0,24.08876,1.524985e+06,0.0,0.0,0.0032,865862.0,0.66676,2100.0,0.0,12.0,0.0,0.0,0.0,0.03204,6284.8,0.0,0.0,0.0032,-567418.0,-0.55511,-2100.0,0.0,12.0,0.0,0.0,0.0,0.0,0.0,0,0,0,0,WELL-00001_20170201010207.parquet,WELL-00001,0
0.0,1.005459e+07,119.05518,1.6074604e+06,84.05181,1.2612211e+07,0.0,1.5661111e+06,0.0,40.375565,0.0,24.088894,1.5187359e+06,0.0,0.0,0.0009292774,116849.07,0.1352689,622.03296,0.0,3.516065,0.0,0.0,0.0,0.0,0.0,0.0,1.005459e+07,119.0536,1.436212e+06,83.81934,1.261116e+07,0.0,1.566105e+06,0.0,40.37535,0.0,24.061895,1.406696e+06,0.0,1.005459e+07,119.0568,1.906777e+06,84.26759,1.261326e+07,0.0,1.566117e+06,0.0,40.3758,0.0,24.1208,1.620694e+06,0.0,1.005459e+07,119.0552,1.593858e+06,84.054596,1.261221e+07,0.0,1.566111e+06,0.0,40.37554,0.0,24.08876,1.524985e+06,0.0,0.0,0.0032,470565.0,0.44825,2100.0,0.0,12.0,0.0,0.0,0.0,0.03204,6284.8,0.0,0.0,0.0032,148944.0,0.44825,-2100.0,0.0,12.0,0.0,0.0,0.0,0.0,0.0,0,0,0,0,WELL-00001_20170201010207.parquet,WELL-00001,0
0.0,1.005459e+07,119.05731,1.6863699e+06,84.45444,1.2610072e+07,0.0,1.5661231e+06,0.0,40.375565,0.0,24.088894,1.5187359e+06,0.0,0.0,0.0019281405,191792.53,0.10204665,622.193,0.0,3.5614064,0.0,0.0,0.0,0.0,0.0,0.0,1.005459e+07,119.0507,1.254504e+06,84.27398,1.260902e+07,0.0,1.566117e+06,0.0,40.37535,0.0,24.061895,1.406696e+06,0.0,1.005459e+07,119.0593,2.008771e+06,84.61874,1.261112e+07,0.0,1.566129e+06,0.0,40.3758,0.0,24.1208,1.620694e+06,0.0,1.005459e+07,119.0578,1.6562325e+06,84.462326,1.261007e+07,0.0,1.566123e+06,0.0,40.37554,0.0,24.08876,1.524985e+06,0.0,0.0,0.0086,754267.0,0.34476,2100.0,0.0,12.0,0.0,0.0,0.0,0.03204,6284.8,0.0,0.0,-0.0061,-334119.0,0.21908,-2100.0,0.0,12.0,0.0,0.0,0.0,0.0,0.0,0,0,0,0,WELL-00001_20170201010207.parquet,WELL-00001,0
0.0,1.005459e+07,119.03071,1.5331638e+06,83.82996,1.2610055e+07,0.0,1.5661352e+06,0.0,40.375565,0.0,24.088894,1.5187359e+06,0.0,0.0,0.011467047,230506.08,0.31871712,1824.0321,0.0,3.5044765,0.0,0.0,0.0,0.0,0.0,0.0,1.005459e+07,119.0113,1.139292e+06,83.50275,1.260813e+07,0.0,1.566129e+06,0.0,40.37535,0.0,24.061895,1.406696e+06,0.0,1.005459e+07,119.0501,2.013834e+06,84.46792,1.261395e+07,0.0,1.566141e+06,0.0,40.3758,0.0,24.1208,1.620694e+06,0.0,1.005459e+07,119.0307,1.520813e+06,83.72638,1.260906e+07,0.0,1.566135e+06,0.0,40.37554,0.0,24.08876,1.524985e+06,0.0,0.0,0.0388,874542.0,0.96517,5820.0,0.0,12.0,0.0,0.0,0.0,0.03204,6284.8,0.0,0.0,-0.0388,140384.0,-0.96517,4960.0,0.0,12.0,0.0,0.0,0.0,0.0,0.0,0,0,0,0,WELL-00001_20170201010207.parquet,WELL-00001,0
0.0,1.005459e+07,118.992744,1.3923225e+06,83.45325,1.261902e+07,0.0,1.5661474e+06,0.0,40.375565,0.0,24.088894,1.5187359e+06,0.0,0.0,0.009636344,126495.74,0.024894262,2903.3127,0.0,3.5358934,0.0,0.0,0.0,0.0,0.0,0.0,1.005459e+07,118.9811,1.134952e+06,83.41109,1.261412e+07,0.0,1.566141e+06,0.0,40.37535,0.0,24.061895,1.406696e+06,0.0,1.005459e+07,119.0107,1.558841e+06,83.50013,1.262392e+07,0.0,1.566153e+06,0.0,40.3758,0.0,24.1208,1.620694e+06,0.0,1.005459e+07,118.9913,1.4329825e+06,83.45296,1.261902e+07,0.0,1.5661475e+06,0.0,40.37554,0.0,24.08876,1.524985e+06,0.0,0.0,0.0296,423889.0,0.08904,9800.0,0.0,12.0,0.0,0.0,0.0,0.03204,6284.8,0.0,0.0,-0.0273,198614.0,-0.01434,9800.0,0.0,12.0,0.0,0.0,0.0,0.0,0.0,0,0,0,0,WELL-00001_20170201010207.parquet,WELL-00001,0
0.0,1.005459e+07,118.98825,1.6734439e+06,83.74085,1.2623758e+07,0.0,1.5661595e+06,0.0,40.375565,0.0,24.088894,1.5187359e+06,0.0,0.0,0.0027868638,183216.03,0.2939538,3351.4995,0.0,3.4811842,0.0,0.0,0.0,0.0,0.0,0.0,1.005459e+07,118.9835,1.454677e+06,83.48878,1.261644e+07,0.0,1.566154e+06,0.0,40.37535,0.0,24.061895,1.406696e+06,0.0,1.005459e+07,118.993,2.001537e+06,84.45188,1.262808e+07,0.0,1.566165e+06,0.0,40.3758,0.0,24.1208,1.620694e+06,0.0,1.005459e+07,118.98825,1.617795e+06,83.576935,1.262476e+07,0.0,1.5661595e+06,0.0,40.37554,0.0,24.08876,1.524985e+06,0.0,0.0,0.0095,546860.0,0.9631,11640.0,0.0,11.0,0.0,0.0,0.0,0.03204,6284.8,0.0,0.0,0.0095,274163.0,0.9631,-7650.0,0.0,11.0,0.0,0.0,0.0,0.0,0.0,0,0,0,0,WELL-00001_20170201010207.parquet,WELL-00001,0
0.0,1.005459e+07,118.99783,1.6283769e+06,84.53985,1.2611539e+07,0.0,1.5661716e+06,0.0,40.375565,0.0,24.088894,1.5187359e+06,0.0,0.0,0.0027903568,147036.9,0.096544966,2086.9417,0.0,3.5476975,0.0,0.0,0.0,0.0,0.0,0.0,1.005459e+07,118.9931,1.414892e+06,84.36913,1.260813e+07,0.0,1.566166e+06,0.0,40.37535,0.0,24.061895,1.406696e+06,0.0,1.005459e+07,119.0025,1.949607e+06,84.70229,1.261611e+07,0.0,1.566178e+06,0.0,40.3758,0.0,24.1208,1.620694e+06,0.0,1.005459e+07,118.99785,1.6163055e+06,84.542,1.261146e+07,0.0,1.5661715e+06,0.0,40.37554,0.0,24.08876,1.524985e+06,0.0,0.0,0.0094,534715.0,0.33316,7980.0,0.0,12.0,0.0,0.0,0.0,0.03204,6284.8,0.0,0.0,0.0094,189738.0,-0.11853,-2160.0,0.0,12.0,0.0,0.0,0.0,0.0,0.0,0,0,0,0,WELL-00001_20170201010207.parquet,WELL-00001,0
0.0,1.005459e+07,119.00742,1.4686871e+06,83.73866,1.261902e+07,0.0,1.5661838e+06,0.0,40.375565,0.0,24.088894,1.5187359e+06,0.0,0.0,0.0027932606,236620.73,0.36693525,2903.3127,0.0,3.5044765,0.0,0.0,0.0,0.0,0.0,0.0,1.005459e+07,119.0027,1.187034e+06,83.25159,1.261412e+07,0.0,1.566178e+06,0.0,40.37535,0.0,24.061895,1.406696e+06,0.0,1.005459e+07,119.0121,2.036982e+06,84.36285,1.262392e+07,0.0,1.56619e+06,0.0,40.3758,0.0,24.1208,1.620694e+06,0.0,1.005459e+07,119.0074,1.4013785e+06,83.678276,1.261902e+07,0.0,1.566184e+06,0.0,40.37554,0.0,24.08876,1.524985e+06,0.0,0.0,0.0094,849948.0,1.11126,9800.0,0.0,12.0,0.0,0.0,0.0,0.03204,6284.8,0.0,0.0,0.0094,-393292.0,-0.90187,9800.0,0.0,12.0,0.0,0.0,0.0,0.0,0.0,0,0,0,0,WELL-00001_20170201010207.parquet,WELL-00001,0
0.0,1.005459e+07,119.017006,1.6196855e+06,83.91041,1.2623758e+07,0.0,1.5661958e+06,0.0,40.375565,0.0,24.088894,1.5187359e+06,0.0,0.0,0.0027877374,142687.42,0.22914551,3351.4995,0.0,3.5044765,0.0,0.0,0.0,0.0,0.0,0.0,1.005459e+07,119.0123,1.283241e+06,83.47709,1.261644e+07,0.0,1.56619e+06,0.0,40.37535,0.0,24.061895,1.406696e+06,0.0,1.005459e+07,119.0217,1.820697e+06,84.18581,1.262808e+07,0.0,1.566202e+06,0.0,40.3758,0.0,24.1208,1.620694e+06,0.0,1.005459e+07,119.017,1.629829e+06,83.95225,1.262476e+07,0.0,1.566196e+06,0.0,40.37554,0.0,24.08876,1.524985e+06,0.0,0.0,0.0094,537456.0,0.70872,11640.0,0.0,12.0,0.0,0.0,0.0,0.03204,6284.8,0.0,0.0,0.0094,-252838.0,0.63651,-7650.0,0.0,12.0,0.0,0.0,0.0,0.0,0.0,0,0,0,0,WELL-00001_20170201010207.parquet,WELL-00001,0
0.0,1.005459e+07,119.026596,1.544446e+06,83.97365,1.2610897e+07,0.0,1.5662079e+06,0.0,40.375565,0.0,24.088894,1.5187359e+06,0.0,0.0,0.002786278,142111.02,0.077244505,2047.4509,0.0,3.5371714,0.0,0.0,0.0,0.0,0.0,0.0,1.005459e+07,119.0219,1.34545e+06,83.84402,1.260813e+07,0.0,1.566202e+06,0.0,40.37535,0.0,24.061895,1.406696e+06,0.0,1.005459e+07,119.0313,1.842398e+06,84.10879,1.261611e+07,0.0,1.566214e+06,0.0,40.3758,0.0,24.1208,1.620694e+06,0.0,1.005459e+07,119.0266,1.493215e+06,83.97159,1.2610505e+07,0.0,1.566208e+06,0.0,40.37554,0.0,24.08876,1.524985e+06,0.0,0.0,0.0094,496948.0,0.26477,7980.0,0.0,12.0,0.0,0.0,0.0,0.03204,6284.8,0.0,0.0,0.0094,477851.0,-0.11914,-4300.0,0.0,12.0,0.0,0.0,0.0,0.0,0.0,0,0,0,0,WELL-00001_20170201010207.parquet,WELL-00001,0
0.0,1.005459e+07,119.03618,1.5820838e+06,84.453804,1.261501e+07,0.0,1.5662199e+06,0.0,40.375565,0.0,24.088894,1.5187359e+06,0.0,0.0,0.0027932606,204802.94,0.25979707,1833.8207,0.0,3.5429168,0.0,0.0,0.0,0.0,0.0,0.0,1.005459e+07,119.0315,1.252859e+06,84.01998,1.261191e+07,0.0,1.566214e+06,0.0,40.37535,0.0,24.061895,1.406696e+06,0.0,1.005459e+07,119.0409,1.89665e+06,84.89977,1.261811e+07,0.0,1.566226e+06,0.0,40.3758,0.0,24.1208,1.620694e+06,0.0,1.005459e+07,119.0362,1.523708e+06,84.45511,1.261501e+07,0.0,1.56622e+06,0.0,40.37554,0.0,24.08876,1.524985e+06,0.0,0.0,0.0094,643791.0,0.87979,6200.0,0.0,12.0,0.0,0.0,0.0,0.03204,6284.8,0.0,0.0,0.0094,-273679.0,-0.00607,6200.0,0.0,12.0,0.0,0.0,0.0,0.0,0.0,0,0,0,0,WELL-00001_20170201010207.parquet,WELL-00001,0
0.0,1.005459e+07,119.04576,1.6667852e+06,84.18388,1.262131e+07,0.0,1.566232e+06,0.0,40.375565,0.0,24.088894,1.5187359e+06,0.0,0.0,0.002791814,164183.81,0.22404402,1833.8207,0.0,3.56739,0.0,0.0,0.0,0.0,0.0,0.0,1.005459e+07,119.0411,1.278177e+06,83.84402,1.261821e+07,0.0,1.566226e+06,0.0,40.37535,0.0,24.061895,1.406696e+06,0.0,1.005459e+07,119.0505,1.916181e+06,84.57972,1.262441e+07,0.0,1.566238e+06,0.0,40.3758,0.0,24.1208,1.620694e+06,0.0,1.005459e+07,119.04575,1.6854945e+06,84.17023,1.262131e+07,0.0,1.566232e+06,0.0,40.37554,0.0,24.08876,1.524985e+06,0.0,0.0,0.0094,638004.0,0.7357,6200.0,0.0,12.0,0.0,0.0,0.0,0.03204,6284.8,0.0,0.0,0.0094,-181812.0,0.58488,6200.0,0.0,12.0,0.0,0.0,0.0,0.0,0.0,0,0,0,0,WELL-00001_20170201010207.parquet,WELL-00001,0
0.0,1.005459e+07,119.05531,1.5456878e+06,84.38689,1.262524e+07,0.0,1.5662441e+06,0.0,40.375565,0.0,24.088894,1.5187359e+06,0.0,0.0,0.0027306066,53543.336,0.17090231,2167.1155,0.0,3.5371714,0.0,0.0,0.0,0.0,0.0,0.0,1.005459e+07,119.0506,1.402595e+06,84.09214,1.261977e+07,0.0,1.566238e+06,0.0,40.37535,0.0,24.061895,1.406696e+06,0.0,1.005459e+07,119.0593,1.663005e+06,84.64912,1.262808e+07,0.0,1.56625e+06,0.0,40.3758,0.0,24.1208,1.620694e+06,0.0,1.005459e+07,119.05535,1.552812e+06,84.390884,1.262571e+07,0.0,1.566244e+06,0.0,40.37554,0.0,24.08876,1.524985e+06,0.0,0.0,0.0087,260410.0,0.55698,8310.0,0.0,12.0,0.0,0.0,0.0,0.03204,6284.8,0.0,0.0,0.0087,143949.0,-0.50146,-4740.0,0.0,12.0,0.0,0.0,0.0,0.0,0.0,0,0,0,0,WELL-00001_20170201010207.parquet,WELL-00001,0
0.0,1.005459e+07,119.0593,1.5658914e+06,84.305244,1.2611879e+07,0.0,1.5662562e+06,0.0,40.375565,0.0,24.088894,1.5187359e+06,0.0,0.0,0.0,77454.49,0.17316636,3465.4675,0.0,3.544511,0.0,0.0,0.0,0.0,0.0,0.0,1.005459e+07,119.0593,1.430083e+06,84.0415,1.260813e+07,0.0,1.56625e+06,0.0,40.37535,0.0,24.061895,1.406696e+06,0.0,1.005459e+07,119.0593,1.657218e+06,84.60305,1.261944e+07,0.0,1.566262e+06,0.0,40.3758,0.0,24.1208,1.620694e+06,0.0,1.005459e+07,119.0593,1.5802785e+06,84.30186,1.261013e+07,0.0,1.566256e+06,0.0,40.37554,0.0,24.08876,1.524985e+06,0.0,0.0,0.0,227135.0,0.56155,11310.0,0.0,12.0,0.0,0.0,0.0,0.03204,6284.8,0.0,0.0,0.0,81358.0,0.52104,-9230.0,0.0,12.0,0.0,0.0,0.0,0.0,0.0,0,0,0,0,WELL-00001_20170201010207.parquet,WELL-00001,0
0.0,1.005459e+07,119.0593,1.6517982e+06,84.7253,1.2612745e+07,0.0,1.5662682e+06,0.0,40.375565,0.0,24.088894,1.5187359e+06,0.0,0.0,0.0,81929.516,0.048398517,1451.6951,0.0,3.5044765,0.0,0.0,0.0,0.0,0.0,0.0,1.005459e+07,119.0593,1.54148e+06,84.61326,1.261029e+07,0.0,1.566262e+06,0.0,40.37535,0.0,24.061895,1.406696e+06,0.0,1.005459e+07,119.0593,1.823797e+06,84.80296,1.26152e+07,0.0,1.566274e+06,0.0,40.3758,0.0,24.1208,1.620694e+06,0.0,1.005459e+07,119.0593,1.658189e+06,84.72721,1.2612745e+07,0.0,1.566268e+06,0.0,40.37554,0.0,24.08876,1.524985e+06,0.0,0.0,0.0,282317.0,0.1897,4910.0,0.0,12.0,0.0,0.0,0.0,0.03204,6284.8,0.0,0.0,0.0,229709.0,0.1897,4910.0,0.0,12.0,0.0,0.0,0.0,0.0,0.0,0,0,0,0,WELL-00001_20170201010207.parquet,WELL-00001,0
0.0,1.005459e+07,119.0593,1.5976499e+06,84.41732,1.2617732e+07,0.0,1.5662805e+06,0.0,40.375565,0.0,24.088894,1.5187359e+06,0.0,0.0,0.0,295148.75,0.38205698,1451.6755,0.0,3.5387683,0.0,0.0,0.0,0.0,0.0,0.0,1.005459e+07,119.0593,1.183417e+06,83.76295,1.261528e+07,0.0,1.566274e+06,0.0,40.37535,0.0,24.061895,1.406696e+06,0.0,1.005459e+07,119.0593,2.144039e+06,84.8466,1.262018e+07,0.0,1.566286e+06,0.0,40.3758,0.0,24.1208,1.620694e+06,0.0,1.005459e+07,119.0593,1.5010805e+06,84.48115,1.261773e+07,0.0,1.5662805e+06,0.0,40.37554,0.0,24.08876,1.524985e+06,0.0,0.0,0.0,960622.0,1.08365,4900.0,0.0,12.0,0.0,0.0,0.0,0.03204,6284.8,0.0,0.0,0.0,-245100.0,-1.04257,4900.0,0.0,12.0,0.0,0.0,0.0,0.0,0.0,0,0,0,0,WELL-00001_20170201010207.parquet,WELL-00001,0
0.0,1.005459e+07,119.0593,1.504636e+06,83.55101,1.2622719e+07,0.0,1.5662925e+06,0.0,40.375565,0.0,24.088894,1.5187359e+06,0.0,0.0,0.0,233364.44,0.12060239,1451.7726,0.0,3.4811842,0.0,0.0,0.0,0.0,0.0,0.0,1.005459e+07,119.0593,1.189204e+06,83.36551,1.262027e+07,0.0,1.566287e+06,0.0,40.37535,0.0,24.061895,1.406696e+06,0.0,1.005459e+07,119.0593,1.869162e+06,83.75598,1.262517e+07,0.0,1.566298e+06,0.0,40.3758,0.0,24.1208,1.620694e+06,0.0,1.005459e+07,119.0593,1.4409335e+06,83.550285,1.262272e+07,0.0,1.5662925e+06,0.0,40.37554,0.0,24.08876,1.524985e+06,0.0,0.0,0.0,679958.0,0.39047,4900.0,0.0,11.0,0.0,0.0,0.0,0.03204,6284.8,0.0,0.0,0.0,-204925.0,-0.38969,4900.0,0.0,11.0,0.0,0.0,0.0,0.0,0.0,0,0,0,0,WELL-00001_20170201010207.parquet,WELL-00001,0
0.0,1.005459e+07,119.0593,1.4802304e+06,83.37958,1.2626824e+07,0.0,1.5663046e+06,0.0,40.375565,0.0,24.088894,1.5187359e+06,0.0,0.0,0.0,144262.38,0.02211656,769.6242,0.0,3.5476975,0.0,0.0,0.0,0.0,0.0,0.0,1.005459e+07,119.0593,1.202224e+06,83.36655,1.262525e+07,0.0,1.566299e+06,0.0,40.37535,0.0,24.061895,1.406696e+06,0.0,1.005459e+07,119.0593,1.784529e+06,83.4878,1.262808e+07,0.0,1.566311e+06,0.0,40.3758,0.0,24.1208,1.620694e+06,0.0,1.005459e+07,119.0593,1.503586e+06,83.37428,1.2626855e+07,0.0,1.5663045e+06,0.0,40.37554,0.0,24.08876,1.524985e+06,0.0,0.0,0.0,582305.0,0.12125,2830.0,0.0,12.0,0.0,0.0,0.0,0.03204,6284.8,0.0,0.0,0.0,129668.0,0.12125,840.0,0.0,12.0,0.0,0.0,0.0,0.0,0.0,0,0,0,0,WELL-00001_20170201010207.parquet,WELL-00001,0
0.0,1.005459e+07,119.0593,1.6189982e+06,84.12355,1.2623653e+07,0.0,1.5663168e+06,0.0,40.375565,0.0,24.088894,1.5187359e+06,0.0,0.0,0.0,48995.98,0.34967104,1393.7267,0.0,3.5044765,0.0,0.0,0.0,0.0,0.0,0.0,1.005459e+07,119.0593,1.550585e+06,83.50922,1.26213e+07,0.0,1.566311e+06,0.0,40.37535,0.0,24.061895,1.406696e+06,0.0,1.005459e+07,119.0593,1.740654e+06,84.64153,1.262601e+07,0.0,1.566323e+06,0.0,40.3758,0.0,24.1208,1.620694e+06,0.0,1.005459e+07,119.0593,1.6102075e+06,84.14107,1.262365e+07,0.0,1.566317e+06,0.0,40.37554,0.0,24.08876,1.524985e+06,0.0,0.0,0.0,190069.0,1.13231,4710.0,0.0,12.0,0.0,0.0,0.0,0.03204,6284.8,0.0,0.0,0.0,190069.0,1.13231,-4710.0,0.0,12.0,0.0,0.0,0.0,0.0,0.0,0,0,0,0,WELL-00001_20170201010207.parquet,WELL-00001,0
0.0,1.005459e+07,119.0593,1.7257364e+06,84.949135,1.2618864e+07,0.0,1.5663288e+06,0.0,40.375565,0.0,24.088894,1.5187359e+06,0.0,0.0,0.0,147700.22,0.15746227,1392.8721,0.0,3.5575972,0.0,0.0,0.0,0.0,0.0,0.0,1.005459e+07,119.0593,1.456847e+06,84.65418,1.261651e+07,0.0,1.566323e+06,0.0,40.37535,0.0,24.061895,1.406696e+06,0.0,1.005459e+07,119.0593,2.023238e+06,85.21117,1.262122e+07,0.0,1.566335e+06,0.0,40.3758,0.0,24.1208,1.620694e+06,0.0,1.005459e+07,119.0593,1.715514e+06,84.95167,1.261886e+07,0.0,1.566329e+06,0.0,40.37554,0.0,24.08876,1.524985e+06,0.0,0.0,0.0,566391.0,0.55699,4710.0,0.0,12.0,0.0,0.0,0.0,0.03204,6284.8,0.0,0.0,0.0,-275181.0,0.15824,-4710.0,0.0,12.0,0.0,0.0,0.0,0.0,0.0,0,0,0,0,WELL-00001_20170201010207.parquet,WELL-00001,0
0.0,1.005459e+07,119.0593,1.4845518e+06,84.25307,1.2614076e+07,0.0,1.5663409e+06,0.0,40.375565,0.0,24.088894,1.5187359e+06,0.0,0.0,0.0,119134.64,0.22177774,1393.0323,0.0,3.516065,0.0,0.0,0.0,0.0,0.0,0.0,1.005459e+07,119.0593,1.204394e+06,84.05556,1.261172e+07,0.0,1.566335e+06,0.0,40.37535,0.0,24.061895,1.406696e+06,0.0,1.005459e+07,119.0593,1.63407e+06,84.78583,1.261643e+07,0.0,1.566347e+06,0.0,40.3758,0.0,24.1208,1.620694e+06,0.0,1.005459e+07,119.0593,1.5165435e+06,84.13332,1.261408e+07,0.0,1.566341e+06,0.0,40.37554,0.0,24.08876,1.524985e+06,0.0,0.0,0.0,429676.0,0.73027,4710.0,0.0,12.0,0.0,0.0,0.0,0.03204,6284.8,0.0,0.0,0.0,84343.0,-0.73027,-4710.0,0.0,12.0,0.0,0.0,0.0,0.0,0.0,0,0,0,0,WELL-00001_20170201010207.parquet,WELL-00001,0
0.0,1.005459e+07,119.0593,1.4948054e+06,83.97514,1.2610113e+07,0.0,1.566353e+06,0.0,40.375565,0.0,24.088894,1.5187359e+06,0.0,0.0,0.0,173176.62,0.046042632,1224.1545,0.0,3.5724542,0.0,0.0,0.0,0.0,0.0,0.0,1.005459e+07,119.0593,1.140739e+06,83.89737,1.260813e+07,0.0,1.566347e+06,0.0,40.37535,0.0,24.061895,1.406696e+06,0.0,1.005459e+07,119.0593,1.843845e+06,84.05292,1.261312e+07,0.0,1.566359e+06,0.0,40.3758,0.0,24.1208,1.620694e+06,0.0,1.005459e+07,119.0593,1.517971e+06,83.97514,1.261009e+07,0.0,1.566353e+06,0.0,40.37554,0.0,24.08876,1.524985e+06,0.0,0.0,0.0,703106.0,0.15555,4990.0,0.0,12.0,0.0,0.0,0.0,0.03204,6284.8,0.0,0.0,0.0,3256.0,-0.15555,1480.0,0.0,12.0,0.0,0.0,0.0,0.0,0.0,0,0,0,0,WELL-00001_20170201010207.parquet,WELL-00001,0
0.0,1.005459e+07,119.0593,1.5717072e+06,83.95609,1.2622373e+07,0.0,1.5663651e+06,0.0,40.375565,0.0,24.088894,1.5187359e+06,0.0,0.0,0.0,31650.0,0.1195339,4707.3965,0.0,3.516065,0.0,0.0,0.0,0.0,0.0,0.0,1.005459e+07,119.0593,1.511822e+06,83.82883,1.261345e+07,0.0,1.566359e+06,0.0,40.37535,0.0,24.061895,1.406696e+06,0.0,1.005459e+07,119.0593,1.62539e+06,84.21619,1.262808e+07,0.0,1.566371e+06,0.0,40.3758,0.0,24.1208,1.620694e+06,0.0,1.005459e+07,119.0593,1.572352e+06,83.89342,1.262326e+07,0.0,1.566365e+06,0.0,40.37554,0.0,24.08876,1.524985e+06,0.0,0.0,0.0,113568.0,0.38736,14630.0,0.0,12.0,0.0,0.0,0.0,0.03204,6284.8,0.0,0.0,0.0,44297.0,0.32145,12970.0,0.0,12.0,0.0,0.0,0.0,0.0,0.0,0,0,0,0,WELL-00001_20170201010207.parquet,WELL-00001,0
0.0,1.005459e+07,119.0593,1.6352836e+06,84.5433,1.2623038e+07,0.0,1.5663771e+06,0.0,40.375565,0.0,24.088894,1.5187359e+06,0.0,0.0,0.0,55814.395,0.1772321,1935.9135,0.0,3.5580735,0.0,0.0,0.0,0.0,0.0,0.0,1.005459e+07,119.0593,1.565351e+06,84.22758,1.261977e+07,0.0,1.566371e+06,0.0,40.37535,0.0,24.061895,1.406696e+06,0.0,1.005459e+07,119.0593,1.771474e+06,84.82991,1.262631e+07,0.0,1.566383e+06,0.0,40.3758,0.0,24.1208,1.620694e+06,0.0,1.005459e+07,119.0593,1.618518e+06,84.55443,1.2623035e+07,0.0,1.566377e+06,0.0,40.37554,0.0,24.08876,1.524985e+06,0.0,0.0,0.0,206123.0,0.60233,6540.0,0.0,12.0,0.0,0.0,0.0,0.03204,6284.8,0.0,0.0,0.0,163238.0,0.60233,-6540.0,0.0,12.0,0.0,0.0,0.0,0.0,0.0,0,0,0,0,WELL-00001_20170201010207.parquet,WELL-00001,0
0.0,1.005459e+07,119.0593,1.6733324e+06,84.903755,1.2616388e+07,0.0,1.5663892e+06,0.0,40.375565,0.0,24.088894,1.5187359e+06,0.0,0.0,0.0,140991.78,0.118260056,1935.8213,0.0,3.5044765,0.0,0.0,0.0,0.0,0.0,0.0,1.005459e+07,119.0593,1.406212e+06,84.64558,1.261312e+07,0.0,1.566383e+06,0.0,40.37535,0.0,24.061895,1.406696e+06,0.0,1.005459e+07,119.0593,1.935711e+06,85.08205,1.261966e+07,0.0,1.566395e+06,0.0,40.3758,0.0,24.1208,1.620694e+06,0.0,1.005459e+07,119.0593,1.6417175e+06,84.918625,1.2616385e+07,0.0,1.566389e+06,0.0,40.37554,0.0,24.08876,1.524985e+06,0.0,0.0,0.0,529499.0,0.43647,6540.0,0.0,12.0,0.0,0.0,0.0,0.03204,6284.8,0.0,0.0,0.0,-233025.0,-0.19367,-6540.0,0.0,12.0,0.0,0.0,0.0,0.0,0.0,0,0,0,0,WELL-00001_20170201010207.parquet,WELL-00001,0
0.0,1.005459e+07,119.0593,1.6710154e+06,84.293335,1.260996e+07,0.0,1.5664014e+06,0.0,40.375565,0.0,24.088894,1.5187359e+06,0.0,0.0,0.0,118722.23,0.17802659,1647.9725,0.0,3.5294964,0.0,0.0,0.0,0.0,0.0,0.0,1.005459e+07,119.0593,1.386813e+06,84.02251,1.260813e+07,0.0,1.566395e+06,0.0,40.37535,0.0,24.061895,1.406696e+06,0.0,1.005459e+07,119.0593,1.8858e+06,84.63235,1.261301e+07,0.0,1.566407e+06,0.0,40.3758,0.0,24.1208,1.620694e+06,0.0,1.005459e+07,119.0593,1.6678535e+06,84.26898,1.2609735e+07,0.0,1.566401e+06,0.0,40.37554,0.0,24.08876,1.524985e+06,0.0,0.0,0.0,498987.0,0.60984,4880.0,0.0,12.0,0.0,0.0,0.0,0.03204,6284.8,0.0,0.0,0.0,-162624.0,-0.60984,-4880.0,0.0,12.0,0.0,0.0,0.0,0.0,0.0,0,0,0,0,WELL-00001_20170201010207.parquet,WELL-00001,0
0.0,1.005459e+07,119.0593,1.5043604e+06,83.827965,1.260813e+07,0.0,1.5664135e+06,0.0,40.375565,0.0,24.088894,1.5187359e+06,0.0,0.0,0.0,161929.39,0.08553521,0.0,0.0,3.5387683,0.0,0.0,0.0,0.0,0.0,0.0,1.005459e+07,119.0593,1.156653e+06,83.72213,1.260813e+07,0.0,1.566407e+06,0.0,40.37535,0.0,24.061895,1.406696e+06,0.0,1.005459e+07,119.0593,1.814187e+06,84.01416,1.260813e+07,0.0,1.566419e+06,0.0,40.3758,0.0,24.1208,1.620694e+06,0.0,1.005459e+07,119.0593,1.504692e+06,83.79926,1.260813e+07,0.0,1.5664135e+06,0.0,40.37554,0.0,24.08876,1.524985e+06,0.0,0.0,0.0,657534.0,0.29203,0.0,0.0,12.0,0.0,0.0,0.0,0.03204,6284.8,0.0,0.0,0.0,90617.0,-0.29203,0.0,0.0,12.0,0.0,0.0,0.0,0.0,0.0,0,0,0,0,WELL-00001_20170201010207.parquet,WELL-00001,0
0.0,1.005459e+07,119.0593,1.5796042e+06,83.846565,1.260813e+07,0.0,1.5664255e+06,0.0,40.375565,0.0,24.088894,1.5187359e+06,0.0,0.0,0.0,133494.8,0.19476579,0.0,0.0,3.5102353,0.0,0.0,0.0,0.0,0.0,0.0,1.005459e+07,119.0593,1.34328e+06,83.65414,1.260813e+07,0.0,1.56642e+06,0.0,40.37535,0.0,24.061895,1.406696e+06,0.0,1.005459e+07,119.0593,1.850775e+06,84.2653,1.260813e+07,0.0,1.566432e+06,0.0,40.3758,0.0,24.1208,1.620694e+06,0.0,1.005459e+07,119.0593,1.5671595e+06,83.73503,1.260813e+07,0.0,1.5664255e+06,0.0,40.37554,0.0,24.08876,1.524985e+06,0.0,0.0,0.0,507495.0,0.61116,0.0,0.0,12.0,0.0,0.0,0.0,0.03204,6284.8,0.0,0.0,0.0,426479.0,0.54579,0.0,0.0,12.0,0.0,0.0,0.0,0.0,0.0,0,0,0,0,WELL-00001_20170201010207.parquet,WELL-00001,0
0.0,1.005459e+07,119.0593,1.6287222e+06,84.36415,1.260813e+07,0.0,1.5664376e+06,0.0,40.375565,0.0,24.088894,1.5187359e+06,0.0,0.0,0.0,281866.06,0.25605616,0.0,0.0,3.5502446,0.0,0.0,0.0,0.0,0.0,0.0,1.005459e+07,119.0593,1.210181e+06,83.803,1.260813e+07,0.0,1.566432e+06,0.0,40.37535,0.0,24.061895,1.406696e+06,0.0,1.005459e+07,119.0593,1.954519e+06,84.73267,1.260813e+07,0.0,1.566444e+06,0.0,40.3758,0.0,24.1208,1.620694e+06,0.0,1.005459e+07,119.0593,1.717546e+06,84.40683,1.260813e+07,0.0,1.566438e+06,0.0,40.37554,0.0,24.08876,1.524985e+06,0.0,0.0,0.0,744338.0,0.92967,0.0,0.0,12.0,0.0,0.0,0.0,0.03204,6284.8,0.0,0.0,0.0,-470943.0,-0.48028,0.0,0.0,12.0,0.0,0.0,0.0,0.0,0.0,0,0,0,0,WELL-00001_20170201010207.parquet,WELL-00001,0
0.0,1.005566e+07,119.0593,1.518331e+06,83.868225,1.260813e+07,0.0,1.5664498e+06,0.0,40.375565,0.0,24.088894,1.5187359e+06,0.0,739.4786,0.0,207994.16,0.14528434,0.0,0.0,3.527575,0.0,0.0,0.0,0.0,0.0,0.0,1.005459e+07,119.0593,1.1798e+06,83.63895,1.260813e+07,0.0,1.566444e+06,0.0,40.37535,0.0,24.061895,1.406696e+06,0.0,1.005693e+07,119.0593,1.936435e+06,84.12428,1.260813e+07,0.0,1.566456e+06,0.0,40.3758,0.0,24.1208,1.620694e+06,0.0,1.005565e+07,119.0593,1.4552455e+06,83.859146,1.260813e+07,0.0,1.56645e+06,0.0,40.37554,0.0,24.08876,1.524985e+06,0.0,2340.0,0.0,756635.0,0.48533,0.0,0.0,12.0,0.0,0.0,0.0,0.03204,6284.8,0.0,2340.0,0.0,-73245.0,0.34861,0.0,0.0,12.0,0.0,0.0,0.0,0.0,0.0,0,0,0,0,WELL-00001_20170201010207.parquet,WELL-00001,0
0.0,1.0058251e+07,119.0593,1.6091385e+06,84.29615,1.260813e+07,0.0,1.5664619e+06,0.0,40.375565,0.0,24.088894,1.5187359e+06,0.0,757.85895,0.0,116065.53,0.08657132,0.0,0.0,3.5485334,0.0,0.0,0.0,0.0,0.0,0.0,1.005697e+07,119.0593,1.349428e+06,84.13327,1.260813e+07,0.0,1.566456e+06,0.0,40.37535,0.0,24.061895,1.406696e+06,0.0,1.005953e+07,119.0593,1.908947e+06,84.44044,1.260813e+07,0.0,1.566468e+06,0.0,40.3758,0.0,24.1208,1.620694e+06,0.0,1.005825e+07,119.0593,1.5850715e+06,84.29718,1.260813e+07,0.0,1.566462e+06,0.0,40.37554,0.0,24.08876,1.524985e+06,0.0,2560.0,0.0,559519.0,0.30717,0.0,0.0,12.0,0.0,0.0,0.0,0.03204,6284.8,0.0,2560.0,0.0,365659.0,0.30717,0.0,0.0,12.0,0.0,0.0,0.0,0.0,0.0,0,0,0,0,WELL-00001_20170201010207.parquet,WELL-00001,0
0.0,1.0060852e+07,119.0593,1.5196291e+06,84.29471,1.260813e+07,0.0,1.5664739e+06,0.0,40.375565,0.0,24.088894,1.5187359e+06,0.0,757.5677,0.0,161745.27,0.12403998,0.0,0.0,3.516065,0.0,0.0,0.0,0.0,0.0,0.0,1.005957e+07,119.0593,1.140015e+06,84.07883,1.260813e+07,0.0,1.566468e+06,0.0,40.37535,0.0,24.061895,1.406696e+06,0.0,1.006213e+07,119.0593,1.731724e+06,84.47443,1.260813e+07,0.0,1.56648e+06,0.0,40.3758,0.0,24.1208,1.620694e+06,0.0,1.006085e+07,119.0593,1.546369e+06,84.29902,1.260813e+07,0.0,1.566474e+06,0.0,40.37554,0.0,24.08876,1.524985e+06,0.0,2560.0,0.0,591709.0,0.3956,0.0,0.0,12.0,0.0,0.0,0.0,0.03204,6284.8,0.0,2560.0,0.0,-114640.0,-0.36646,0.0,0.0,12.0,0.0,0.0,0.0,0.0,0.0,0,0,0,0,WELL-00001_20170201010207.parquet,WELL-00001,0
0.0,1.0063455e+07,119.0593,1.6400431e+06,84.37831,1.260813e+07,0.0,1.566486e+06,0.0,40.375565,0.0,24.088894,1.5187359e+06,0.0,756.65967,0.0,135045.62,0.22302493,0.0,0.0,3.6008081,0.0,0.0,0.0,0.0,0.0,0.0,1.006218e+07,119.0593,1.340255e+06,84.0415,1.260813e+07,0.0,1.56648e+06,0.0,40.37535,0.0,24.061895,1.406696e+06,0.0,1.006473e+07,119.0593,1.878566e+06,84.76056,1.260813e+07,0.0,1.566492e+06,0.0,40.3758,0.0,24.1208,1.620694e+06,0.0,1.0063455e+07,119.0593,1.630503e+06,84.374886,1.260813e+07,0.0,1.566486e+06,0.0,40.37554,0.0,24.08876,1.524985e+06,0.0,2550.0,0.0,538311.0,0.71906,0.0,0.0,12.0,0.0,0.0,0.0,0.03204,6284.8,0.0,2550.0,0.0,-215468.0,0.6892,0.0,0.0,12.0,0.0,0.0,0.0,0.0,0.0,0,0,0,0,WELL-00001_20170201010207.parquet,WELL-00001,0
0.0,1.0066057e+07,119.0593,1.5750085e+06,84.08703,1.260813e+07,0.0,1.5664981e+06,0.0,40.375565,0.0,24.088894,1.5187359e+06,0.0,758.0239,0.0,227065.89,0.36214435,0.0,0.0,3.516065,0.0,0.0,0.0,0.0,0.0,0.0,1.006478e+07,119.0593,1.289751e+06,83.76807,1.260813e+07,0.0,1.566492e+06,0.0,40.37535,0.0,24.061895,1.406696e+06,0.0,1.006734e+07,119.0593,2.039152e+06,84.839,1.260813e+07,0.0,1.566504e+06,0.0,40.3758,0.0,24.1208,1.620694e+06,0.0,1.006606e+07,119.0593,1.496856e+06,83.89444,1.260813e+07,0.0,1.566498e+06,0.0,40.37554,0.0,24.08876,1.524985e+06,0.0,2560.0,0.0,749401.0,1.07093,0.0,0.0,12.0,0.0,0.0,0.0,0.03204,6284.8,0.0,2560.0,0.0,495226.0,-0.84933,0.0,0.0,12.0,0.0,0.0,0.0,0.0,0.0,0,0,0,0,WELL-00001_20170201010207.parquet,WELL-00001,0
0.0,1.0068659e+07,119.0593,1.4549784e+06,84.064476,1.260813e+07,0.0,1.5665101e+06,0.0,40.375565,0.0,24.088894,1.5187359e+06,0.0,757.34924,0.0,151750.98,0.08025689,0.0,0.0,3.5614064,0.0,0.0,0.0,0.0,0.0,0.0,1.006738e+07,119.0593,1.133505e+06,83.92891,1.260813e+07,0.0,1.566504e+06,0.0,40.37535,0.0,24.061895,1.406696e+06,0.0,1.006994e+07,119.0593,1.77404e+06,84.20004,1.260813e+07,0.0,1.566516e+06,0.0,40.3758,0.0,24.1208,1.620694e+06,0.0,1.006866e+07,119.0593,1.4683005e+06,84.064476,1.260813e+07,0.0,1.56651e+06,0.0,40.37554,0.0,24.08876,1.524985e+06,0.0,2560.0,0.0,640535.0,0.27113,0.0,0.0,12.0,0.0,0.0,0.0,0.03204,6284.8,0.0,2560.0,0.0,-101776.0,0.27113,0.0,0.0,12.0,0.0,0.0,0.0,0.0,0.0,0,0,0,0,WELL-00001_20170201010207.parquet,WELL-00001,0
0.0,1.0071262e+07,119.0593,1.648224e+06,84.20555,1.260813e+07,0.0,1.5665222e+06,0.0,40.375565,0.0,24.088894,1.5187359e+06,0.0,757.1307,0.0,121097.96,0.081842884,0.0,0.0,3.5044765,0.0,0.0,0.0,0.0,0.0,0.0,1.006998e+07,119.0593,1.335323e+06,84.02693,1.260813e+07,0.0,1.566516e+06,0.0,40.37535,0.0,24.061895,1.406696e+06,0.0,1.007254e+07,119.0593,1.860482e+06,84.31493,1.260813e+07,0.0,1.566528e+06,0.0,40.3758,0.0,24.1208,1.620694e+06,0.0,1.007126e+07,119.0593,1.6747235e+06,84.22601,1.260813e+07,0.0,1.566522e+06,0.0,40.37554,0.0,24.08876,1.524985e+06,0.0,2560.0,0.0,525159.0,0.288,0.0,0.0,12.0,0.0,0.0,0.0,0.03204,6284.8,0.0,2560.0,0.0,-346851.0,-0.17771,0.0,0.0,12.0,0.0,0.0,0.0,0.0,0.0,0,0,0,0,WELL-00001_20170201010207.parquet,WELL-00001,0
0.0,1.0073593e+07,119.0593,1.5251021e+06,84.00278,1.260813e+07,0.0,1.5665344e+06,0.0,40.375565,0.0,24.088894,1.5187359e+06,0.0,556.45935,0.0,123279.21,0.13150075,0.0,0.0,3.5269744,0.0,0.0,0.0,0.0,0.0,0.0,1.007258e+07,119.0593,1.310005e+06,83.82123,1.260813e+07,0.0,1.566528e+06,0.0,40.37535,0.0,24.061895,1.406696e+06,0.0,1.007454e+07,119.0593,1.715087e+06,84.28925,1.260813e+07,0.0,1.56654e+06,0.0,40.3758,0.0,24.1208,1.620694e+06,0.0,1.00736e+07,119.0593,1.5327655e+06,83.97346,1.260813e+07,0.0,1.5665345e+06,0.0,40.37554,0.0,24.08876,1.524985e+06,0.0,1960.0,0.0,405082.0,0.46802,0.0,0.0,12.0,0.0,0.0,0.0,0.03204,6284.8,0.0,400.0,0.0,343415.0,0.27054,0.0,0.0,12.0,0.0,0.0,0.0,0.0,0.0,0,0,0,0,WELL-00001_20170201010207.parquet,WELL-00001,0
0.0,1.0069604e+07,119.0593,1.6844626e+06,84.6321,1.260813e+07,0.0,1.5665465e+06,0.0,40.375565,0.0,24.088894,1.5187359e+06,0.0,1935.2535,0.0,70441.664,0.16025375,0.0,0.0,3.4811842,0.0,0.0,0.0,0.0,0.0,0.0,1.006633e+07,119.0593,1.491568e+06,84.30262,1.260813e+07,0.0,1.566541e+06,0.0,40.37535,0.0,24.061895,1.406696e+06,0.0,1.007287e+07,119.0593,1.809847e+06,84.77961,1.260813e+07,0.0,1.566552e+06,0.0,40.3758,0.0,24.1208,1.620694e+06,0.0,1.0069605e+07,119.0593,1.7005365e+06,84.6971,1.260813e+07,0.0,1.5665465e+06,0.0,40.37554,0.0,24.08876,1.524985e+06,0.0,6540.0,0.0,318279.0,0.47699,0.0,0.0,11.0,0.0,0.0,0.0,0.03204,6284.8,0.0,-6540.0,0.0,18413.0,0.47699,0.0,0.0,11.0,0.0,0.0,0.0,0.0,0.0,0,0,0,0,WELL-00001_20170201010207.parquet,WELL-00001,0
0.0,1.0062954e+07,119.0593,1.6135826e+06,84.60495,1.260813e+07,0.0,1.5665586e+06,0.0,40.375565,0.0,24.088894,1.5187359e+06,0.0,1935.0934,0.0,299556.75,0.28564808,0.0,0.0,3.5476975,0.0,0.0,0.0,0.0,0.0,0.0,1.005968e+07,119.0593,1.087933e+06,83.87178,1.260813e+07,0.0,1.566553e+06,0.0,40.37535,0.0,24.061895,1.406696e+06,0.0,1.006622e+07,119.0593,2.034088e+06,84.79343,1.260813e+07,0.0,1.566565e+06,0.0,40.3758,0.0,24.1208,1.620694e+06,0.0,1.0062955e+07,119.0593,1.698091e+06,84.7824,1.260813e+07,0.0,1.5665585e+06,0.0,40.37554,0.0,24.08876,1.524985e+06,0.0,6540.0,0.0,946155.0,0.92165,0.0,0.0,12.0,0.0,0.0,0.0,0.03204,6284.8,0.0,-6540.0,0.0,-563603.0,-0.9082,0.0,0.0,12.0,0.0,0.0,0.0,0.0,0.0,0,0,0,0,WELL-00001_20170201010207.parquet,WELL-00001,0
0.0,1.0056789e+07,119.0593,1.5086855e+06,83.74789,1.260813e+07,0.0,1.5665708e+06,0.0,40.375565,0.0,24.088894,1.5187359e+06,0.0,1440.9513,0.0,178894.17,0.06800755,0.0,0.0,3.5044765,0.0,0.0,0.0,0.0,0.0,0.0,1.005459e+07,119.0593,1.16244e+06,83.63135,1.260813e+07,0.0,1.566565e+06,0.0,40.37535,0.0,24.061895,1.406696e+06,0.0,1.005957e+07,119.0593,1.724257e+06,83.86376,1.260813e+07,0.0,1.566577e+06,0.0,40.3758,0.0,24.1208,1.620694e+06,0.0,1.005658e+07,119.0593,1.5608775e+06,83.74956,1.260813e+07,0.0,1.566571e+06,0.0,40.37554,0.0,24.08876,1.524985e+06,0.0,4980.0,0.0,561817.0,0.23241,0.0,0.0,12.0,0.0,0.0,0.0,0.03204,6284.8,0.0,-2660.0,0.0,561817.0,0.03206,0.0,0.0,12.0,0.0,0.0,0.0,0.0,0.0,0,0,0,0,WELL-00001_20170201010207.parquet,WELL-00001,0
0.0,1.0061984e+07,119.05651,1.5832505e+06,84.32503,1.260813e+07,0.0,1.5665828e+06,0.0,40.375565,0.0,24.088894,1.5187359e+06,0.0,2903.4487,0.0025689339,289391.88,0.3594742,0.0,0.0,3.527575,0.0,0.0,0.0,0.0,0.0,0.0,1.005708e+07,119.0517,1.169673e+06,83.82883,1.260813e+07,0.0,1.566577e+06,0.0,40.37535,0.0,24.061895,1.406696e+06,0.0,1.006689e+07,119.0593,2.078937e+06,84.96812,1.260813e+07,0.0,1.566589e+06,0.0,40.3758,0.0,24.1208,1.620694e+06,0.0,1.0061985e+07,119.0569,1.54799e+06,84.303024,1.260813e+07,0.0,1.566583e+06,0.0,40.37554,0.0,24.08876,1.524985e+06,0.0,9810.0,0.0076,909264.0,1.13929,0.0,0.0,12.0,0.0,0.0,0.0,0.03204,6284.8,0.0,9810.0,-0.0076,-261903.0,0.00409,0.0,0.0,12.0,0.0,0.0,0.0,0.0,0.0,0,0,0,0,WELL-00001_20170201010207.parquet,WELL-00001,0
0.0,1.0071553e+07,119.04637,1.5659389e+06,84.20093,1.260813e+07,0.0,1.5665949e+06,0.0,40.375565,0.0,24.088894,1.5187359e+06,0.0,2395.1318,0.003058684,158756.75,0.18658957,0.0,0.0,3.5371714,0.0,0.0,0.0,0.0,0.0,0.0,1.006705e+07,119.0412,1.183417e+06,83.88299,1.260813e+07,0.0,1.566589e+06,0.0,40.37535,0.0,24.061895,1.406696e+06,0.0,1.007454e+07,119.0515,1.776572e+06,84.48962,1.260813e+07,0.0,1.566601e+06,0.0,40.3758,0.0,24.1208,1.620694e+06,0.0,1.007196e+07,119.0464,1.59736e+06,84.20255,1.260813e+07,0.0,1.566595e+06,0.0,40.37554,0.0,24.08876,1.524985e+06,0.0,7490.0,0.0103,593155.0,0.60663,0.0,0.0,12.0,0.0,0.0,0.0,0.03204,6284.8,0.0,6570.0,-0.0103,-185813.0,0.59022,0.0,0.0,12.0,0.0,0.0,0.0,0.0,0.0,0,0,0,0,WELL-00001_20170201010207.parquet,WELL-00001,0
0.0,1.007163e+07,119.03584,1.574818e+06,84.306274,1.260813e+07,0.0,1.5666069e+06,0.0,40.375565,0.0,24.088894,1.5187359e+06,0.0,1140.4741,0.0030624254,96347.19,0.09558557,0.0,0.0,3.5429168,0.0,0.0,0.0,0.0,0.0,0.0,1.00697e+07,119.0307,1.324834e+06,84.14481,1.260813e+07,0.0,1.566601e+06,0.0,40.37535,0.0,24.061895,1.406696e+06,0.0,1.007356e+07,119.041,1.768254e+06,84.46773,1.260813e+07,0.0,1.566613e+06,0.0,40.3758,0.0,24.1208,1.620694e+06,0.0,1.007163e+07,119.03585,1.564429e+06,84.306274,1.260813e+07,0.0,1.566607e+06,0.0,40.37554,0.0,24.08876,1.524985e+06,0.0,3860.0,0.0103,443420.0,0.32292,0.0,0.0,12.0,0.0,0.0,0.0,0.03204,6284.8,0.0,-3860.0,-0.0103,443420.0,-0.32292,0.0,0.0,12.0,0.0,0.0,0.0,0.0,0.0,0,0,0,0,WELL-00001_20170201010207.parquet,WELL-00001,0
0.0,1.0067712e+07,119.025314,1.5518231e+06,84.516754,1.260813e+07,0.0,1.566619e+06,0.0,40.375565,0.0,24.088894,1.5187359e+06,0.0,1140.2411,0.0030664487,275731.3,0.37417433,0.0,0.0,3.56739,0.0,0.0,0.0,0.0,0.0,0.0,1.006579e+07,119.0201,1.079253e+06,83.94276,1.260813e+07,0.0,1.566613e+06,0.0,40.37535,0.0,24.061895,1.406696e+06,0.0,1.006964e+07,119.0305,1.872779e+06,85.17319,1.260813e+07,0.0,1.566625e+06,0.0,40.3758,0.0,24.1208,1.620694e+06,0.0,1.006771e+07,119.0253,1.60073e+06,84.50149,1.260813e+07,0.0,1.566619e+06,0.0,40.37554,0.0,24.08876,1.524985e+06,0.0,3850.0,0.0104,793526.0,1.23043,0.0,0.0,12.0,0.0,0.0,0.0,0.03204,6284.8,0.0,-3850.0,-0.0104,-447349.0,-0.18226,0.0,0.0,12.0,0.0,0.0,0.0,0.0,0.0,0,0,0,0,WELL-00001_20170201010207.parquet,WELL-00001,0
0.0,1.0063793e+07,119.01479,1.5358754e+06,84.0454,1.260813e+07,0.0,1.5666311e+06,0.0,40.375565,0.0,24.088894,1.5187359e+06,0.0,1140.4158,0.0030629535,148760.39,0.051769037,0.0,0.0,3.5371714,0.0,0.0,0.0,0.0,0.0,0.0,1.006187e+07,119.0096,1.345857e+06,83.95995,1.260813e+07,0.0,1.566625e+06,0.0,40.37535,0.0,24.061895,1.406696e+06,0.0,1.006572e+07,119.02,1.820697e+06,84.15238,1.260813e+07,0.0,1.566637e+06,0.0,40.3758,0.0,24.1208,1.620694e+06,0.0,1.0063795e+07,119.0148,1.496315e+06,84.04442,1.260813e+07,0.0,1.566631e+06,0.0,40.37554,0.0,24.08876,1.524985e+06,0.0,3850.0,0.0104,474840.0,0.19243,0.0,0.0,12.0,0.0,0.0,0.0,0.03204,6284.8,0.0,-3850.0,-0.0104,331326.0,0.19243,0.0,0.0,12.0,0.0,0.0,0.0,0.0,0.0,0,0,0,0,WELL-00001_20170201010207.parquet,WELL-00001,0
0.0,1.0059875e+07,119.004265,1.6721718e+06,84.41758,1.260813e+07,0.0,1.5666432e+06,0.0,40.375565,0.0,24.088894,1.5187359e+06,0.0,1140.8137,0.0030643656,71323.74,0.1506027,0.0,0.0,3.540883,0.0,0.0,0.0,0.0,0.0,0.0,1.005795e+07,118.9991,1.461911e+06,84.16112,1.260813e+07,0.0,1.566637e+06,0.0,40.37535,0.0,24.061895,1.406696e+06,0.0,1.00618e+07,119.0094,1.759212e+06,84.64737,1.260813e+07,0.0,1.566649e+06,0.0,40.3758,0.0,24.1208,1.620694e+06,0.0,1.0059875e+07,119.0043,1.690102e+06,84.41879,1.260813e+07,0.0,1.566643e+06,0.0,40.37554,0.0,24.08876,1.524985e+06,0.0,3850.0,0.0103,297301.0,0.48625,0.0,0.0,12.0,0.0,0.0,0.0,0.03204,6284.8,0.0,-3850.0,-0.0103,70560.0,0.48625,0.0,0.0,12.0,0.0,0.0,0.0,0.0,0.0,0,0,0,0,WELL-00001_20170201010207.parquet,WELL-00001,0
0.0,1.0055957e+07,118.99374,1.5856478e+06,84.69192,1.260813e+07,0.0,1.5666552e+06,0.0,40.375565,0.0,24.088894,1.5187359e+06,0.0,1140.2847,0.0030660636,41170.055,0.025508901,0.0,0.0,3.5044765,0.0,0.0,0.0,0.0,0.0,0.0,1.005403e+07,118.9886,1.527736e+06,84.64883,1.260813e+07,0.0,1.566649e+06,0.0,40.37535,0.0,24.061895,1.406696e+06,0.0,1.005788e+07,118.9989,1.700027e+06,84.73501,1.260813e+07,0.0,1.566661e+06,0.0,40.3758,0.0,24.1208,1.620694e+06,0.0,1.0055955e+07,118.99375,1.5814095e+06,84.69192,1.260813e+07,0.0,1.566655e+06,0.0,40.37554,0.0,24.08876,1.524985e+06,0.0,3850.0,0.0103,172291.0,0.08618,0.0,0.0,12.0,0.0,0.0,0.0,0.03204,6284.8,0.0,-3850.0,-0.0103,-154245.0,0.08618,0.0,0.0,12.0,0.0,0.0,0.0,0.0,0.0,0,0,0,0,WELL-00001_20170201010207.parquet,WELL-00001,0
0.0,1.0052038e+07,118.983215,1.6521626e+06,84.77956,1.260813e+07,0.0,1.5666675e+06,0.0,40.375565,0.0,24.088894,1.5187359e+06,0.0,1140.2411,0.0030651398,218568.73,0.02550874,0.0,0.0,3.5387683,0.0,0.0,0.0,0.0,0.0,0.0,1.005011e+07,118.978,1.246349e+06,84.73647,1.260813e+07,0.0,1.566661e+06,0.0,40.37535,0.0,24.061895,1.406696e+06,0.0,1.005396e+07,118.9884,2.018898e+06,84.82264,1.260813e+07,0.0,1.566673e+06,0.0,40.3758,0.0,24.1208,1.620694e+06,0.0,1.005204e+07,118.9832,1.626989e+06,84.77955,1.260813e+07,0.0,1.5666675e+06,0.0,40.37554,0.0,24.08876,1.524985e+06,0.0,3850.0,0.0104,772549.0,0.08617,0.0,0.0,12.0,0.0,0.0,0.0,0.03204,6284.8,0.0,-3850.0,-0.0104,-159790.0,0.08617,0.0,0.0,12.0,0.0,0.0,0.0,0.0,0.0,0,0,0,0,WELL-00001_20170201010207.parquet,WELL-00001,0
0.0,1.0048121e+07,118.97269,1.4298651e+06,83.97981,1.260813e+07,0.0,1.5666795e+06,0.0,40.375565,0.0,24.088894,1.5187359e+06,0.0,1140.7653,0.0030678043,86306.13,0.43773565,0.0,0.0,3.4811842,0.0,0.0,0.0,0.0,0.0,0.0,1.004619e+07,118.9675,1.218862e+06,83.58864,1.260813e+07,0.0,1.566674e+06,0.0,40.37535,0.0,24.061895,1.406696e+06,0.0,1.005005e+07,118.9779,1.566798e+06,84.83141,1.260813e+07,0.0,1.566685e+06,0.0,40.3758,0.0,24.1208,1.620694e+06,0.0,1.004812e+07,118.9727,1.453122e+06,83.724556,1.260813e+07,0.0,1.5666795e+06,0.0,40.37554,0.0,24.08876,1.524985e+06,0.0,3860.0,0.0104,347936.0,1.24277,0.0,0.0,11.0,0.0,0.0,0.0,0.03204,6284.8,0.0,-3860.0,-0.0104,65506.0,-1.23546,0.0,0.0,11.0,0.0,0.0,0.0,0.0,0.0,0,0,0,0,WELL-00001_20170201010207.parquet,WELL-00001,0
0.0,1.0044203e+07,118.96216,1.6914079e+06,83.82518,1.260813e+07,0.0,1.5666916e+06,0.0,40.375565,0.0,24.088894,1.5187359e+06,0.0,1140.3284,0.0030664997,138482.17,0.36818385,0.0,0.0,3.5476975,0.0,0.0,0.0,0.0,0.0,0.0,1.004228e+07,118.957,1.489982e+06,83.46425,1.260813e+07,0.0,1.566686e+06,0.0,40.37535,0.0,24.061895,1.406696e+06,0.0,1.004613e+07,118.9673,1.900267e+06,84.52759,1.260813e+07,0.0,1.566698e+06,0.0,40.3758,0.0,24.1208,1.620694e+06,0.0,1.0044205e+07,118.96215,1.7097215e+06,83.59748,1.260813e+07,0.0,1.5666915e+06,0.0,40.37554,0.0,24.08876,1.524985e+06,0.0,3850.0,0.0103,410285.0,1.06334,0.0,0.0,12.0,0.0,0.0,0.0,0.03204,6284.8,0.0,-3850.0,-0.0103,361530.0,0.87772,0.0,0.0,12.0,0.0,0.0,0.0,0.0,0.0,0,0,0,0,WELL-00001_20170201010207.parquet,WELL-00001,0
0.0,1.0040284e+07,118.95164,1.5013699e+06,83.966156,1.260813e+07,0.0,1.5667038e+06,0.0,40.375565,0.0,24.088894,1.5187359e+06,0.0,1140.5565,0.0030660636,232808.62,0.27796522,0.0,0.0,3.5044765,0.0,0.0,0.0,0.0,0.0,0.0,1.003836e+07,118.9465,1.265157e+06,83.54021,1.260813e+07,0.0,1.566698e+06,0.0,40.37535,0.0,24.061895,1.406696e+06,0.0,1.004221e+07,118.9568,1.981283e+06,84.4453,1.260813e+07,0.0,1.56671e+06,0.0,40.3758,0.0,24.1208,1.620694e+06,0.0,1.0040285e+07,118.95165,1.4285155e+06,83.95984,1.260813e+07,0.0,1.566704e+06,0.0,40.37554,0.0,24.08876,1.524985e+06,0.0,3850.0,0.0103,716126.0,0.90509,0.0,0.0,12.0,0.0,0.0,0.0,0.03204,6284.8,0.0,-3850.0,-0.0103,-356496.0,-0.81941,0.0,0.0,12.0,0.0,0.0,0.0,0.0,0.0,0,0,0,0,WELL-00001_20170201010207.parquet,WELL-00001,0
0.0,1.0036378e+07,118.949715,1.5937911e+06,84.238625,1.260813e+07,0.0,1.5667158e+06,0.0,40.375565,0.0,24.088894,1.5187359e+06,0.0,1122.6539,0.0069239982,166916.67,0.3210031,0.0,0.0,3.5575972,0.0,0.0,0.0,0.0,0.0,0.0,1.003464e+07,118.9421,1.234052e+06,83.6473,1.260813e+07,0.0,1.56671e+06,0.0,40.37535,0.0,24.061895,1.406696e+06,0.0,1.003829e+07,118.9646,1.806953e+06,84.61115,1.260813e+07,0.0,1.566722e+06,0.0,40.3758,0.0,24.1208,1.620694e+06,0.0,1.0036365e+07,118.9462,1.607366e+06,84.27915,1.260813e+07,0.0,1.566716e+06,0.0,40.37554,0.0,24.08876,1.524985e+06,0.0,3650.0,0.0225,572901.0,0.96385,0.0,0.0,12.0,0.0,0.0,0.0,0.03204,6284.8,0.0,-3510.0,0.0183,-3255.0,0.93944,0.0,0.0,12.0,0.0,0.0,0.0,0.0,0.0,0,0,0,0,WELL-00001_20170201010207.parquet,WELL-00001,0
0.0,1.0036197e+07,118.98425,1.5763884e+06,84.5255,1.260813e+07,0.0,1.5667279e+06,0.0,40.375565,0.0,24.088894,1.5187359e+06,0.0,814.0751,0.011247666,150203.69,0.044537872,0.0,0.0,3.516065,0.0,0.0,0.0,0.0,0.0,0.0,1.003482e+07,118.9653,1.252136e+06,84.41296,1.260813e+07,0.0,1.566722e+06,0.0,40.37535,0.0,24.061895,1.406696e+06,0.0,1.003757e+07,119.0033,1.869162e+06,84.585,1.260813e+07,0.0,1.566734e+06,0.0,40.3758,0.0,24.1208,1.620694e+06,0.0,1.0036195e+07,118.98425,1.569571e+06,84.53357,1.260813e+07,0.0,1.566728e+06,0.0,40.37554,0.0,24.08876,1.524985e+06,0.0,2750.0,0.038,617026.0,0.17204,0.0,0.0,12.0,0.0,0.0,0.0,0.03204,6284.8,0.0,2750.0,0.038,32310.0,-0.17204,0.0,0.0,12.0,0.0,0.0,0.0,0.0,0.0,0,0,0,0,WELL-00001_20170201010207.parquet,WELL-00001,0
0.0,1.0038994e+07,119.02288,1.6852661e+06,84.197464,1.260813e+07,0.0,1.56674e+06,0.0,40.375565,0.0,24.088894,1.5187359e+06,0.0,813.87604,0.011244316,124654.0,0.12339237,0.0,0.0,3.5724542,0.0,0.0,0.0,0.0,0.0,0.0,1.003762e+07,119.0039,1.53497e+06,83.98903,1.260813e+07,0.0,1.566734e+06,0.0,40.37535,0.0,24.061895,1.406696e+06,0.0,1.004037e+07,119.0419,1.957412e+06,84.40589,1.260813e+07,0.0,1.566746e+06,0.0,40.3758,0.0,24.1208,1.620694e+06,0.0,1.0038995e+07,119.0229,1.6695825e+06,84.197464,1.260813e+07,0.0,1.56674e+06,0.0,40.37554,0.0,24.08876,1.524985e+06,0.0,2750.0,0.038,422442.0,0.41686,0.0,0.0,12.0,0.0,0.0,0.0,0.03204,6284.8,0.0,2750.0,0.038,243773.0,-0.41686,0.0,0.0,12.0,0.0,0.0,0.0,0.0,0.0,0,0,0,0,WELL-00001_20170201010207.parquet,WELL-00001,0
0.0,1.0041791e+07,119.0429,1.5377006e+06,83.774055,1.260813e+07,0.0,1.5667521e+06,0.0,40.375565,0.0,24.088894,1.5187359e+06,0.0,813.88104,0.012512474,158376.78,0.122539274,0.0,0.0,3.516065,0.0,0.0,0.0,0.0,0.0,0.0,1.004042e+07,119.0148,1.218138e+06,83.57767,1.260813e+07,0.0,1.566746e+06,0.0,40.37535,0.0,24.061895,1.406696e+06,0.0,1.004317e+07,119.0593,1.779466e+06,83.98196,1.260813e+07,0.0,1.566758e+06,0.0,40.3758,0.0,24.1208,1.620694e+06,0.0,1.004179e+07,119.0461,1.5655985e+06,83.77354,1.260813e+07,0.0,1.566752e+06,0.0,40.37554,0.0,24.08876,1.524985e+06,0.0,2750.0,0.0445,561328.0,0.40429,0.0,0.0,12.0,0.0,0.0,0.0,0.03204,6284.8,0.0,2750.0,-0.0277,-459189.0,-0.40429,0.0,0.0,12.0,0.0,0.0,0.0,0.0,0.0,0,0,0,0,WELL-00001_20170201010207.parquet,WELL-00001,0
0.0,1.0044588e+07,118.98898,1.4907572e+06,83.45893,1.260813e+07,0.0,1.5667641e+06,0.0,40.375565,0.0,24.088894,1.5187359e+06,0.0,813.8033,0.009535118,176150.44,0.0670597,0.0,0.0,3.5580735,0.0,0.0,0.0,0.0,0.0,0.0,1.004321e+07,118.9811,1.103847e+06,83.35793,1.260813e+07,0.0,1.566758e+06,0.0,40.37535,0.0,24.061895,1.406696e+06,0.0,1.004596e+07,119.0135,1.79538e+06,83.57375,1.260813e+07,0.0,1.56677e+06,0.0,40.3758,0.0,24.1208,1.620694e+06,0.0,1.0044585e+07,118.98405,1.515514e+06,83.457985,1.260813e+07,0.0,1.566764e+06,0.0,40.37554,0.0,24.08876,1.524985e+06,0.0,2750.0,0.0324,691533.0,0.21582,0.0,0.0,12.0,0.0,0.0,0.0,0.03204,6284.8,0.0,2750.0,-0.0287,427933.0,-0.20885,0.0,0.0,12.0,0.0,0.0,0.0,0.0,0.0,0,0,0,0,WELL-00001_20170201010207.parquet,WELL-00001,0
0.0,1.0047384e+07,118.988045,1.4637271e+06,83.420074,1.260813e+07,0.0,1.5667762e+06,0.0,40.375565,0.0,24.088894,1.5187359e+06,0.0,813.7158,0.0018391658,130280.51,0.03498742,0.0,0.0,3.5044765,0.0,0.0,0.0,0.0,0.0,0.0,1.004601e+07,118.9849,1.176183e+06,83.36664,1.260813e+07,0.0,1.56677e+06,0.0,40.37535,0.0,24.061895,1.406696e+06,0.0,1.004876e+07,118.9912,1.677011e+06,83.52982,1.260813e+07,0.0,1.566782e+06,0.0,40.3758,0.0,24.1208,1.620694e+06,0.0,1.0047385e+07,118.98805,1.476468e+06,83.41806,1.260813e+07,0.0,1.566776e+06,0.0,40.37554,0.0,24.08876,1.524985e+06,0.0,2750.0,0.0063,500828.0,0.16318,0.0,0.0,12.0,0.0,0.0,0.0,0.03204,6284.8,0.0,2750.0,0.0063,-25435.0,0.16318,0.0,0.0,12.0,0.0,0.0,0.0,0.0,0.0,0,0,0,0,WELL-00001_20170201010207.parquet,WELL-00001,0
0.0,1.0050181e+07,118.99438,1.6600491e+06,84.14575,1.260813e+07,0.0,1.5667884e+06,0.0,40.375565,0.0,24.088894,1.5187359e+06,0.0,813.74023,0.0018384653,155866.36,0.31752133,0.0,0.0,3.5294964,0.0,0.0,0.0,0.0,0.0,0.0,1.004881e+07,118.9913,1.215968e+06,83.55167,1.260813e+07,0.0,1.566782e+06,0.0,40.37535,0.0,24.061895,1.406696e+06,0.0,1.005156e+07,118.9975,1.908224e+06,84.53519,1.260813e+07,0.0,1.566794e+06,0.0,40.3758,0.0,24.1208,1.620694e+06,0.0,1.005018e+07,118.99435,1.680889e+06,84.19642,1.260813e+07,0.0,1.566788e+06,0.0,40.37554,0.0,24.08876,1.524985e+06,0.0,2750.0,0.0062,692256.0,0.98352,0.0,0.0,12.0,0.0,0.0,0.0,0.03204,6284.8,0.0,2750.0,0.0062,-238510.0,0.88416,0.0,0.0,12.0,0.0,0.0,0.0,0.0,0.0,0,0,0,0,WELL-00001_20170201010207.parquet,WELL-00001,0
0.0,1.0052978e+07,119.000694,1.5768505e+06,84.23177,1.260813e+07,0.0,1.5668005e+06,0.0,40.375565,0.0,24.088894,1.5187359e+06,0.0,813.8033,0.0018443654,132361.92,0.10755149,0.0,0.0,3.5387683,0.0,0.0,0.0,0.0,0.0,0.0,1.00516e+07,118.9976,1.27239e+06,84.10226,1.260813e+07,0.0,1.566794e+06,0.0,40.37535,0.0,24.061895,1.406696e+06,0.0,1.005435e+07,119.0038,1.769339e+06,84.42873,1.260813e+07,0.0,1.566806e+06,0.0,40.3758,0.0,24.1208,1.620694e+06,0.0,1.0052975e+07,119.00065,1.606267e+06,84.21937,1.260813e+07,0.0,1.5668005e+06,0.0,40.37554,0.0,24.08876,1.524985e+06,0.0,2750.0,0.0062,496949.0,0.32647,0.0,0.0,12.0,0.0,0.0,0.0,0.03204,6284.8,0.0,2750.0,0.0062,238497.0,-0.31236,0.0,0.0,12.0,0.0,0.0,0.0,0.0,0.0,0,0,0,0,WELL-00001_20170201010207.parquet,WELL-00001,0
0.0,1.0052445e+07,119.00702,1.6046674e+06,84.14946,1.260813e+07,0.0,1.5668125e+06,0.0,40.375565,0.0,24.088894,1.5187359e+06,0.0,1418.3285,0.00184171,109777.52,0.01894972,0.0,0.0,3.5293763,0.0,0.0,0.0,0.0,0.0,0.0,1.005001e+07,119.0039,1.293368e+06,84.11745,1.260813e+07,0.0,1.566807e+06,0.0,40.37535,0.0,24.061895,1.406696e+06,0.0,1.005459e+07,119.0101,1.773679e+06,84.18147,1.260813e+07,0.0,1.566819e+06,0.0,40.3758,0.0,24.1208,1.620694e+06,0.0,1.0052465e+07,119.00705,1.6321815e+06,84.14947,1.260813e+07,0.0,1.5668125e+06,0.0,40.37554,0.0,24.08876,1.524985e+06,0.0,4580.0,0.0062,480311.0,0.06402,0.0,0.0,12.0,0.0,0.0,0.0,0.03204,6284.8,0.0,-4390.0,0.0062,-112162.0,0.06402,0.0,0.0,12.0,0.0,0.0,0.0,0.0,0.0,0,0,0,0,WELL-00001_20170201010207.parquet,WELL-00001,0
0.0,1.0047479e+07,119.01335,1.5406051e+06,84.23969,1.260813e+07,0.0,1.5668246e+06,0.0,40.375565,0.0,24.088894,1.5187359e+06,0.0,1451.86,0.0018400894,97123.27,0.06825916,0.0,0.0,3.5502446,0.0,0.0,0.0,0.0,0.0,0.0,1.004503e+07,119.0102,1.277454e+06,84.18256,1.260813e+07,0.0,1.566819e+06,0.0,40.37535,0.0,24.061895,1.406696e+06,0.0,1.004993e+07,119.0165,1.654324e+06,84.44759,1.260813e+07,0.0,1.566831e+06,0.0,40.3758,0.0,24.1208,1.620694e+06,0.0,1.004748e+07,119.01335,1.5760695e+06,84.21457,1.260813e+07,0.0,1.566825e+06,0.0,40.37554,0.0,24.08876,1.524985e+06,0.0,4900.0,0.0063,376870.0,0.26503,0.0,0.0,12.0,0.0,0.0,0.0,0.03204,6284.8,0.0,-4900.0,0.0063,20725.0,0.26503,0.0,0.0,12.0,0.0,0.0,0.0,0.0,0.0,0,0,0,0,WELL-00001_20170201010207.parquet,WELL-00001,0
0.0,1.0042491e+07,119.01968,1.8011619e+06,84.830124,1.260813e+07,0.0,1.5668368e+06,0.0,40.375565,0.0,24.088894,1.5187359e+06,0.0,1451.7775,0.0018411829,217929.77,0.19702013,0.0,0.0,3.527575,0.0,0.0,0.0,0.0,0.0,0.0,1.004004e+07,119.0166,1.456781e+06,84.46304,1.260813e+07,0.0,1.566831e+06,0.0,40.37535,0.0,24.061895,1.406696e+06,0.0,1.004494e+07,119.0228,2.240969e+06,85.158,1.260813e+07,0.0,1.566843e+06,0.0,40.3758,0.0,24.1208,1.620694e+06,0.0,1.004249e+07,119.01965,1.7415345e+06,84.83777,1.260813e+07,0.0,1.566837e+06,0.0,40.37554,0.0,24.08876,1.524985e+06,0.0,4900.0,0.0062,784188.0,0.69496,0.0,0.0,12.0,0.0,0.0,0.0,0.03204,6284.8,0.0,-4900.0,0.0062,-181956.0,0.20317,0.0,0.0,12.0,0.0,0.0,0.0,0.0,0.0,0,0,0,0,WELL-00001_20170201010207.parquet,WELL-00001,0
0.0,1.0037504e+07,119.026,1.5500578e+06,83.964485,1.260813e+07,0.0,1.5668489e+06,0.0,40.375565,0.0,24.088894,1.5187359e+06,0.0,1452.088,0.0018462054,239209.89,0.26662678,0.0,0.0,3.5485334,0.0,0.0,0.0,0.0,0.0,0.0,1.003505e+07,119.0229,1.222478e+06,83.75287,1.260813e+07,0.0,1.566843e+06,0.0,40.37535,0.0,24.061895,1.406696e+06,0.0,1.003996e+07,119.0291,1.999367e+06,84.63108,1.260813e+07,0.0,1.566855e+06,0.0,40.3758,0.0,24.1208,1.620694e+06,0.0,1.0037505e+07,119.026,1.497301e+06,83.8142,1.260813e+07,0.0,1.566849e+06,0.0,40.37554,0.0,24.08876,1.524985e+06,0.0,4910.0,0.0062,776889.0,0.87821,0.0,0.0,12.0,0.0,0.0,0.0,0.03204,6284.8,0.0,-4910.0,0.0062,386990.0,-0.80505,0.0,0.0,12.0,0.0,0.0,0.0,0.0,0.0,0,0,0,0,WELL-00001_20170201010207.parquet,WELL-00001,0
0.0,1.0034654e+07,119.032326,1.4242506e+06,83.86406,1.260813e+07,0.0,1.5668609e+06,0.0,40.375565,0.0,24.088894,1.5187359e+06,0.0,57.074635,0.001842587,112516.1,0.0141263595,0.0,0.0,3.516065,0.0,0.0,0.0,0.0,0.0,0.0,1.003464e+07,119.0292,1.255753e+06,83.82819,1.260813e+07,0.0,1.566855e+06,0.0,40.37535,0.0,24.061895,1.406696e+06,0.0,1.003497e+07,119.0354,1.747276e+06,83.88199,1.260813e+07,0.0,1.566867e+06,0.0,40.3758,0.0,24.1208,1.620694e+06,0.0,1.003464e+07,119.03235,1.4142065e+06,83.86719,1.260813e+07,0.0,1.566861e+06,0.0,40.37554,0.0,24.08876,1.524985e+06,0.0,330.0,0.0062,491523.0,0.0538,0.0,0.0,12.0,0.0,0.0,0.0,0.03204,6284.8,0.0,-330.0,0.0062,-152629.0,0.03228,0.0,0.0,12.0,0.0,0.0,0.0,0.0,0.0,0,0,0,0,WELL-00001_20170201010207.parquet,WELL-00001,0
0.0,1.003464e+07,119.03866,1.6583941e+06,83.94376,1.260813e+07,0.0,1.566873e+06,0.0,40.375565,0.0,24.088894,1.5187359e+06,0.0,0.0,0.0018371281,79181.21,0.108622305,0.0,0.0,3.5936227,0.0,0.0,0.0,0.0,0.0,0.0,1.003464e+07,119.0355,1.511822e+06,83.84402,1.260813e+07,0.0,1.566867e+06,0.0,40.37535,0.0,24.061895,1.406696e+06,0.0,1.003464e+07,119.0418,1.791763e+06,84.17422,1.260813e+07,0.0,1.566879e+06,0.0,40.3758,0.0,24.1208,1.620694e+06,0.0,1.003464e+07,119.03865,1.6534035e+06,83.88773,1.260813e+07,0.0,1.566873e+06,0.0,40.37554,0.0,24.08876,1.524985e+06,0.0,0.0,0.0063,279941.0,0.3302,0.0,0.0,12.0,0.0,0.0,0.0,0.03204,6284.8,0.0,0.0,0.0063,53942.0,0.31438,0.0,0.0,12.0,0.0,0.0,0.0,0.0,0.0,0,0,0,0,WELL-00001_20170201010207.parquet,WELL-00001,0
0.0,1.003464e+07,119.044975,1.8189301e+06,84.36188,1.260813e+07,0.0,1.5668851e+06,0.0,40.375565,0.0,24.088894,1.5187359e+06,0.0,0.0,0.00184171,141374.94,0.07088216,0.0,0.0,3.516065,0.0,0.0,0.0,0.0,0.0,0.0,1.003464e+07,119.0419,1.63841e+06,84.18394,1.260813e+07,0.0,1.566879e+06,0.0,40.37535,0.0,24.061895,1.406696e+06,0.0,1.003464e+07,119.0481,2.123785e+06,84.43645,1.260813e+07,0.0,1.566891e+06,0.0,40.3758,0.0,24.1208,1.620694e+06,0.0,1.003464e+07,119.04495,1.7585935e+06,84.388435,1.260813e+07,0.0,1.566885e+06,0.0,40.37554,0.0,24.08876,1.524985e+06,0.0,0.0,0.0062,485375.0,0.25251,0.0,0.0,12.0,0.0,0.0,0.0,0.03204,6284.8,0.0,0.0,0.0062,258136.0,0.18985,0.0,0.0,12.0,0.0,0.0,0.0,0.0,0.0,0,0,0,0,WELL-00001_20170201010207.parquet,WELL-00001,0
0.0,1.003464e+07,119.0513,1.4845666e+06,84.27557,1.260813e+07,0.0,1.5668971e+06,0.0,40.375565,0.0,24.088894,1.5187359e+06,0.0,0.0,0.0018443654,144170.17,0.08931645,0.0,0.0,3.5614064,0.0,0.0,0.0,0.0,0.0,0.0,1.003464e+07,119.0482,1.252136e+06,84.07387,1.260813e+07,0.0,1.566891e+06,0.0,40.37535,0.0,24.061895,1.406696e+06,0.0,1.003464e+07,119.0544,1.877843e+06,84.37189,1.260813e+07,0.0,1.566903e+06,0.0,40.3758,0.0,24.1208,1.620694e+06,0.0,1.003464e+07,119.05135,1.509709e+06,84.31587,1.260813e+07,0.0,1.566897e+06,0.0,40.37554,0.0,24.08876,1.524985e+06,0.0,0.0,0.0062,625707.0,0.29802,0.0,0.0,12.0,0.0,0.0,0.0,0.03204,6284.8,0.0,0.0,0.0062,-321830.0,-0.29802,0.0,0.0,12.0,0.0,0.0,0.0,0.0,0.0,0,0,0,0,WELL-00001_20170201010207.parquet,WELL-00001,0
0.0,1.003464e+07,119.05521,1.6295345e+06,83.8427,1.260813e+07,0.0,1.5669092e+06,0.0,40.375565,0.0,24.088894,1.5187359e+06,0.0,0.0,0.0041707386,184324.98,0.1048039,0.0,0.0,3.5044765,0.0,0.0,0.0,0.0,0.0,0.0,1.003464e+07,119.0413,1.391021e+06,83.73769,1.260813e+07,0.0,1.566903e+06,0.0,40.37535,0.0,24.061895,1.406696e+06,0.0,1.003464e+07,119.0593,1.965369e+06,84.06453,1.260813e+07,0.0,1.566915e+06,0.0,40.3758,0.0,24.1208,1.620694e+06,0.0,1.003464e+07,119.05635,1.552692e+06,83.78905,1.260813e+07,0.0,1.566909e+06,0.0,40.37554,0.0,24.08876,1.524985e+06,0.0,0.0,0.018,574348.0,0.32684,0.0,0.0,12.0,0.0,0.0,0.0,0.03204,6284.8,0.0,0.0,-0.0132,135548.0,-0.29343,0.0,0.0,12.0,0.0,0.0,0.0,0.0,0.0,0,0,0,0,WELL-00001_20170201010207.parquet,WELL-00001,0
0.0,1.003464e+07,119.00448,1.4699898e+06,83.840225,1.260813e+07,0.0,1.5669214e+06,0.0,40.375565,0.0,24.088894,1.5187359e+06,0.0,0.0,0.019449089,132350.77,0.062270354,0.0,0.0,3.5515175,0.0,0.0,0.0,0.0,0.0,0.0,1.003464e+07,118.9811,1.205118e+06,83.77249,1.260813e+07,0.0,1.566915e+06,0.0,40.37535,0.0,24.061895,1.406696e+06,0.0,1.003464e+07,119.0401,1.678919e+06,83.9826,1.260813e+07,0.0,1.566927e+06,0.0,40.3758,0.0,24.1208,1.620694e+06,0.0,1.003464e+07,119.00225,1.486001e+06,83.81357,1.260813e+07,0.0,1.5669215e+06,0.0,40.37554,0.0,24.08876,1.524985e+06,0.0,0.0,0.059,473801.0,0.21011,0.0,0.0,12.0,0.0,0.0,0.0,0.03204,6284.8,0.0,0.0,-0.0567,-35050.0,0.21011,0.0,0.0,12.0,0.0,0.0,0.0,0.0,0.0,0,0,0,0,WELL-00001_20170201010207.parquet,WELL-00001,0
0.0,1.003464e+07,118.98877,1.6408742e+06,84.15976,1.260813e+07,0.0,1.5669335e+06,0.0,40.375565,0.0,24.088894,1.5187359e+06,0.0,0.0,0.0030609677,102254.69,0.085045636,0.0,0.0,3.4811842,0.0,0.0,0.0,0.0,0.0,0.0,1.003464e+07,118.9836,1.503142e+06,83.98933,1.260813e+07,0.0,1.566928e+06,0.0,40.37535,0.0,24.061895,1.406696e+06,0.0,1.003464e+07,118.9939,1.914734e+06,84.24644,1.260813e+07,0.0,1.566939e+06,0.0,40.3758,0.0,24.1208,1.620694e+06,0.0,1.003464e+07,118.9888,1.617014e+06,84.18768,1.260813e+07,0.0,1.5669335e+06,0.0,40.37554,0.0,24.08876,1.524985e+06,0.0,0.0,0.0103,411592.0,0.25711,0.0,0.0,11.0,0.0,0.0,0.0,0.03204,6284.8,0.0,0.0,0.0103,129441.0,0.25711,0.0,0.0,11.0,0.0,0.0,0.0,0.0,0.0,0,0,0,0,WELL-00001_20170201010207.parquet,WELL-00001,0
0.0,1.003464e+07,118.9993,1.5749574e+06,84.28686,1.260813e+07,0.0,1.5669456e+06,0.0,40.375565,0.0,24.088894,1.5187359e+06,0.0,0.0,0.0030614035,64011.875,0.040322583,0.0,0.0,3.5476975,0.0,0.0,0.0,0.0,0.0,0.0,1.003464e+07,118.9941,1.409105e+06,84.24709,1.260813e+07,0.0,1.56694e+06,0.0,40.37535,0.0,24.061895,1.406696e+06,0.0,1.003464e+07,119.0045,1.665175e+06,84.38011,1.260813e+07,0.0,1.566952e+06,0.0,40.3758,0.0,24.1208,1.620694e+06,0.0,1.003464e+07,118.9993,1.581699e+06,84.2664,1.260813e+07,0.0,1.5669455e+06,0.0,40.37554,0.0,24.08876,1.524985e+06,0.0,0.0,0.0104,256070.0,0.13302,0.0,0.0,12.0,0.0,0.0,0.0,0.03204,6284.8,0.0,0.0,0.0104,-104581.0,0.13302,0.0,0.0,12.0,0.0,0.0,0.0,0.0,0.0,0,0,0,0,WELL-00001_20170201010207.parquet,WELL-00001,0
0.0,1.003464e+07,119.00982,1.5713846e+06,84.49193,1.260813e+07,0.0,1.5669578e+06,0.0,40.375565,0.0,24.088894,1.5187359e+06,0.0,0.0,0.003061355,37130.926,0.05149196,0.0,0.0,3.5044765,0.0,0.0,0.0,0.0,0.0,0.0,1.003464e+07,119.0046,1.537863e+06,84.38454,1.260813e+07,0.0,1.566952e+06,0.0,40.37535,0.0,24.061895,1.406696e+06,0.0,1.003464e+07,119.015,1.672408e+06,84.5383,1.260813e+07,0.0,1.566964e+06,0.0,40.3758,0.0,24.1208,1.620694e+06,0.0,1.003464e+07,119.0098,1.5537215e+06,84.51524,1.260813e+07,0.0,1.566958e+06,0.0,40.37554,0.0,24.08876,1.524985e+06,0.0,0.0,0.0104,134545.0,0.15376,0.0,0.0,12.0,0.0,0.0,0.0,0.03204,6284.8,0.0,0.0,0.0104,25283.0,0.15376,0.0,0.0,12.0,0.0,0.0,0.0,0.0,0.0,0,0,0,0,WELL-00001_20170201010207.parquet,WELL-00001,0
0.0,1.003464e+07,119.020355,1.6129616e+06,84.52818,1.260813e+07,0.0,1.5669698e+06,0.0,40.375565,0.0,24.088894,1.5187359e+06,0.0,0.0,0.0030576657,75220.73,0.019340485,0.0,0.0,3.527575,0.0,0.0,0.0,0.0,0.0,0.0,1.003464e+07,119.0152,1.484335e+06,84.47899,1.260813e+07,0.0,1.566964e+06,0.0,40.37535,0.0,24.061895,1.406696e+06,0.0,1.003464e+07,119.0255,1.776572e+06,84.54279,1.260813e+07,0.0,1.566976e+06,0.0,40.3758,0.0,24.1208,1.620694e+06,0.0,1.003464e+07,119.02035,1.6025305e+06,84.53924,1.260813e+07,0.0,1.56697e+06,0.0,40.37554,0.0,24.08876,1.524985e+06,0.0,0.0,0.0103,292237.0,0.0638,0.0,0.0,12.0,0.0,0.0,0.0,0.03204,6284.8,0.0,0.0,0.0103,22341.0,-0.05944,0.0,0.0,12.0,0.0,0.0,0.0,0.0,0.0,0,0,0,0,WELL-00001_20170201010207.parquet,WELL-00001,0
0.0,1.0037303e+07,119.03087,1.6652728e+06,84.33027,1.260813e+07,0.0,1.5669819e+06,0.0,40.375565,0.0,24.088894,1.5187359e+06,0.0,1786.6603,0.0030609677,108946.5,0.14382888,0.0,0.0,3.516065,0.0,0.0,0.0,0.0,0.0,0.0,1.003464e+07,119.0257,1.474931e+06,83.9948,1.260813e+07,0.0,1.566976e+06,0.0,40.37535,0.0,24.061895,1.406696e+06,0.0,1.004035e+07,119.036,1.9075e+06,84.47633,1.260813e+07,0.0,1.566988e+06,0.0,40.3758,0.0,24.1208,1.620694e+06,0.0,1.0037285e+07,119.0309,1.645271e+06,84.39791,1.260813e+07,0.0,1.566982e+06,0.0,40.37554,0.0,24.08876,1.524985e+06,0.0,5710.0,0.0103,432569.0,0.48153,0.0,0.0,12.0,0.0,0.0,0.0,0.03204,6284.8,0.0,5710.0,0.0103,100560.0,-0.48153,0.0,0.0,12.0,0.0,0.0,0.0,0.0,0.0,0,0,0,0,WELL-00001_20170201010207.parquet,WELL-00001,0
0.0,1.004352e+07,119.041405,1.3210249e+06,83.6081,1.260813e+07,0.0,1.5669939e+06,0.0,40.375565,0.0,24.088894,1.5187359e+06,0.0,1815.0323,0.0030607684,160069.12,0.17274243,0.0,0.0,3.5429168,0.0,0.0,0.0,0.0,0.0,0.0,1.004045e+07,119.0362,1.054659e+06,83.3959,1.260813e+07,0.0,1.566988e+06,0.0,40.37535,0.0,24.061895,1.406696e+06,0.0,1.004659e+07,119.0466,1.67617e+06,83.97862,1.260813e+07,0.0,1.567e+06,0.0,40.3758,0.0,24.1208,1.620694e+06,0.0,1.004352e+07,119.0414,1.346073e+06,83.54299,1.260813e+07,0.0,1.566994e+06,0.0,40.37554,0.0,24.08876,1.524985e+06,0.0,6140.0,0.0104,621511.0,0.58272,0.0,0.0,12.0,0.0,0.0,0.0,0.03204,6284.8,0.0,6140.0,0.0104,-173477.0,-0.42007,0.0,0.0,12.0,0.0,0.0,0.0,0.0,0.0,0,0,0,0,WELL-00001_20170201010207.parquet,WELL-00001,0
0.0,1.0049754e+07,119.051926,1.6074319e+06,83.81753,1.2608304e+07,0.0,1.567006e+06,0.0,40.375565,0.0,24.088894,1.5187359e+06,0.0,1814.7217,0.0030560095,70873.414,0.1808868,357.60013,0.0,3.56739,0.0,0.0,0.0,0.0,0.0,0.0,1.004669e+07,119.0468,1.472038e+06,83.56562,1.260813e+07,0.0,1.567e+06,0.0,40.37535,0.0,24.061895,1.406696e+06,0.0,1.005282e+07,119.0571,1.780912e+06,84.18269,1.260943e+07,0.0,1.567012e+06,0.0,40.3758,0.0,24.1208,1.620694e+06,0.0,1.0049755e+07,119.0519,1.603078e+06,83.77422,1.260813e+07,0.0,1.567006e+06,0.0,40.37554,0.0,24.08876,1.524985e+06,0.0,6130.0,0.0103,308874.0,0.61707,1300.0,0.0,12.0,0.0,0.0,0.0,0.03204,6284.8,0.0,6130.0,0.0103,212029.0,0.61707,1300.0,0.0,12.0,0.0,0.0,0.0,0.0,0.0,0,0,0,0,WELL-00001_20170201010207.parquet,WELL-00001,0
0.0,1.0054994e+07,119.06245,1.6642392e+06,84.50937,1.2612078e+07,0.0,1.5670181e+06,0.0,40.375565,0.0,24.088894,1.5187359e+06,0.0,937.6997,0.003060824,48033.016,0.14502537,1514.9814,0.0,3.5371714,0.0,0.0,0.0,0.0,0.0,0.0,1.005292e+07,119.0573,1.501235e+06,84.19776,1.260952e+07,0.0,1.567012e+06,0.0,40.37535,0.0,24.061895,1.406696e+06,0.0,1.005634e+07,119.0676,1.751255e+06,84.72507,1.261464e+07,0.0,1.567024e+06,0.0,40.3758,0.0,24.1208,1.620694e+06,0.0,1.005514e+07,119.06245,1.654518e+06,84.52937,1.2612075e+07,0.0,1.567018e+06,0.0,40.37554,0.0,24.08876,1.524985e+06,0.0,3420.0,0.0103,250020.0,0.52731,5120.0,0.0,12.0,0.0,0.0,0.0,0.03204,6284.8,0.0,3420.0,0.0103,-206980.0,0.25128,5120.0,0.0,12.0,0.0,0.0,0.0,0.0,0.0,0,0,0,0,WELL-00001_20170201010207.parquet,WELL-00001,0
0.0,1.0057584e+07,119.07298,1.550029e+06,84.13711,1.2617282e+07,0.0,1.5670302e+06,0.0,40.375565,0.0,24.088894,1.5187359e+06,0.0,713.0608,0.0030634422,116766.195,0.1562504,1514.899,0.0,3.540883,0.0,0.0,0.0,0.0,0.0,0.0,1.005638e+07,119.0678,1.273837e+06,83.91997,1.261472e+07,0.0,1.567024e+06,0.0,40.37535,0.0,24.061895,1.406696e+06,0.0,1.005879e+07,119.0782,1.751255e+06,84.43753,1.261984e+07,0.0,1.567036e+06,0.0,40.3758,0.0,24.1208,1.620694e+06,0.0,1.005758e+07,119.073,1.5610105e+06,84.09824,1.2617285e+07,0.0,1.56703e+06,0.0,40.37554,0.0,24.08876,1.524985e+06,0.0,2410.0,0.0104,477418.0,0.51756,5120.0,0.0,12.0,0.0,0.0,0.0,0.03204,6284.8,0.0,2410.0,0.0104,222285.0,-0.36764,5120.0,0.0,12.0,0.0,0.0,0.0,0.0,0.0,0,0,0,0,WELL-00001_20170201010207.parquet,WELL-00001,0
0.0,1.0060032e+07,119.0835,1.6140315e+06,84.38719,1.2622486e+07,0.0,1.5670424e+06,0.0,40.375565,0.0,24.088894,1.5187359e+06,0.0,712.48816,0.0030607684,55764.324,0.17391564,1514.8845,0.0,3.5294964,0.0,0.0,0.0,0.0,0.0,0.0,1.005883e+07,119.0783,1.479271e+06,84.08059,1.261993e+07,0.0,1.567036e+06,0.0,40.37535,0.0,24.061895,1.406696e+06,0.0,1.006124e+07,119.0887,1.691216e+06,84.63275,1.262505e+07,0.0,1.567048e+06,0.0,40.3758,0.0,24.1208,1.620694e+06,0.0,1.006003e+07,119.0835,1.624725e+06,84.39648,1.2622485e+07,0.0,1.567042e+06,0.0,40.37554,0.0,24.08876,1.524985e+06,0.0,2410.0,0.0104,211945.0,0.55216,5120.0,0.0,12.0,0.0,0.0,0.0,0.03204,6284.8,0.0,2410.0,0.0104,-112638.0,0.55216,5120.0,0.0,12.0,0.0,0.0,0.0,0.0,0.0,0,0,0,0,WELL-00001_20170201010207.parquet,WELL-00001,0
0.0,1.006248e+07,119.093925,1.7201692e+06,84.731476,1.262722e+07,0.0,1.5670545e+06,0.0,40.375565,0.0,24.088894,1.5187359e+06,0.0,712.12854,0.002911673,62990.875,0.06361221,995.57227,0.0,3.5387683,0.0,0.0,0.0,0.0,0.0,0.0,1.006128e+07,119.0889,1.574135e+06,84.59975,1.262513e+07,0.0,1.567048e+06,0.0,40.37535,0.0,24.061895,1.406696e+06,0.0,1.006368e+07,119.0983,1.824314e+06,84.839,1.262808e+07,0.0,1.56706e+06,0.0,40.3758,0.0,24.1208,1.620694e+06,0.0,1.006248e+07,119.094,1.725274e+06,84.73129,1.262769e+07,0.0,1.5670545e+06,0.0,40.37554,0.0,24.08876,1.524985e+06,0.0,2400.0,0.0094,250179.0,0.23925,2950.0,0.0,12.0,0.0,0.0,0.0,0.03204,6284.8,0.0,2400.0,0.0082,135757.0,-0.03759,2950.0,0.0,12.0,0.0,0.0,0.0,0.0,0.0,0,0,0,0,WELL-00001_20170201010207.parquet,WELL-00001,0
0.0,1.0064928e+07,119.08969,1.5509086e+06,84.14268,1.262808e+07,0.0,1.5670665e+06,0.0,40.375565,0.0,24.088894,1.5187359e+06,0.0,712.755,0.004242276,177477.88,0.23993085,0.0,0.0,3.4811842,0.0,0.0,0.0,0.0,0.0,0.0,1.006372e+07,119.0825,1.131335e+06,83.86331,1.262808e+07,0.0,1.567061e+06,0.0,40.37535,0.0,24.061895,1.406696e+06,0.0,1.006613e+07,119.0969,1.798273e+06,84.5838,1.262808e+07,0.0,1.567072e+06,0.0,40.3758,0.0,24.1208,1.620694e+06,0.0,1.006493e+07,119.0897,1.603629e+06,84.11327,1.262808e+07,0.0,1.5670665e+06,0.0,40.37554,0.0,24.08876,1.524985e+06,0.0,2410.0,0.0144,666938.0,0.72049,0.0,0.0,11.0,0.0,0.0,0.0,0.03204,6284.8,0.0,2410.0,-0.0144,-78254.0,-0.72049,0.0,0.0,11.0,0.0,0.0,0.0,0.0,0.0,0,0,0,0,WELL-00001_20170201010207.parquet,WELL-00001,0
0.0,1.0067376e+07,119.07511,1.5124028e+06,83.80803,1.262808e+07,0.0,1.5670786e+06,0.0,40.375565,0.0,24.088894,1.5187359e+06,0.0,712.794,0.004244849,149262.28,0.05436495,0.0,0.0,3.566321,0.0,0.0,0.0,0.0,0.0,0.0,1.006617e+07,119.0679,1.179077e+06,83.65009,1.262808e+07,0.0,1.567073e+06,0.0,40.37535,0.0,24.061895,1.406696e+06,0.0,1.006858e+07,119.0823,1.664451e+06,83.86207,1.262808e+07,0.0,1.567085e+06,0.0,40.3758,0.0,24.1208,1.620694e+06,0.0,1.006738e+07,119.0751,1.566697e+06,83.82535,1.262808e+07,0.0,1.5670785e+06,0.0,40.37554,0.0,24.08876,1.524985e+06,0.0,2410.0,0.0144,485374.0,0.21198,0.0,0.0,12.0,0.0,0.0,0.0,0.03204,6284.8,0.0,2410.0,-0.0144,-343629.0,-0.21198,0.0,0.0,12.0,0.0,0.0,0.0,0.0,0.0,0,0,0,0,WELL-00001_20170201010207.parquet,WELL-00001,0
0.0,1.0069823e+07,119.060524,1.4772341e+06,83.35728,1.262808e+07,0.0,1.5670908e+06,0.0,40.375565,0.0,24.088894,1.5187359e+06,0.0,712.4446,0.0042458205,112105.586,0.14566533,0.0,0.0,3.5044765,0.0,0.0,0.0,0.0,0.0,0.0,1.006862e+07,119.0534,1.227411e+06,83.13766,1.262808e+07,0.0,1.567085e+06,0.0,40.37535,0.0,24.061895,1.406696e+06,0.0,1.007103e+07,119.0677,1.639857e+06,83.63895,1.262808e+07,0.0,1.567097e+06,0.0,40.3758,0.0,24.1208,1.620694e+06,0.0,1.006982e+07,119.0605,1.50111e+06,83.33261,1.262808e+07,0.0,1.567091e+06,0.0,40.37554,0.0,24.08876,1.524985e+06,0.0,2410.0,0.0143,412446.0,0.50129,0.0,0.0,12.0,0.0,0.0,0.0,0.03204,6284.8,0.0,2410.0,-0.0143,269100.0,-0.28164,0.0,0.0,12.0,0.0,0.0,0.0,0.0,0.0,0,0,0,0,WELL-00001_20170201010207.parquet,WELL-00001,0
0.0,1.0072271e+07,119.04593,1.5428855e+06,83.82929,1.262808e+07,0.0,1.5671028e+06,0.0,40.375565,0.0,24.088894,1.5187359e+06,0.0,712.2695,0.0042480025,86897.516,0.26454052,0.0,0.0,3.5575972,0.0,0.0,0.0,0.0,0.0,0.0,1.007107e+07,119.0388,1.36932e+06,83.37299,1.262808e+07,0.0,1.567097e+06,0.0,40.37535,0.0,24.061895,1.406696e+06,0.0,1.007347e+07,119.0531,1.653601e+06,84.24277,1.262808e+07,0.0,1.567109e+06,0.0,40.3758,0.0,24.1208,1.620694e+06,0.0,1.007227e+07,119.04595,1.5665735e+06,83.83581,1.262808e+07,0.0,1.567103e+06,0.0,40.37554,0.0,24.08876,1.524985e+06,0.0,2400.0,0.0143,284281.0,0.86978,0.0,0.0,12.0,0.0,0.0,0.0,0.03204,6284.8,0.0,2400.0,-0.0143,153206.0,0.86978,0.0,0.0,12.0,0.0,0.0,0.0,0.0,0.0,0,0,0,0,WELL-00001_20170201010207.parquet,WELL-00001,0
0.0,1.0074317e+07,119.03134,1.6845729e+06,84.53278,1.262808e+07,0.0,1.5671149e+06,0.0,40.375565,0.0,24.088894,1.5187359e+06,0.0,327.13492,0.0042460123,90058.28,0.14322083,0.0,0.0,3.516065,0.0,0.0,0.0,0.0,0.0,0.0,1.007352e+07,119.0242,1.527736e+06,84.25417,1.262808e+07,0.0,1.567109e+06,0.0,40.37535,0.0,24.061895,1.406696e+06,0.0,1.007454e+07,119.0385,1.832994e+06,84.75545,1.262808e+07,0.0,1.567121e+06,0.0,40.3758,0.0,24.1208,1.620694e+06,0.0,1.007454e+07,119.03135,1.6775375e+06,84.54886,1.262808e+07,0.0,1.567115e+06,0.0,40.37554,0.0,24.08876,1.524985e+06,0.0,1020.0,0.0143,305258.0,0.50128,0.0,0.0,12.0,0.0,0.0,0.0,0.03204,6284.8,0.0,1020.0,-0.0143,30973.0,0.24115,0.0,0.0,12.0,0.0,0.0,0.0,0.0,0.0,0,0,0,0,WELL-00001_20170201010207.parquet,WELL-00001,0
0.0,1.007454e+07,119.01676,1.4863815e+06,83.99806,1.262808e+07,0.0,1.567127e+06,0.0,40.375565,0.0,24.088894,1.5187359e+06,0.0,0.0,0.0042452845,134385.17,0.26119792,0.0,0.0,3.5724542,0.0,0.0,0.0,0.0,0.0,0.0,1.007454e+07,119.0096,1.24172e+06,83.69249,1.262808e+07,0.0,1.567121e+06,0.0,40.37535,0.0,24.061895,1.406696e+06,0.0,1.007454e+07,119.0239,1.712193e+06,84.47797,1.262808e+07,0.0,1.567133e+06,0.0,40.3758,0.0,24.1208,1.620694e+06,0.0,1.007454e+07,119.01675,1.501531e+06,83.96637,1.262808e+07,0.0,1.567127e+06,0.0,40.37554,0.0,24.08876,1.524985e+06,0.0,0.0,0.0143,470473.0,0.78548,0.0,0.0,12.0,0.0,0.0,0.0,0.03204,6284.8,0.0,0.0,-0.0143,-396756.0,-0.78548,0.0,0.0,12.0,0.0,0.0,0.0,0.0,0.0,0,0,0,0,WELL-00001_20170201010207.parquet,WELL-00001,0
0.0,1.007454e+07,119.002174,1.5204844e+06,83.66924,1.262808e+07,0.0,1.5671391e+06,0.0,40.375565,0.0,24.088894,1.5187359e+06,0.0,0.0,0.004247227,205444.23,0.035596915,0.0,0.0,3.516065,0.0,0.0,0.0,0.0,0.0,0.0,1.007454e+07,118.995,1.032958e+06,83.62375,1.262808e+07,0.0,1.567133e+06,0.0,40.37535,0.0,24.061895,1.406696e+06,0.0,1.007454e+07,119.0093,1.747638e+06,83.78148,1.262808e+07,0.0,1.567145e+06,0.0,40.3758,0.0,24.1208,1.620694e+06,0.0,1.007454e+07,119.0022,1.594645e+06,83.66335,1.262808e+07,0.0,1.567139e+06,0.0,40.37554,0.0,24.08876,1.524985e+06,0.0,0.0,0.0143,714680.0,0.15773,0.0,0.0,12.0,0.0,0.0,0.0,0.03204,6284.8,0.0,0.0,-0.0143,396611.0,0.09049,0.0,0.0,12.0,0.0,0.0,0.0,0.0,0.0,0,0,0,0,WELL-00001_20170201010207.parquet,WELL-00001,0
0.0,1.007454e+07,118.9876,1.579261e+06,84.113014,1.262808e+07,0.0,1.5671511e+06,0.0,40.375565,0.0,24.088894,1.5187359e+06,0.0,0.0,0.0042086067,97048.336,0.18003891,0.0,0.0,3.5645382,0.0,0.0,0.0,0.0,0.0,0.0,1.007454e+07,118.9811,1.303495e+06,83.79274,1.262808e+07,0.0,1.567145e+06,0.0,40.37535,0.0,24.061895,1.406696e+06,0.0,1.007454e+07,118.9948,1.72666e+06,84.36074,1.262808e+07,0.0,1.567157e+06,0.0,40.3758,0.0,24.1208,1.620694e+06,0.0,1.007454e+07,118.9876,1.6073015e+06,84.12511,1.262808e+07,0.0,1.567151e+06,0.0,40.37554,0.0,24.08876,1.524985e+06,0.0,0.0,0.0137,423165.0,0.568,0.0,0.0,12.0,0.0,0.0,0.0,0.03204,6284.8,0.0,0.0,-0.0137,-17623.0,0.568,0.0,0.0,12.0,0.0,0.0,0.0,0.0,0.0,0,0,0,0,WELL-00001_20170201010207.parquet,WELL-00001,0
0.0,1.007454e+07,118.9811,1.6597706e+06,84.497215,1.262808e+07,0.0,1.5671632e+06,0.0,40.375565,0.0,24.088894,1.5187359e+06,0.0,0.0,0.0,69007.73,0.08160571,0.0,0.0,3.5044765,0.0,0.0,0.0,0.0,0.0,0.0,1.007454e+07,118.9811,1.523396e+06,84.3651,1.262808e+07,0.0,1.567157e+06,0.0,40.37535,0.0,24.061895,1.406696e+06,0.0,1.007454e+07,118.9811,1.767168e+06,84.65269,1.262808e+07,0.0,1.567169e+06,0.0,40.3758,0.0,24.1208,1.620694e+06,0.0,1.007454e+07,118.9811,1.672516e+06,84.49366,1.262808e+07,0.0,1.567163e+06,0.0,40.37554,0.0,24.08876,1.524985e+06,0.0,0.0,0.0,243772.0,0.28759,0.0,0.0,12.0,0.0,0.0,0.0,0.03204,6284.8,0.0,0.0,0.0,106695.0,0.28759,0.0,0.0,12.0,0.0,0.0,0.0,0.0,0.0,0,0,0,0,WELL-00001_20170201010207.parquet,WELL-00001,0
0.0,1.007454e+07,118.9811,1.6335376e+06,84.84077,1.262808e+07,0.0,1.5671754e+06,0.0,40.375565,0.0,24.088894,1.5187359e+06,0.0,0.0,0.0,272393.38,0.10552153,0.0,0.0,3.5294964,0.0,0.0,0.0,0.0,0.0,0.0,1.007454e+07,118.9811,1.09155e+06,84.65939,1.262808e+07,0.0,1.567169e+06,0.0,40.37535,0.0,24.061895,1.406696e+06,0.0,1.007454e+07,118.9811,2.004431e+06,85.02129,1.262808e+07,0.0,1.567181e+06,0.0,40.3758,0.0,24.1208,1.620694e+06,0.0,1.007454e+07,118.9811,1.691709e+06,84.842926,1.262808e+07,0.0,1.567175e+06,0.0,40.37554,0.0,24.08876,1.524985e+06,0.0,0.0,0.0,912881.0,0.3619,0.0,0.0,12.0,0.0,0.0,0.0,0.03204,6284.8,0.0,0.0,0.0,-466515.0,0.06893,0.0,0.0,12.0,0.0,0.0,0.0,0.0,0.0,0,0,0,0,WELL-00001_20170201010207.parquet,WELL-00001,0
0.0,1.007454e+07,118.9811,1.5761856e+06,84.06828,1.262808e+07,0.0,1.5671875e+06,0.0,40.375565,0.0,24.088894,1.5187359e+06,0.0,0.0,0.0,230874.86,0.20207027,0.0,0.0,3.5387683,0.0,0.0,0.0,0.0,0.0,0.0,1.007454e+07,118.9811,1.228068e+06,83.79085,1.262808e+07,0.0,1.567181e+06,0.0,40.37535,0.0,24.061895,1.406696e+06,0.0,1.007454e+07,118.9811,2.058683e+06,84.66973,1.262808e+07,0.0,1.567193e+06,0.0,40.3758,0.0,24.1208,1.620694e+06,0.0,1.007454e+07,118.9811,1.5001135e+06,84.03851,1.262808e+07,0.0,1.5671875e+06,0.0,40.37554,0.0,24.08876,1.524985e+06,0.0,0.0,0.0,830615.0,0.87888,0.0,0.0,12.0,0.0,0.0,0.0,0.03204,6284.8,0.0,0.0,0.0,548794.0,-0.45155,0.0,0.0,12.0,0.0,0.0,0.0,0.0,0.0,0,0,0,0,WELL-00001_20170201010207.parquet,WELL-00001,0
0.0,1.007454e+07,118.9811,1.4211486e+06,84.23532,1.262808e+07,0.0,1.5671995e+06,0.0,40.375565,0.0,24.088894,1.5187359e+06,0.0,0.0,0.0,145058.7,0.098991744,0.0,0.0,3.5293763,0.0,0.0,0.0,0.0,0.0,0.0,1.007454e+07,118.9811,1.095167e+06,84.03979,1.262808e+07,0.0,1.567194e+06,0.0,40.37535,0.0,24.061895,1.406696e+06,0.0,1.007454e+07,118.9811,1.706406e+06,84.38329,1.262808e+07,0.0,1.567206e+06,0.0,40.3758,0.0,24.1208,1.620694e+06,0.0,1.007454e+07,118.9811,1.4604175e+06,84.25147,1.262808e+07,0.0,1.5671995e+06,0.0,40.37554,0.0,24.08876,1.524985e+06,0.0,0.0,0.0,611239.0,0.3435,0.0,0.0,12.0,0.0,0.0,0.0,0.03204,6284.8,0.0,0.0,0.0,-69311.0,-0.1881,0.0,0.0,12.0,0.0,0.0,0.0,0.0,0.0,0,0,0,0,WELL-00001_20170201010207.parquet,WELL-00001,0
0.0,1.007454e+07,118.9811,1.7429909e+06,84.362236,1.262808e+07,0.0,1.5672116e+06,0.0,40.375565,0.0,24.088894,1.5187359e+06,0.0,0.0,0.0,198203.4,0.35451832,0.0,0.0,3.5502446,0.0,0.0,0.0,0.0,0.0,0.0,1.007454e+07,118.9811,1.206384e+06,83.91997,1.262808e+07,0.0,1.567206e+06,0.0,40.37535,0.0,24.061895,1.406696e+06,0.0,1.007454e+07,118.9811,2.024685e+06,84.98331,1.262808e+07,0.0,1.567218e+06,0.0,40.3758,0.0,24.1208,1.620694e+06,0.0,1.007454e+07,118.9811,1.7587725e+06,84.31239,1.262808e+07,0.0,1.567212e+06,0.0,40.37554,0.0,24.08876,1.524985e+06,0.0,0.0,0.0,818301.0,1.06334,0.0,0.0,12.0,0.0,0.0,0.0,0.03204,6284.8,0.0,0.0,0.0,-452807.0,0.77428,0.0,0.0,12.0,0.0,0.0,0.0,0.0,0.0,0,0,0,0,WELL-00001_20170201010207.parquet,WELL-00001,0
0.0,1.007454e+07,118.9811,1.4025736e+06,84.11141,1.262808e+07,0.0,1.5672238e+06,0.0,40.375565,0.0,24.088894,1.5187359e+06,0.0,0.0,0.0,175121.88,0.19139571,0.0,0.0,3.527575,0.0,0.0,0.0,0.0,0.0,0.0,1.007454e+07,118.9811,1.048149e+06,83.91997,1.262808e+07,0.0,1.567218e+06,0.0,40.37535,0.0,24.061895,1.406696e+06,0.0,1.007454e+07,118.9811,1.672408e+06,84.74701,1.262808e+07,0.0,1.56723e+06,0.0,40.3758,0.0,24.1208,1.620694e+06,0.0,1.007454e+07,118.9811,1.3971355e+06,84.06036,1.262808e+07,0.0,1.567224e+06,0.0,40.37554,0.0,24.08876,1.524985e+06,0.0,0.0,0.0,624259.0,0.82704,0.0,0.0,12.0,0.0,0.0,0.0,0.03204,6284.8,0.0,0.0,0.0,472526.0,-0.59731,0.0,0.0,12.0,0.0,0.0,0.0,0.0,0.0,0,0,0,0,WELL-00001_20170201010207.parquet,WELL-00001,0
0.0,1.0074003e+07,118.9811,1.6769936e+06,84.51568,1.262808e+07,0.0,1.5672359e+06,0.0,40.375565,0.0,24.088894,1.5187359e+06,0.0,621.0485,0.0,120639.164,0.2773833,0.0,0.0,3.5485334,0.0,0.0,0.0,0.0,0.0,0.0,1.00727e+07,118.9811,1.566798e+06,84.15481,1.262808e+07,0.0,1.56723e+06,0.0,40.37535,0.0,24.061895,1.406696e+06,0.0,1.007454e+07,118.9811,2.03856e+06,85.01673,1.262808e+07,0.0,1.567242e+06,0.0,40.3758,0.0,24.1208,1.620694e+06,0.0,1.0074295e+07,118.9811,1.631502e+06,84.49019,1.262808e+07,0.0,1.567236e+06,0.0,40.37554,0.0,24.08876,1.524985e+06,0.0,1840.0,0.0,471762.0,0.86192,0.0,0.0,12.0,0.0,0.0,0.0,0.03204,6284.8,0.0,-1840.0,0.0,396326.0,0.86192,0.0,0.0,12.0,0.0,0.0,0.0,0.0,0.0,0,0,0,0,WELL-00001_20170201010207.parquet,WELL-00001,0
0.0,1.0071058e+07,118.9811,1.4521895e+06,84.6353,1.262808e+07,0.0,1.5672479e+06,0.0,40.375565,0.0,24.088894,1.5187359e+06,0.0,941.69586,0.0,361294.16,0.5550938,0.0,0.0,3.516065,0.0,0.0,0.0,0.0,0.0,0.0,1.006947e+07,118.9811,996066.8,83.47076,1.262808e+07,0.0,1.567242e+06,0.0,40.37535,0.0,24.061895,1.406696e+06,0.0,1.007265e+07,118.9811,2.210588e+06,85.30231,1.262808e+07,0.0,1.567254e+06,0.0,40.3758,0.0,24.1208,1.620694e+06,0.0,1.0071055e+07,118.9811,1.3687615e+06,84.77444,1.262808e+07,0.0,1.567248e+06,0.0,40.37554,0.0,24.08876,1.524985e+06,0.0,3180.0,0.0,1.2145212e+06,1.83155,0.0,0.0,12.0,0.0,0.0,0.0,0.03204,6284.8,0.0,-3180.0,0.0,-605837.0,-1.56382,0.0,0.0,12.0,0.0,0.0,0.0,0.0,0.0,0,0,0,0,WELL-00001_20170201010207.parquet,WELL-00001,0
0.0,1.0067822e+07,118.9811,1.5744326e+06,83.496956,1.262808e+07,0.0,1.56726e+06,0.0,40.375565,0.0,24.088894,1.5187359e+06,0.0,941.5163,0.0,71410.19,0.20891705,0.0,0.0,3.5936227,0.0,0.0,0.0,0.0,0.0,0.0,1.006623e+07,118.9811,1.459017e+06,83.16045,1.262808e+07,0.0,1.567254e+06,0.0,40.37535,0.0,24.061895,1.406696e+06,0.0,1.006941e+07,118.9811,1.668068e+06,83.86643,1.262808e+07,0.0,1.567266e+06,0.0,40.3758,0.0,24.1208,1.620694e+06,0.0,1.0067825e+07,118.9811,1.577155e+06,83.48076,1.262808e+07,0.0,1.56726e+06,0.0,40.37554,0.0,24.08876,1.524985e+06,0.0,3180.0,0.0,209051.0,0.70598,0.0,0.0,12.0,0.0,0.0,0.0,0.03204,6284.8,0.0,-3180.0,0.0,57490.0,0.44739,0.0,0.0,12.0,0.0,0.0,0.0,0.0,0.0,0,0,0,0,WELL-00001_20170201010207.parquet,WELL-00001,0
0.0,1.0064588e+07,118.9811,1.7637246e+06,84.546074,1.262808e+07,0.0,1.5672721e+06,0.0,40.375565,0.0,24.088894,1.5187359e+06,0.0,941.47266,0.0,117750.38,0.38623565,0.0,0.0,3.516065,0.0,0.0,0.0,0.0,0.0,0.0,1.0063e+07,118.9811,1.536003e+06,83.8795,1.262808e+07,0.0,1.567266e+06,0.0,40.37535,0.0,24.061895,1.406696e+06,0.0,1.006618e+07,118.9811,1.974773e+06,85.05927,1.262808e+07,0.0,1.567278e+06,0.0,40.3758,0.0,24.1208,1.620694e+06,0.0,1.0064585e+07,118.9811,1.771969e+06,84.62156,1.262808e+07,0.0,1.567272e+06,0.0,40.37554,0.0,24.08876,1.524985e+06,0.0,3180.0,0.0,438770.0,1.17977,0.0,0.0,12.0,0.0,0.0,0.0,0.03204,6284.8,0.0,-3180.0,0.0,253285.0,0.92875,0.0,0.0,12.0,0.0,0.0,0.0,0.0,0.0,0,0,0,0,WELL-00001_20170201010207.parquet,WELL-00001,0
0.0,1.0061352e+07,118.9811,1.5144908e+06,84.29451,1.262808e+07,0.0,1.5672841e+06,0.0,40.375565,0.0,24.088894,1.5187359e+06,0.0,941.47266,0.0,234227.3,0.26973066,0.0,0.0,3.5614064,0.0,0.0,0.0,0.0,0.0,0.0,1.005976e+07,118.9811,1.18414e+06,83.96555,1.262808e+07,0.0,1.567278e+06,0.0,40.37535,0.0,24.061895,1.406696e+06,0.0,1.006294e+07,118.9811,1.946562e+06,84.79032,1.262808e+07,0.0,1.56729e+06,0.0,40.3758,0.0,24.1208,1.620694e+06,0.0,1.0061355e+07,118.9811,1.4590775e+06,84.2614,1.262808e+07,0.0,1.567284e+06,0.0,40.37554,0.0,24.08876,1.524985e+06,0.0,3180.0,0.0,762422.0,0.82477,0.0,0.0,12.0,0.0,0.0,0.0,0.03204,6284.8,0.0,-3180.0,0.0,-269160.0,-0.77395,0.0,0.0,12.0,0.0,0.0,0.0,0.0,0.0,0,0,0,0,WELL-00001_20170201010207.parquet,WELL-00001,0
0.0,1.0058117e+07,118.9811,1.5965934e+06,84.13276,1.2628621e+07,0.0,1.5672962e+06,0.0,40.375565,0.0,24.088894,1.5187359e+06,0.0,941.65216,0.0,151555.31,0.0643171,797.2574,0.0,3.5044765,0.0,0.0,0.0,0.0,0.0,0.0,1.005653e+07,118.9811,1.352683e+06,84.02028,1.262808e+07,0.0,1.56729e+06,0.0,40.37535,0.0,24.061895,1.406696e+06,0.0,1.005971e+07,118.9811,1.89231e+06,84.23138,1.263057e+07,0.0,1.567302e+06,0.0,40.3758,0.0,24.1208,1.620694e+06,0.0,1.0058115e+07,118.9811,1.564664e+06,84.135605,1.262808e+07,0.0,1.567296e+06,0.0,40.37554,0.0,24.08876,1.524985e+06,0.0,3180.0,0.0,539627.0,0.2111,2490.0,0.0,12.0,0.0,0.0,0.0,0.03204,6284.8,0.0,-3180.0,0.0,57288.0,0.17375,2490.0,0.0,12.0,0.0,0.0,0.0,0.0,0.0,0,0,0,0,WELL-00001_20170201010207.parquet,WELL-00001,0
0.0,1.0054882e+07,118.9811,1.5057226e+06,83.96982,1.2633616e+07,0.0,1.5673084e+06,0.0,40.375565,0.0,24.088894,1.5187359e+06,0.0,941.9239,0.0,113274.945,0.12519018,1742.3702,0.0,3.5515175,0.0,0.0,0.0,0.0,0.0,0.0,1.005329e+07,118.9811,1.27673e+06,83.77567,1.263067e+07,0.0,1.567302e+06,0.0,40.37535,0.0,24.061895,1.406696e+06,0.0,1.005647e+07,118.9811,1.663005e+06,84.18656,1.263656e+07,0.0,1.567314e+06,0.0,40.3758,0.0,24.1208,1.620694e+06,0.0,1.0054885e+07,118.9811,1.544227e+06,83.96617,1.263362e+07,0.0,1.5673085e+06,0.0,40.37554,0.0,24.08876,1.524985e+06,0.0,3180.0,0.0,386275.0,0.41089,5890.0,0.0,12.0,0.0,0.0,0.0,0.03204,6284.8,0.0,-3180.0,0.0,83697.0,-0.35317,5890.0,0.0,12.0,0.0,0.0,0.0,0.0,0.0,0,0,0,0,WELL-00001_20170201010207.parquet,WELL-00001,0
0.0,1.0051647e+07,118.9811,1.6047302e+06,84.26993,1.2639602e+07,0.0,1.5673205e+06,0.0,40.375565,0.0,24.088894,1.5187359e+06,0.0,941.55994,0.0,153530.44,0.24642189,1741.677,0.0,3.4811842,0.0,0.0,0.0,0.0,0.0,0.0,1.005006e+07,118.9811,1.276007e+06,83.84782,1.263666e+07,0.0,1.567315e+06,0.0,40.37535,0.0,24.061895,1.406696e+06,0.0,1.005324e+07,118.9811,1.798273e+06,84.64153,1.264254e+07,0.0,1.567326e+06,0.0,40.3758,0.0,24.1208,1.620694e+06,0.0,1.0051645e+07,118.9811,1.670571e+06,84.27354,1.26396e+07,0.0,1.5673205e+06,0.0,40.37554,0.0,24.08876,1.524985e+06,0.0,3180.0,0.0,522266.0,0.79371,5880.0,0.0,11.0,0.0,0.0,0.0,0.03204,6284.8,0.0,-3180.0,0.0,-152112.0,0.76482,5880.0,0.0,11.0,0.0,0.0,0.0,0.0,0.0,0,0,0,0,WELL-00001_20170201010207.parquet,WELL-00001,0
0.0,1.0048412e+07,118.9811,1.6136602e+06,84.3936,1.2645561e+07,0.0,1.5673326e+06,0.0,40.375565,0.0,24.088894,1.5187359e+06,0.0,941.43384,0.0,55431.598,0.124193,1703.2196,0.0,3.5476975,0.0,0.0,0.0,0.0,0.0,0.0,1.004682e+07,118.9811,1.503504e+06,84.201,1.264264e+07,0.0,1.567327e+06,0.0,40.37535,0.0,24.061895,1.406696e+06,0.0,1.005e+07,118.9811,1.719626e+06,84.60542,1.264803e+07,0.0,1.567339e+06,0.0,40.3758,0.0,24.1208,1.620694e+06,0.0,1.004841e+07,118.9811,1.616348e+06,84.39237,1.264559e+07,0.0,1.5673325e+06,0.0,40.37554,0.0,24.08876,1.524985e+06,0.0,3180.0,0.0,216122.0,0.40442,5390.0,0.0,12.0,0.0,0.0,0.0,0.03204,6284.8,0.0,-3180.0,0.0,216122.0,-0.38949,5390.0,0.0,12.0,0.0,0.0,0.0,0.0,0.0,0,0,0,0,WELL-00001_20170201010207.parquet,WELL-00001,0
0.0,1.0045177e+07,118.9811,1.6179106e+06,84.366776,1.264803e+07,0.0,1.5673448e+06,0.0,40.375565,0.0,24.088894,1.5187359e+06,0.0,941.5211,0.0,158496.81,0.08544146,0.0,0.0,3.5044765,0.0,0.0,0.0,0.0,0.0,0.0,1.004359e+07,118.9811,1.34762e+06,84.22091,1.264803e+07,0.0,1.567339e+06,0.0,40.37535,0.0,24.061895,1.406696e+06,0.0,1.004677e+07,118.9811,1.887246e+06,84.49596,1.264803e+07,0.0,1.567351e+06,0.0,40.3758,0.0,24.1208,1.620694e+06,0.0,1.0045175e+07,118.9811,1.574256e+06,84.36771,1.264803e+07,0.0,1.567345e+06,0.0,40.37554,0.0,24.08876,1.524985e+06,0.0,3180.0,0.0,539626.0,0.27505,0.0,0.0,12.0,0.0,0.0,0.0,0.03204,6284.8,0.0,-3180.0,0.0,-147191.0,0.27505,0.0,0.0,12.0,0.0,0.0,0.0,0.0,0.0,0,0,0,0,WELL-00001_20170201010207.parquet,WELL-00001,0
0.0,1.0041942e+07,118.9811,1.6437128e+06,84.53586,1.264803e+07,0.0,1.5673568e+06,0.0,40.375565,0.0,24.088894,1.5187359e+06,0.0,941.43866,0.0,64564.984,0.02462954,0.0,0.0,3.527575,0.0,0.0,0.0,0.0,0.0,0.0,1.004035e+07,118.9811,1.54148e+06,84.49722,1.264803e+07,0.0,1.567351e+06,0.0,40.37535,0.0,24.061895,1.406696e+06,0.0,1.004353e+07,118.9811,1.775849e+06,84.59794,1.264803e+07,0.0,1.567363e+06,0.0,40.3758,0.0,24.1208,1.620694e+06,0.0,1.0041945e+07,118.9811,1.626637e+06,84.53455,1.264803e+07,0.0,1.567357e+06,0.0,40.37554,0.0,24.08876,1.524985e+06,0.0,3180.0,0.0,234369.0,0.10072,0.0,0.0,12.0,0.0,0.0,0.0,0.03204,6284.8,0.0,-3180.0,0.0,123395.0,0.10072,0.0,0.0,12.0,0.0,0.0,0.0,0.0,0.0,0,0,0,0,WELL-00001_20170201010207.parquet,WELL-00001,0
0.0,1.0038707e+07,118.9811,1.6605396e+06,84.79086,1.264803e+07,0.0,1.5673689e+06,0.0,40.375565,0.0,24.088894,1.5187359e+06,0.0,941.5794,0.0,109427.09,0.10693102,0.0,0.0,3.516065,0.0,0.0,0.0,0.0,0.0,0.0,1.003712e+07,118.9811,1.36281e+06,84.60442,1.264803e+07,0.0,1.567363e+06,0.0,40.37535,0.0,24.061895,1.406696e+06,0.0,1.00403e+07,118.9811,1.838781e+06,84.96053,1.264803e+07,0.0,1.567375e+06,0.0,40.3758,0.0,24.1208,1.620694e+06,0.0,1.0038705e+07,118.9811,1.6654205e+06,84.79542,1.264803e+07,0.0,1.567369e+06,0.0,40.37554,0.0,24.08876,1.524985e+06,0.0,3180.0,0.0,475971.0,0.35611,0.0,0.0,12.0,0.0,0.0,0.0,0.03204,6284.8,0.0,-3180.0,0.0,138461.0,0.27256,0.0,0.0,12.0,0.0,0.0,0.0,0.0,0.0,0,0,0,0,WELL-00001_20170201010207.parquet,WELL-00001,0
0.0,1.0035567e+07,118.9811,1.5169391e+06,84.24307,1.264803e+07,0.0,1.5673809e+06,0.0,40.375565,0.0,24.088894,1.5187359e+06,0.0,815.7436,0.0,296386.78,0.35974973,0.0,0.0,3.5429168,0.0,0.0,0.0,0.0,0.0,0.0,1.003464e+07,118.9811,1.165333e+06,83.69934,1.264803e+07,0.0,1.567375e+06,0.0,40.37535,0.0,24.061895,1.406696e+06,0.0,1.003706e+07,118.9811,1.835538e+06,84.85609,1.264803e+07,0.0,1.567387e+06,0.0,40.3758,0.0,24.1208,1.620694e+06,0.0,1.003547e+07,118.9811,1.5319315e+06,84.23992,1.264803e+07,0.0,1.567381e+06,0.0,40.37554,0.0,24.08876,1.524985e+06,0.0,2420.0,0.0,670205.0,1.15675,0.0,0.0,12.0,0.0,0.0,0.0,0.03204,6284.8,0.0,-2420.0,0.0,-630725.0,-1.15675,0.0,0.0,12.0,0.0,0.0,0.0,0.0,0.0,0,0,0,0,WELL-00001_20170201010207.parquet,WELL-00001,0
0.0,1.003464e+07,118.9811,1.5121818e+06,83.64027,1.264803e+07,0.0,1.567393e+06,0.0,40.375565,0.0,24.088894,1.5187359e+06,0.0,0.0,0.0,181407.25,0.03282941,0.0,0.0,3.56739,0.0,0.0,0.0,0.0,0.0,0.0,1.003464e+07,118.9811,1.210524e+06,83.58578,1.264803e+07,0.0,1.567387e+06,0.0,40.37535,0.0,24.061895,1.406696e+06,0.0,1.003464e+07,118.9811,1.752701e+06,83.69734,1.264803e+07,0.0,1.567399e+06,0.0,40.3758,0.0,24.1208,1.620694e+06,0.0,1.003464e+07,118.9811,1.584882e+06,83.63857,1.264803e+07,0.0,1.567393e+06,0.0,40.37554,0.0,24.08876,1.524985e+06,0.0,0.0,0.0,542177.0,0.11156,0.0,0.0,12.0,0.0,0.0,0.0,0.03204,6284.8,0.0,0.0,0.0,429424.0,-0.06677,0.0,0.0,12.0,0.0,0.0,0.0,0.0,0.0,0,0,0,0,WELL-00001_20170201010207.parquet,WELL-00001,0
0.0,1.003464e+07,118.9811,1.6814472e+06,84.07868,1.264803e+07,0.0,1.5674051e+06,0.0,40.375565,0.0,24.088894,1.5187359e+06,0.0,0.0,0.0,152235.62,0.25005478,0.0,0.0,3.5371714,0.0,0.0,0.0,0.0,0.0,0.0,1.003464e+07,118.9811,1.493738e+06,83.6455,1.264803e+07,0.0,1.567399e+06,0.0,40.37535,0.0,24.061895,1.406696e+06,0.0,1.003464e+07,118.9811,2.014558e+06,84.45164,1.264803e+07,0.0,1.567411e+06,0.0,40.3758,0.0,24.1208,1.620694e+06,0.0,1.003464e+07,118.9811,1.6444485e+06,84.08589,1.264803e+07,0.0,1.567405e+06,0.0,40.37554,0.0,24.08876,1.524985e+06,0.0,0.0,0.0,520820.0,0.80614,0.0,0.0,12.0,0.0,0.0,0.0,0.03204,6284.8,0.0,0.0,0.0,154076.0,0.73652,0.0,0.0,12.0,0.0,0.0,0.0,0.0,0.0,0,0,0,0,WELL-00001_20170201010207.parquet,WELL-00001,0
0.0,1.003464e+07,118.9811,1.4801004e+06,83.96385,1.264803e+07,0.0,1.5674172e+06,0.0,40.375565,0.0,24.088894,1.5187359e+06,0.0,0.0,0.0,132657.39,0.23349686,0.0,0.0,3.540883,0.0,0.0,0.0,0.0,0.0,0.0,1.003464e+07,118.9811,1.280347e+06,83.61617,1.264803e+07,0.0,1.567411e+06,0.0,40.37535,0.0,24.061895,1.406696e+06,0.0,1.003464e+07,118.9811,1.765866e+06,84.3681,1.264803e+07,0.0,1.567423e+06,0.0,40.3758,0.0,24.1208,1.620694e+06,0.0,1.003464e+07,118.9811,1.4601955e+06,83.95732,1.264803e+07,0.0,1.567417e+06,0.0,40.37554,0.0,24.08876,1.524985e+06,0.0,0.0,0.0,485519.0,0.75193,0.0,0.0,12.0,0.0,0.0,0.0,0.03204,6284.8,0.0,0.0,0.0,-68798.0,-0.69092,0.0,0.0,12.0,0.0,0.0,0.0,0.0,0.0,0,0,0,0,WELL-00001_20170201010207.parquet,WELL-00001,0
0.0,1.003464e+07,118.9811,1.6369122e+06,84.04788,1.264803e+07,0.0,1.5674294e+06,0.0,40.375565,0.0,24.088894,1.5187359e+06,0.0,0.0,0.0,94163.734,0.2107492,0.0,0.0,3.5294964,0.0,0.0,0.0,0.0,0.0,0.0,1.003464e+07,118.9811,1.368597e+06,83.68938,1.264803e+07,0.0,1.567423e+06,0.0,40.37535,0.0,24.061895,1.406696e+06,0.0,1.003464e+07,118.9811,1.757042e+06,84.3742,1.264803e+07,0.0,1.567435e+06,0.0,40.3758,0.0,24.1208,1.620694e+06,0.0,1.003464e+07,118.9811,1.6625395e+06,84.04935,1.264803e+07,0.0,1.567429e+06,0.0,40.37554,0.0,24.08876,1.524985e+06,0.0,0.0,0.0,388445.0,0.68482,0.0,0.0,12.0,0.0,0.0,0.0,0.03204,6284.8,0.0,0.0,0.0,-50425.0,0.68482,0.0,0.0,12.0,0.0,0.0,0.0,0.0,0.0,0,0,0,0,WELL-00001_20170201010207.parquet,WELL-00001,0
0.0,1.003464e+07,118.9811,1.7692449e+06,84.4786,1.264803e+07,0.0,1.5674415e+06,0.0,40.375565,0.0,24.088894,1.5187359e+06,0.0,0.0,0.0,167389.19,0.05978222,0.0,0.0,3.5387683,0.0,0.0,0.0,0.0,0.0,0.0,1.003464e+07,118.9811,1.545097e+06,84.37762,1.264803e+07,0.0,1.567435e+06,0.0,40.37535,0.0,24.061895,1.406696e+06,0.0,1.003464e+07,118.9811,2.06664e+06,84.57958,1.264803e+07,0.0,1.567447e+06,0.0,40.3758,0.0,24.1208,1.620694e+06,0.0,1.003464e+07,118.9811,1.7549575e+06,84.47861,1.264803e+07,0.0,1.5674415e+06,0.0,40.37554,0.0,24.08876,1.524985e+06,0.0,0.0,0.0,521543.0,0.20196,0.0,0.0,12.0,0.0,0.0,0.0,0.03204,6284.8,0.0,0.0,0.0,296281.0,0.20196,0.0,0.0,12.0,0.0,0.0,0.0,0.0,0.0,0,0,0,0,WELL-00001_20170201010207.parquet,WELL-00001,0
0.0,1.003464e+07,118.9811,1.3837829e+06,83.9334,1.264803e+07,0.0,1.5674535e+06,0.0,40.375565,0.0,24.088894,1.5187359e+06,0.0,0.0,0.0,200154.72,0.38737467,0.0,0.0,3.4811842,0.0,0.0,0.0,0.0,0.0,0.0,1.003464e+07,118.9811,1.114698e+06,83.52502,1.264803e+07,0.0,1.567448e+06,0.0,40.37535,0.0,24.061895,1.406696e+06,0.0,1.003464e+07,118.9811,1.901253e+06,84.60355,1.264803e+07,0.0,1.567459e+06,0.0,40.3758,0.0,24.1208,1.620694e+06,0.0,1.003464e+07,118.9811,1.343716e+06,83.729576,1.264803e+07,0.0,1.5674535e+06,0.0,40.37554,0.0,24.08876,1.524985e+06,0.0,0.0,0.0,786555.0,1.07853,0.0,0.0,11.0,0.0,0.0,0.0,0.03204,6284.8,0.0,0.0,0.0,-383943.0,-0.90395,0.0,0.0,11.0,0.0,0.0,0.0,0.0,0.0,0,0,0,0,WELL-00001_20170201010207.parquet,WELL-00001,0
0.0,1.003464e+07,118.9811,1.7622879e+06,83.95405,1.264803e+07,0.0,1.5674656e+06,0.0,40.375565,0.0,24.088894,1.5187359e+06,0.0,0.0,0.0,159856.2,0.26538444,0.0,0.0,3.566321,0.0,0.0,0.0,0.0,0.0,0.0,1.003464e+07,118.9811,1.52851e+06,83.68549,1.264803e+07,0.0,1.56746e+06,0.0,40.37535,0.0,24.061895,1.406696e+06,0.0,1.003464e+07,118.9811,2.031918e+06,84.74322,1.264803e+07,0.0,1.567472e+06,0.0,40.3758,0.0,24.1208,1.620694e+06,0.0,1.003464e+07,118.9811,1.720801e+06,83.874825,1.264803e+07,0.0,1.5674655e+06,0.0,40.37554,0.0,24.08876,1.524985e+06,0.0,0.0,0.0,503408.0,1.05773,0.0,0.0,12.0,0.0,0.0,0.0,0.03204,6284.8,0.0,0.0,0.0,167046.0,1.05773,0.0,0.0,12.0,0.0,0.0,0.0,0.0,0.0,0,0,0,0,WELL-00001_20170201010207.parquet,WELL-00001,0
0.0,1.003464e+07,118.9811,1.4244674e+06,84.324265,1.264803e+07,0.0,1.5674778e+06,0.0,40.375565,0.0,24.088894,1.5187359e+06,0.0,0.0,0.0,100304.7,0.38211036,0.0,0.0,3.5044765,0.0,0.0,0.0,0.0,0.0,0.0,1.003464e+07,118.9811,1.194991e+06,83.9611,1.264803e+07,0.0,1.567472e+06,0.0,40.37535,0.0,24.061895,1.406696e+06,0.0,1.003464e+07,118.9811,1.635806e+06,85.03648,1.264803e+07,0.0,1.567484e+06,0.0,40.3758,0.0,24.1208,1.620694e+06,0.0,1.003464e+07,118.9811,1.4418175e+06,84.18913,1.264803e+07,0.0,1.567478e+06,0.0,40.37554,0.0,24.08876,1.524985e+06,0.0,0.0,0.0,440815.0,1.07538,0.0,0.0,12.0,0.0,0.0,0.0,0.03204,6284.8,0.0,0.0,0.0,-28566.0,-0.84077,0.0,0.0,12.0,0.0,0.0,0.0,0.0,0.0,0,0,0,0,WELL-00001_20170201010207.parquet,WELL-00001,0
0.0,1.003464e+07,118.9811,1.5466861e+06,83.92396,1.264803e+07,0.0,1.5674898e+06,0.0,40.375565,0.0,24.088894,1.5187359e+06,0.0,0.0,0.0,168725.81,0.03927206,0.0,0.0,3.546742,0.0,0.0,0.0,0.0,0.0,0.0,1.003464e+07,118.9811,1.194267e+06,83.832,1.264803e+07,0.0,1.567484e+06,0.0,40.37535,0.0,24.061895,1.406696e+06,0.0,1.003464e+07,118.9811,1.733894e+06,83.96057,1.264803e+07,0.0,1.567496e+06,0.0,40.3758,0.0,24.1208,1.620694e+06,0.0,1.003464e+07,118.9811,1.509833e+06,83.94512,1.264803e+07,0.0,1.56749e+06,0.0,40.37554,0.0,24.08876,1.524985e+06,0.0,0.0,0.0,539627.0,0.12857,0.0,0.0,12.0,0.0,0.0,0.0,0.03204,6284.8,0.0,0.0,0.0,-194925.0,-0.12857,0.0,0.0,12.0,0.0,0.0,0.0,0.0,0.0,0,0,0,0,WELL-00001_20170201010207.parquet,WELL-00001,0
0.0,1.00345e+07,118.9811,1.5789589e+06,83.73098,1.264803e+07,0.0,1.5675019e+06,0.0,40.375565,0.0,24.088894,1.5187359e+06,0.0,300.28235,0.0,196405.27,0.04368829,0.0,0.0,3.516065,0.0,0.0,0.0,0.0,0.0,0.0,1.003352e+07,118.9811,1.273837e+06,83.67693,1.264803e+07,0.0,1.567496e+06,0.0,40.37535,0.0,24.061895,1.406696e+06,0.0,1.003464e+07,118.9811,1.948009e+06,83.82757,1.264803e+07,0.0,1.567508e+06,0.0,40.3758,0.0,24.1208,1.620694e+06,0.0,1.003464e+07,118.9811,1.559151e+06,83.71648,1.264803e+07,0.0,1.567502e+06,0.0,40.37554,0.0,24.08876,1.524985e+06,0.0,1120.0,0.0,674172.0,0.15064,0.0,0.0,12.0,0.0,0.0,0.0,0.03204,6284.8,0.0,-1120.0,0.0,-98098.0,-0.10395,0.0,0.0,12.0,0.0,0.0,0.0,0.0,0.0,0,0,0,0,WELL-00001_20170201010207.parquet,WELL-00001,0
0.0,1.0031085e+07,118.9811,1.5712144e+06,83.90659,1.264803e+07,0.0,1.567514e+06,0.0,40.375565,0.0,24.088894,1.5187359e+06,0.0,1392.7798,0.0,89738.75,0.21936096,0.0,0.0,3.5724542,0.0,0.0,0.0,0.0,0.0,0.0,1.002873e+07,118.9811,1.363271e+06,83.72548,1.264803e+07,0.0,1.567508e+06,0.0,40.37535,0.0,24.061895,1.406696e+06,0.0,1.003344e+07,118.9811,1.702066e+06,84.44054,1.264803e+07,0.0,1.56752e+06,0.0,40.3758,0.0,24.1208,1.620694e+06,0.0,1.003108e+07,118.9811,1.566723e+06,83.78058,1.264803e+07,0.0,1.567514e+06,0.0,40.37554,0.0,24.08876,1.524985e+06,0.0,4710.0,0.0,338795.0,0.71506,0.0,0.0,12.0,0.0,0.0,0.0,0.03204,6284.8,0.0,-4710.0,0.0,311532.0,0.71506,0.0,0.0,12.0,0.0,0.0,0.0,0.0,0.0,0,0,0,0,WELL-00001_20170201010207.parquet,WELL-00001,0
0.0,1.0026297e+07,118.98362,1.7861251e+06,84.618805,1.264803e+07,0.0,1.5675261e+06,0.0,40.375565,0.0,24.088894,1.5187359e+06,0.0,1393.2606,0.002909487,205962.12,0.13434274,0.0,0.0,3.516065,0.0,0.0,0.0,0.0,0.0,0.0,1.002394e+07,118.9811,1.289751e+06,84.37594,1.264803e+07,0.0,1.56752e+06,0.0,40.37535,0.0,24.061895,1.406696e+06,0.0,1.002865e+07,118.9897,2.120168e+06,84.8466,1.264803e+07,0.0,1.567532e+06,0.0,40.3758,0.0,24.1208,1.620694e+06,0.0,1.00263e+07,118.98225,1.8073275e+06,84.62173,1.264803e+07,0.0,1.567526e+06,0.0,40.37554,0.0,24.08876,1.524985e+06,0.0,4710.0,0.0086,830417.0,0.47066,0.0,0.0,12.0,0.0,0.0,0.0,0.03204,6284.8,0.0,-4710.0,0.0086,-393084.0,-0.09167,0.0,0.0,12.0,0.0,0.0,0.0,0.0,0.0,0,0,0,0,WELL-00001_20170201010207.parquet,WELL-00001,0
0.0,1.0021509e+07,118.9974,1.4442052e+06,83.8736,1.264803e+07,0.0,1.5675381e+06,0.0,40.375565,0.0,24.088894,1.5187359e+06,0.0,1394.3531,0.0044014826,120508.125,0.34611198,0.0,0.0,3.585123,0.0,0.0,0.0,0.0,0.0,0.0,1.001916e+07,118.99,1.17546e+06,83.25949,1.264803e+07,0.0,1.567532e+06,0.0,40.37535,0.0,24.061895,1.406696e+06,0.0,1.002386e+07,119.0048,1.661558e+06,84.36548,1.264803e+07,0.0,1.567544e+06,0.0,40.3758,0.0,24.1208,1.620694e+06,0.0,1.002151e+07,118.9974,1.4575705e+06,83.89581,1.264803e+07,0.0,1.567538e+06,0.0,40.37554,0.0,24.08876,1.524985e+06,0.0,4700.0,0.0148,486098.0,1.10599,0.0,0.0,12.0,0.0,0.0,0.0,0.03204,6284.8,0.0,-4700.0,0.0148,220072.0,-1.10599,0.0,0.0,12.0,0.0,0.0,0.0,0.0,0.0,0,0,0,0,WELL-00001_20170201010207.parquet,WELL-00001,0
0.0,1.0016736e+07,119.01251,1.687594e+06,83.65734,1.264803e+07,0.0,1.5675502e+06,0.0,40.375565,0.0,24.088894,1.5187359e+06,0.0,1373.0215,0.0044020205,196270.03,0.34565166,0.0,0.0,3.5044765,0.0,0.0,0.0,0.0,0.0,0.0,1.001469e+07,119.0051,1.429359e+06,83.13007,1.264803e+07,0.0,1.567544e+06,0.0,40.37535,0.0,24.061895,1.406696e+06,0.0,1.001908e+07,119.02,2.149826e+06,84.201,1.264803e+07,0.0,1.567556e+06,0.0,40.3758,0.0,24.1208,1.620694e+06,0.0,1.001672e+07,119.0125,1.6556575e+06,83.65482,1.264803e+07,0.0,1.56755e+06,0.0,40.37554,0.0,24.08876,1.524985e+06,0.0,4390.0,0.0149,720467.0,1.07093,0.0,0.0,12.0,0.0,0.0,0.0,0.03204,6284.8,0.0,-4390.0,0.0149,454297.0,0.85128,0.0,0.0,12.0,0.0,0.0,0.0,0.0,0.0,0,0,0,0,WELL-00001_20170201010207.parquet,WELL-00001,0
0.0,1.001469e+07,119.02764,1.3171782e+06,83.31641,1.264803e+07,0.0,1.5675624e+06,0.0,40.375565,0.0,24.088894,1.5187359e+06,0.0,0.0,0.004402938,189499.58,0.391754,0.0,0.0,3.5294964,0.0,0.0,0.0,0.0,0.0,0.0,1.001469e+07,119.0202,1.013427e+06,82.80347,1.264803e+07,0.0,1.567556e+06,0.0,40.37535,0.0,24.061895,1.406696e+06,0.0,1.001469e+07,119.0351,1.877119e+06,84.06125,1.264803e+07,0.0,1.567568e+06,0.0,40.3758,0.0,24.1208,1.620694e+06,0.0,1.001469e+07,119.02765,1.297622e+06,83.2367,1.264803e+07,0.0,1.567562e+06,0.0,40.37554,0.0,24.08876,1.524985e+06,0.0,0.0,0.0149,863692.0,1.25778,0.0,0.0,12.0,0.0,0.0,0.0,0.03204,6284.8,0.0,0.0,0.0149,-439079.0,-1.01145,0.0,0.0,12.0,0.0,0.0,0.0,0.0,0.0,0,0,0,0,WELL-00001_20170201010207.parquet,WELL-00001,0
0.0,1.001469e+07,119.042755,1.661223e+06,83.58138,1.264803e+07,0.0,1.5675745e+06,0.0,40.375565,0.0,24.088894,1.5187359e+06,0.0,0.0,0.0044037127,74483.67,0.29993498,0.0,0.0,3.5387683,0.0,0.0,0.0,0.0,0.0,0.0,1.001469e+07,119.0353,1.459379e+06,83.0674,1.264803e+07,0.0,1.567568e+06,0.0,40.37535,0.0,24.061895,1.406696e+06,0.0,1.001469e+07,119.0502,1.79538e+06,84.06479,1.264803e+07,0.0,1.56758e+06,0.0,40.3758,0.0,24.1208,1.620694e+06,0.0,1.001469e+07,119.04275,1.6583295e+06,83.58647,1.264803e+07,0.0,1.5675745e+06,0.0,40.37554,0.0,24.08876,1.524985e+06,0.0,0.0,0.0149,336001.0,0.99739,0.0,0.0,12.0,0.0,0.0,0.0,0.03204,6284.8,0.0,0.0,0.0149,204844.0,0.99739,0.0,0.0,12.0,0.0,0.0,0.0,0.0,0.0,0,0,0,0,WELL-00001_20170201010207.parquet,WELL-00001,0
0.0,1.001469e+07,119.05011,1.7330535e+06,84.47258,1.264803e+07,0.0,1.5675865e+06,0.0,40.375565,0.0,24.088894,1.5187359e+06,0.0,0.0,0.008475766,72206.516,0.20744085,0.0,0.0,3.5293763,0.0,0.0,0.0,0.0,0.0,0.0,1.001469e+07,119.028,1.63624e+06,84.07947,1.264803e+07,0.0,1.567581e+06,0.0,40.37535,0.0,24.061895,1.406696e+06,0.0,1.001469e+07,119.0593,1.90316e+06,84.74026,1.264803e+07,0.0,1.567593e+06,0.0,40.3758,0.0,24.1208,1.620694e+06,0.0,1.001469e+07,119.0529,1.7131395e+06,84.51266,1.264803e+07,0.0,1.5675865e+06,0.0,40.37554,0.0,24.08876,1.524985e+06,0.0,0.0,0.0313,266920.0,0.66079,0.0,0.0,12.0,0.0,0.0,0.0,0.03204,6284.8,0.0,0.0,-0.0224,195050.0,0.54574,0.0,0.0,12.0,0.0,0.0,0.0,0.0,0.0,0,0,0,0,WELL-00001_20170201010207.parquet,WELL-00001,0
0.0,1.001469e+07,118.994804,1.5188811e+06,84.38225,1.264803e+07,0.0,1.5675986e+06,0.0,40.375565,0.0,24.088894,1.5187359e+06,0.0,0.0,0.015456341,164153.08,0.13274243,0.0,0.0,3.5447104,0.0,0.0,0.0,0.0,0.0,0.0,1.001469e+07,118.9811,1.26805e+06,84.19797,1.264803e+07,0.0,1.567593e+06,0.0,40.37535,0.0,24.061895,1.406696e+06,0.0,1.001469e+07,119.0267,1.851802e+06,84.617,1.264803e+07,0.0,1.567605e+06,0.0,40.3758,0.0,24.1208,1.620694e+06,0.0,1.001469e+07,118.9883,1.505222e+06,84.374565,1.264803e+07,0.0,1.567599e+06,0.0,40.37554,0.0,24.08876,1.524985e+06,0.0,0.0,0.0456,583752.0,0.41903,0.0,0.0,12.0,0.0,0.0,0.0,0.03204,6284.8,0.0,0.0,-0.0456,-279941.0,-0.41903,0.0,0.0,12.0,0.0,0.0,0.0,0.0,0.0,0,0,0,0,WELL-00001_20170201010207.parquet,WELL-00001,0
0.0,1.001469e+07,118.9811,1.5383182e+06,84.101776,1.264803e+07,0.0,1.5676108e+06,0.0,40.375565,0.0,24.088894,1.5187359e+06,0.0,0.0,0.0,150691.28,0.05508053,0.0,0.0,3.527575,0.0,0.0,0.0,0.0,0.0,0.0,1.001469e+07,118.9811,1.310005e+06,84.00874,1.264803e+07,0.0,1.567605e+06,0.0,40.37535,0.0,24.061895,1.406696e+06,0.0,1.001469e+07,118.9811,1.824314e+06,84.19482,1.264803e+07,0.0,1.567617e+06,0.0,40.3758,0.0,24.1208,1.620694e+06,0.0,1.001469e+07,118.9811,1.516072e+06,84.101776,1.264803e+07,0.0,1.567611e+06,0.0,40.37554,0.0,24.08876,1.524985e+06,0.0,0.0,0.0,514309.0,0.18608,0.0,0.0,12.0,0.0,0.0,0.0,0.03204,6284.8,0.0,0.0,0.0,31473.0,-0.18608,0.0,0.0,12.0,0.0,0.0,0.0,0.0,0.0,0,0,0,0,WELL-00001_20170201010207.parquet,WELL-00001,0
0.0,1.001469e+07,118.9811,1.6691928e+06,83.88896,1.264803e+07,0.0,1.5676229e+06,0.0,40.375565,0.0,24.088894,1.5187359e+06,0.0,0.0,0.0,160439.19,0.09562853,0.0,0.0,3.5485334,0.0,0.0,0.0,0.0,0.0,0.0,1.001469e+07,118.9811,1.34299e+06,83.64268,1.264803e+07,0.0,1.567617e+06,0.0,40.37535,0.0,24.061895,1.406696e+06,0.0,1.001469e+07,118.9811,1.954519e+06,84.00558,1.264803e+07,0.0,1.567629e+06,0.0,40.3758,0.0,24.1208,1.620694e+06,0.0,1.001469e+07,118.9811,1.6610465e+06,83.91254,1.264803e+07,0.0,1.567623e+06,0.0,40.37554,0.0,24.08876,1.524985e+06,0.0,0.0,0.0,611529.0,0.3629,0.0,0.0,12.0,0.0,0.0,0.0,0.03204,6284.8,0.0,0.0,0.0,-234001.0,-0.3629,0.0,0.0,12.0,0.0,0.0,0.0,0.0,0.0,0,0,0,0,WELL-00001_20170201010207.parquet,WELL-00001,0
0.0,1.001469e+07,118.9811,1.4035895e+06,83.26185,1.264803e+07,0.0,1.5676349e+06,0.0,40.375565,0.0,24.088894,1.5187359e+06,0.0,0.0,0.0,140388.36,0.19135648,0.0,0.0,3.516065,0.0,0.0,0.0,0.0,0.0,0.0,1.001469e+07,118.9811,1.106017e+06,82.95537,1.264803e+07,0.0,1.567629e+06,0.0,40.37535,0.0,24.061895,1.406696e+06,0.0,1.001469e+07,118.9811,1.589172e+06,83.62774,1.264803e+07,0.0,1.567641e+06,0.0,40.3758,0.0,24.1208,1.620694e+06,0.0,1.001469e+07,118.9811,1.4234725e+06,83.24673,1.264803e+07,0.0,1.567635e+06,0.0,40.37554,0.0,24.08876,1.524985e+06,0.0,0.0,0.0,483155.0,0.67237,0.0,0.0,12.0,0.0,0.0,0.0,0.03204,6284.8,0.0,0.0,0.0,285677.0,-0.28248,0.0,0.0,12.0,0.0,0.0,0.0,0.0,0.0,0,0,0,0,WELL-00001_20170201010207.parquet,WELL-00001,0
0.0,1.001469e+07,118.9811,1.7038356e+06,84.246475,1.264803e+07,0.0,1.567647e+06,0.0,40.375565,0.0,24.088894,1.5187359e+06,0.0,0.0,0.0,119556.66,0.538868,0.0,0.0,3.581615,0.0,0.0,0.0,0.0,0.0,0.0,1.001469e+07,118.9811,1.451784e+06,83.37312,1.264803e+07,0.0,1.567641e+06,0.0,40.37535,0.0,24.061895,1.406696e+06,0.0,1.001469e+07,118.9811,1.871332e+06,85.10484,1.264803e+07,0.0,1.567653e+06,0.0,40.3758,0.0,24.1208,1.620694e+06,0.0,1.001469e+07,118.9811,1.6984495e+06,84.224266,1.264803e+07,0.0,1.567647e+06,0.0,40.37554,0.0,24.08876,1.524985e+06,0.0,0.0,0.0,419548.0,1.73172,0.0,0.0,12.0,0.0,0.0,0.0,0.03204,6284.8,0.0,0.0,0.0,-89295.0,1.69087,0.0,0.0,12.0,0.0,0.0,0.0,0.0,0.0,0,0,0,0,WELL-00001_20170201010207.parquet,WELL-00001,0
0.0,1.001469e+07,118.9811,1.5111442e+06,84.65042,1.264803e+07,0.0,1.5676591e+06,0.0,40.375565,0.0,24.088894,1.5187359e+06,0.0,0.0,0.0,171782.67,0.23494014,0.0,0.0,3.516065,0.0,0.0,0.0,0.0,0.0,0.0,1.001469e+07,118.9811,1.144356e+06,84.28328,1.264803e+07,0.0,1.567653e+06,0.0,40.37535,0.0,24.061895,1.406696e+06,0.0,1.001469e+07,118.9811,1.694832e+06,85.05037,1.264803e+07,0.0,1.567665e+06,0.0,40.3758,0.0,24.1208,1.620694e+06,0.0,1.001469e+07,118.9811,1.594251e+06,84.6486,1.264803e+07,0.0,1.567659e+06,0.0,40.37554,0.0,24.08876,1.524985e+06,0.0,0.0,0.0,550476.0,0.76709,0.0,0.0,12.0,0.0,0.0,0.0,0.03204,6284.8,0.0,0.0,0.0,-226411.0,-0.76709,0.0,0.0,12.0,0.0,0.0,0.0,0.0,0.0,0,0,0,0,WELL-00001_20170201010207.parquet,WELL-00001,0
0.0,1.001469e+07,118.9811,1.5305394e+06,84.092995,1.264803e+07,0.0,1.5676711e+06,0.0,40.375565,0.0,24.088894,1.5187359e+06,0.0,0.0,0.0,76506.984,0.10641379,0.0,0.0,3.5614064,0.0,0.0,0.0,0.0,0.0,0.0,1.001469e+07,118.9811,1.324472e+06,83.93517,1.264803e+07,0.0,1.567665e+06,0.0,40.37535,0.0,24.061895,1.406696e+06,0.0,1.001469e+07,118.9811,1.664451e+06,84.27695,1.264803e+07,0.0,1.567677e+06,0.0,40.3758,0.0,24.1208,1.620694e+06,0.0,1.001469e+07,118.9811,1.5252495e+06,84.09023,1.264803e+07,0.0,1.567671e+06,0.0,40.37554,0.0,24.08876,1.524985e+06,0.0,0.0,0.0,339979.0,0.34178,0.0,0.0,12.0,0.0,0.0,0.0,0.03204,6284.8,0.0,0.0,0.0,328406.0,-0.31825,0.0,0.0,12.0,0.0,0.0,0.0,0.0,0.0,0,0,0,0,WELL-00001_20170201010207.parquet,WELL-00001,0
0.0,1.001469e+07,118.9811,1.5907681e+06,84.10226,1.264803e+07,0.0,1.5676832e+06,0.0,40.375565,0.0,24.088894,1.5187359e+06,0.0,0.0,0.0,205038.22,0.082200654,0.0,0.0,3.5044765,0.0,0.0,0.0,0.0,0.0,0.0,1.001469e+07,118.9811,1.202224e+06,83.96341,1.264803e+07,0.0,1.567677e+06,0.0,40.37535,0.0,24.061895,1.406696e+06,0.0,1.001469e+07,118.9811,1.859759e+06,84.2411,1.264803e+07,0.0,1.567689e+06,0.0,40.3758,0.0,24.1208,1.620694e+06,0.0,1.001469e+07,118.9811,1.6527445e+06,84.10226,1.264803e+07,0.0,1.567683e+06,0.0,40.37554,0.0,24.08876,1.524985e+06,0.0,0.0,0.0,657535.0,0.27769,0.0,0.0,12.0,0.0,0.0,0.0,0.03204,6284.8,0.0,0.0,0.0,-193935.0,0.27769,0.0,0.0,12.0,0.0,0.0,0.0,0.0,0.0,0,0,0,0,WELL-00001_20170201010207.parquet,WELL-00001,0
0.0,1.001469e+07,118.9811,1.5866621e+06,84.20654,1.2648054e+07,0.0,1.5676954e+06,0.0,40.375565,0.0,24.088894,1.5187359e+06,0.0,0.0,0.0,47759.39,0.040982995,89.29479,0.0,3.5515175,0.0,0.0,0.0,0.0,0.0,0.0,1.001469e+07,118.9811,1.486954e+06,84.13488,1.264803e+07,0.0,1.567689e+06,0.0,40.37535,0.0,24.061895,1.406696e+06,0.0,1.001469e+07,118.9811,1.690492e+06,84.26935,1.264851e+07,0.0,1.567701e+06,0.0,40.3758,0.0,24.1208,1.620694e+06,0.0,1.001469e+07,118.9811,1.582949e+06,84.20834,1.264803e+07,0.0,1.5676955e+06,0.0,40.37554,0.0,24.08876,1.524985e+06,0.0,0.0,0.0,203538.0,0.13447,480.0,0.0,12.0,0.0,0.0,0.0,0.03204,6284.8,0.0,0.0,0.0,132310.0,-0.11093,480.0,0.0,12.0,0.0,0.0,0.0,0.0,0.0,0,0,0,0,WELL-00001_20170201010207.parquet,WELL-00001,0
0.0,1.001469e+07,118.9866,1.6163792e+06,84.34944,1.2651404e+07,0.0,1.5677075e+06,0.0,40.375565,0.0,24.088894,1.5187359e+06,0.0,0.0,0.008353736,57070.066,0.16283005,1658.5248,0.0,3.4811842,0.0,0.0,0.0,0.0,0.0,0.0,1.001469e+07,118.9811,1.500249e+06,84.11745,1.26486e+07,0.0,1.567702e+06,0.0,40.37535,0.0,24.061895,1.406696e+06,0.0,1.001469e+07,119.0075,1.728107e+06,84.63105,1.265421e+07,0.0,1.567713e+06,0.0,40.3758,0.0,24.1208,1.620694e+06,0.0,1.001469e+07,118.9811,1.623514e+06,84.34518,1.26514e+07,0.0,1.5677075e+06,0.0,40.37554,0.0,24.08876,1.524985e+06,0.0,0.0,0.0264,227858.0,0.5136,5610.0,0.0,11.0,0.0,0.0,0.0,0.03204,6284.8,0.0,0.0,0.0264,-28799.0,0.49866,5610.0,0.0,11.0,0.0,0.0,0.0,0.0,0.0,0,0,0,0,WELL-00001_20170201010207.parquet,WELL-00001,0
0.0,1.001469e+07,119.03931,1.610712e+06,84.55767,1.2657104e+07,0.0,1.5677196e+06,0.0,40.375565,0.0,24.088894,1.5187359e+06,0.0,0.0,0.016776945,75467.27,0.078359984,1659.049,0.0,3.5328963,0.0,0.0,0.0,0.0,0.0,0.0,1.001469e+07,119.0087,1.476378e+06,84.42189,1.26543e+07,0.0,1.567714e+06,0.0,40.37535,0.0,24.061895,1.406696e+06,0.0,1.001469e+07,119.0593,1.76879e+06,84.6795,1.265991e+07,0.0,1.567726e+06,0.0,40.3758,0.0,24.1208,1.620694e+06,0.0,1.001469e+07,119.04115,1.605066e+06,84.56007,1.26571e+07,0.0,1.5677195e+06,0.0,40.37554,0.0,24.08876,1.524985e+06,0.0,0.0,0.0506,292412.0,0.25761,5610.0,0.0,12.0,0.0,0.0,0.0,0.03204,6284.8,0.0,0.0,0.0492,182703.0,-0.21885,5610.0,0.0,12.0,0.0,0.0,0.0,0.0,0.0,0,0,0,0,WELL-00001_20170201010207.parquet,WELL-00001,0
0.0,1.001469e+07,119.0546,1.7055966e+06,84.43441,1.2662804e+07,0.0,1.5677318e+06,0.0,40.375565,0.0,24.088894,1.5187359e+06,0.0,0.0,0.0018684196,83879.84,0.022577854,1659.6068,0.0,3.5044765,0.0,0.0,0.0,0.0,0.0,0.0,1.001469e+07,119.0514,1.553054e+06,84.39847,1.266e+07,0.0,1.567726e+06,0.0,40.37535,0.0,24.061895,1.406696e+06,0.0,1.001469e+07,119.0578,1.822041e+06,84.47381,1.266561e+07,0.0,1.567738e+06,0.0,40.3758,0.0,24.1208,1.620694e+06,0.0,1.001469e+07,119.05465,1.7268005e+06,84.4334,1.26628e+07,0.0,1.567732e+06,0.0,40.37554,0.0,24.08876,1.524985e+06,0.0,0.0,0.0064,268987.0,0.07534,5610.0,0.0,12.0,0.0,0.0,0.0,0.03204,6284.8,0.0,0.0,-0.0064,44895.0,0.0566,5610.0,0.0,12.0,0.0,0.0,0.0,0.0,0.0,0,0,0,0,WELL-00001_20170201010207.parquet,WELL-00001,0
0.0,1.001469e+07,119.04817,1.4695514e+06,83.96493,1.2667505e+07,0.0,1.5677438e+06,0.0,40.375565,0.0,24.088894,1.5187359e+06,0.0,0.0,0.0018710182,192851.48,0.35089618,720.5471,0.0,3.5552142,0.0,0.0,0.0,0.0,0.0,0.0,1.001469e+07,119.045,1.117591e+06,83.42628,1.26657e+07,0.0,1.567738e+06,0.0,40.37535,0.0,24.061895,1.406696e+06,0.0,1.001469e+07,119.0513,1.854695e+06,84.48203,1.266798e+07,0.0,1.56775e+06,0.0,40.3758,0.0,24.1208,1.620694e+06,0.0,1.001469e+07,119.04815,1.449907e+06,83.96471,1.266798e+07,0.0,1.567744e+06,0.0,40.37554,0.0,24.08876,1.524985e+06,0.0,0.0,0.0063,737104.0,1.05575,2280.0,0.0,12.0,0.0,0.0,0.0,0.03204,6284.8,0.0,0.0,-0.0063,-305860.0,-0.99318,2280.0,0.0,12.0,0.0,0.0,0.0,0.0,0.0,0,0,0,0,WELL-00001_20170201010207.parquet,WELL-00001,0
0.0,1.001469e+07,119.0449,1.527223e+06,83.49591,1.266798e+07,0.0,1.56775e+06,0.0,40.375565,0.0,24.088894,1.5187359e+06,0.0,0.0,0.0,0.0,0.0,0.0,0.0,0.0,0.0,0.0,0.0,0.0,0.0,0.0,1.001469e+07,119.0449,1.527223e+06,83.49591,1.266798e+07,0.0,1.56775e+06,0.0,40.37535,0.0,24.061895,1.406696e+06,0.0,1.001469e+07,119.0449,1.527223e+06,83.49591,1.266798e+07,0.0,1.56775e+06,0.0,40.3758,0.0,24.1208,1.620694e+06,0.0,1.001469e+07,119.0449,1.527223e+06,83.49591,1.266798e+07,0.0,1.56775e+06,0.0,40.37554,0.0,24.08876,1.524985e+06,0.0,0.0,0.0,0.0,0.0,0.0,0.0,0.0,0.0,0.0,0.0,0.03204,6284.8,0.0,0.0,0.0,0.0,0.0,0.0,0.0,0.0,0.0,0.0,0.0,0.0,0.0,0,0,0,0,WELL-00001_20170201010207.parquet,WELL-00001,0
0.0,1.001469e+07,119.03532,1.6312546e+06,84.47434,1.266798e+07,0.0,1.5677679e+06,0.0,40.375565,0.0,24.088894,1.5187359e+06,0.0,0.0,0.0018689403,209434.11,0.10410422,0.0,0.0,3.5429168,0.0,0.0,0.0,0.0,0.0,0.0,1.001469e+07,119.0322,1.252136e+06,84.29352,1.266798e+07,0.0,1.567762e+06,0.0,40.37535,0.0,24.061895,1.406696e+06,0.0,1.001469e+07,119.0385,1.858312e+06,84.64912,1.266798e+07,0.0,1.567774e+06,0.0,40.3758,0.0,24.1208,1.620694e+06,0.0,1.001469e+07,119.03535,1.7348145e+06,84.47542,1.266798e+07,0.0,1.567768e+06,0.0,40.37554,0.0,24.08876,1.524985e+06,0.0,0.0,0.0063,606176.0,0.3556,0.0,0.0,12.0,0.0,0.0,0.0,0.03204,6284.8,0.0,0.0,-0.0063,-337102.0,0.17965,0.0,0.0,12.0,0.0,0.0,0.0,0.0,0.0,0,0,0,0,WELL-00001_20170201060114.parquet,WELL-00001,0
0.0,1.001469e+07,119.028885,1.4762692e+06,83.69816,1.266798e+07,0.0,1.56778e+06,0.0,40.375565,0.0,24.088894,1.5187359e+06,0.0,0.0,0.0018700577,109703.16,0.21914312,0.0,0.0,3.56739,0.0,0.0,0.0,0.0,0.0,0.0,1.001469e+07,119.0257,1.281071e+06,83.59337,1.266798e+07,0.0,1.567774e+06,0.0,40.37535,0.0,24.061895,1.406696e+06,0.0,1.001469e+07,119.032,1.667706e+06,84.41451,1.266798e+07,0.0,1.567786e+06,0.0,40.3758,0.0,24.1208,1.620694e+06,0.0,1.001469e+07,119.02885,1.4717275e+06,83.597046,1.266798e+07,0.0,1.56778e+06,0.0,40.37554,0.0,24.08876,1.524985e+06,0.0,0.0,0.0063,386635.0,0.82114,0.0,0.0,12.0,0.0,0.0,0.0,0.03204,6284.8,0.0,0.0,-0.0063,303449.0,-0.81553,0.0,0.0,12.0,0.0,0.0,0.0,0.0,0.0,0,0,0,0,WELL-00001_20170201060114.parquet,WELL-00001,0
0.0,1.0014714e+07,119.02245,1.5649509e+06,83.51717,1.266798e+07,0.0,1.5677921e+06,0.0,40.375565,0.0,24.088894,1.5187359e+06,0.0,98.65136,0.0018750337,222686.8,0.074980505,0.0,0.0,3.5371714,0.0,0.0,0.0,0.0,0.0,0.0,1.001469e+07,119.0193,1.172567e+06,83.37818,1.266798e+07,0.0,1.567786e+06,0.0,40.37535,0.0,24.061895,1.406696e+06,0.0,1.001526e+07,119.0256,1.970433e+06,83.60097,1.266798e+07,0.0,1.567798e+06,0.0,40.3758,0.0,24.1208,1.620694e+06,0.0,1.001469e+07,119.02245,1.5698315e+06,83.52755,1.266798e+07,0.0,1.567792e+06,0.0,40.37554,0.0,24.08876,1.524985e+06,0.0,570.0,0.0063,797866.0,0.22279,0.0,0.0,12.0,0.0,0.0,0.0,0.03204,6284.8,0.0,570.0,-0.0063,-32388.0,-0.22092,0.0,0.0,12.0,0.0,0.0,0.0,0.0,0.0,0,0,0,0,WELL-00001_20170201060114.parquet,WELL-00001,0
0.0,1.0019638e+07,119.01602,1.6586096e+06,83.54972,1.266798e+07,0.0,1.5678042e+06,0.0,40.375565,0.0,24.088894,1.5187359e+06,0.0,2506.3616,0.0018717005,90099.4,0.20768629,0.0,0.0,3.540883,0.0,0.0,0.0,0.0,0.0,0.0,1.00154e+07,119.0129,1.414169e+06,83.29716,1.266798e+07,0.0,1.567798e+06,0.0,40.37535,0.0,24.061895,1.406696e+06,0.0,1.002387e+07,119.0192,1.827931e+06,83.94363,1.266798e+07,0.0,1.56781e+06,0.0,40.3758,0.0,24.1208,1.620694e+06,0.0,1.001964e+07,119.01605,1.6683985e+06,83.51021,1.266798e+07,0.0,1.567804e+06,0.0,40.37554,0.0,24.08876,1.524985e+06,0.0,8470.0,0.0063,413762.0,0.64647,0.0,0.0,12.0,0.0,0.0,0.0,0.03204,6284.8,0.0,8470.0,-0.0063,44265.0,0.57051,0.0,0.0,12.0,0.0,0.0,0.0,0.0,0.0,0,0,0,0,WELL-00001_20170201060114.parquet,WELL-00001,0
0.0,1.0028249e+07,119.00959,1.6268046e+06,84.09609,1.266798e+07,0.0,1.5678164e+06,0.0,40.375565,0.0,24.088894,1.5187359e+06,0.0,2506.3423,0.001869677,194082.4,0.05922083,0.0,0.0,3.5294964,0.0,0.0,0.0,0.0,0.0,0.0,1.002402e+07,119.0064,1.35413e+06,83.95833,1.266798e+07,0.0,1.56781e+06,0.0,40.37535,0.0,24.061895,1.406696e+06,0.0,1.003248e+07,119.0128,1.957412e+06,84.19341,1.266798e+07,0.0,1.567822e+06,0.0,40.3758,0.0,24.1208,1.620694e+06,0.0,1.002825e+07,119.00955,1.625607e+06,84.09801,1.266798e+07,0.0,1.567816e+06,0.0,40.37554,0.0,24.08876,1.524985e+06,0.0,8460.0,0.0064,603282.0,0.23508,0.0,0.0,12.0,0.0,0.0,0.0,0.03204,6284.8,0.0,8460.0,-0.0064,-119256.0,0.06051,0.0,0.0,12.0,0.0,0.0,0.0,0.0,0.0,0,0,0,0,WELL-00001_20170201060114.parquet,WELL-00001,0
0.0,1.0034388e+07,119.00316,1.539928e+06,84.000786,1.266798e+07,0.0,1.5678285e+06,0.0,40.375565,0.0,24.088894,1.5187359e+06,0.0,540.25134,0.0018711088,60016.47,0.026469786,0.0,0.0,3.5387683,0.0,0.0,0.0,0.0,0.0,0.0,1.003263e+07,119.0,1.408382e+06,83.95795,1.266798e+07,0.0,1.567822e+06,0.0,40.37535,0.0,24.061895,1.406696e+06,0.0,1.003464e+07,119.0063,1.661558e+06,84.05116,1.266798e+07,0.0,1.567834e+06,0.0,40.3758,0.0,24.1208,1.620694e+06,0.0,1.003464e+07,119.00315,1.5361175e+06,83.998955,1.266798e+07,0.0,1.5678285e+06,0.0,40.37554,0.0,24.08876,1.524985e+06,0.0,2010.0,0.0063,253176.0,0.09321,0.0,0.0,12.0,0.0,0.0,0.0,0.03204,6284.8,0.0,2010.0,-0.0063,5268.0,0.03638,0.0,0.0,12.0,0.0,0.0,0.0,0.0,0.0,0,0,0,0,WELL-00001_20170201060114.parquet,WELL-00001,0
0.0,1.003464e+07,118.996735,1.5974534e+06,84.11434,1.266798e+07,0.0,1.5678405e+06,0.0,40.375565,0.0,24.088894,1.5187359e+06,0.0,0.0,0.0018720807,24147.742,0.036175046,0.0,0.0,3.4811842,0.0,0.0,0.0,0.0,0.0,0.0,1.003464e+07,118.9936,1.555947e+06,84.05323,1.266798e+07,0.0,1.567835e+06,0.0,40.37535,0.0,24.061895,1.406696e+06,0.0,1.003464e+07,118.9999,1.648138e+06,84.17545,1.266798e+07,0.0,1.567846e+06,0.0,40.3758,0.0,24.1208,1.620694e+06,0.0,1.003464e+07,118.99675,1.598134e+06,84.114334,1.266798e+07,0.0,1.5678405e+06,0.0,40.37554,0.0,24.08876,1.524985e+06,0.0,0.0,0.0063,92191.0,0.12222,0.0,0.0,11.0,0.0,0.0,0.0,0.03204,6284.8,0.0,0.0,-0.0063,38038.0,0.12222,0.0,0.0,11.0,0.0,0.0,0.0,0.0,0.0,0,0,0,0,WELL-00001_20170201060114.parquet,WELL-00001,0
0.0,1.003464e+07,118.9903,1.6472879e+06,84.271286,1.266798e+07,0.0,1.5678526e+06,0.0,40.375565,0.0,24.088894,1.5187359e+06,0.0,0.0,0.0018684687,61228.457,0.06528104,0.0,0.0,3.566321,0.0,0.0,0.0,0.0,0.0,0.0,1.003464e+07,118.9871,1.503865e+06,84.17751,1.266798e+07,0.0,1.567847e+06,0.0,40.37535,0.0,24.061895,1.406696e+06,0.0,1.003464e+07,118.9935,1.755595e+06,84.38683,1.266798e+07,0.0,1.567859e+06,0.0,40.3758,0.0,24.1208,1.620694e+06,0.0,1.003464e+07,118.9903,1.657744e+06,84.26733,1.266798e+07,0.0,1.5678525e+06,0.0,40.37554,0.0,24.08876,1.524985e+06,0.0,0.0,0.0064,251730.0,0.20932,0.0,0.0,12.0,0.0,0.0,0.0,0.03204,6284.8,0.0,0.0,-0.0064,-72293.0,0.20932,0.0,0.0,12.0,0.0,0.0,0.0,0.0,0.0,0,0,0,0,WELL-00001_20170201060114.parquet,WELL-00001,0
0.0,1.003464e+07,118.98399,1.5729675e+06,84.479866,1.266798e+07,0.0,1.5678648e+06,0.0,40.375565,0.0,24.088894,1.5187359e+06,0.0,0.0,0.0017288153,69352.52,0.04413066,0.0,0.0,3.5044765,0.0,0.0,0.0,0.0,0.0,0.0,1.003464e+07,118.9811,1.368597e+06,84.39088,1.266798e+07,0.0,1.567859e+06,0.0,40.37535,0.0,24.061895,1.406696e+06,0.0,1.003464e+07,118.987,1.657941e+06,84.54851,1.266798e+07,0.0,1.567871e+06,0.0,40.3758,0.0,24.1208,1.620694e+06,0.0,1.003464e+07,118.98385,1.592658e+06,84.48357,1.266798e+07,0.0,1.567865e+06,0.0,40.37554,0.0,24.08876,1.524985e+06,0.0,0.0,0.0059,289344.0,0.15763,0.0,0.0,12.0,0.0,0.0,0.0,0.03204,6284.8,0.0,0.0,-0.0033,88635.0,0.15763,0.0,0.0,12.0,0.0,0.0,0.0,0.0,0.0,0,0,0,0,WELL-00001_20170201060114.parquet,WELL-00001,0
0.0,1.003464e+07,119.00342,1.5314892e+06,84.48354,1.266798e+07,0.0,1.5678768e+06,0.0,40.375565,0.0,24.088894,1.5187359e+06,0.0,0.0,0.011275615,171514.2,0.11396539,0.0,0.0,3.546742,0.0,0.0,0.0,0.0,0.0,0.0,1.003464e+07,118.9844,1.207288e+06,84.24023,1.266798e+07,0.0,1.567871e+06,0.0,40.37535,0.0,24.061895,1.406696e+06,0.0,1.003464e+07,119.0225,1.851078e+06,84.60355,1.266798e+07,0.0,1.567883e+06,0.0,40.3758,0.0,24.1208,1.620694e+06,0.0,1.003464e+07,119.0034,1.54508e+06,84.54599,1.266798e+07,0.0,1.567877e+06,0.0,40.37554,0.0,24.08876,1.524985e+06,0.0,0.0,0.0381,643790.0,0.36332,0.0,0.0,12.0,0.0,0.0,0.0,0.03204,6284.8,0.0,0.0,0.0381,-37202.0,-0.31048,0.0,0.0,12.0,0.0,0.0,0.0,0.0,0.0,0,0,0,0,WELL-00001_20170201060114.parquet,WELL-00001,0
0.0,1.003464e+07,119.041954,1.6028189e+06,84.08362,1.266798e+07,0.0,1.5678889e+06,0.0,40.375565,0.0,24.088894,1.5187359e+06,0.0,0.0,0.010975679,104870.33,0.064360805,0.0,0.0,3.516065,0.0,0.0,0.0,0.0,0.0,0.0,1.003464e+07,119.0231,1.303495e+06,83.98073,1.266798e+07,0.0,1.567883e+06,0.0,40.37535,0.0,24.061895,1.406696e+06,0.0,1.003464e+07,119.0593,1.774402e+06,84.22986,1.266798e+07,0.0,1.567895e+06,0.0,40.3758,0.0,24.1208,1.620694e+06,0.0,1.003464e+07,119.04215,1.6280625e+06,84.08028,1.266798e+07,0.0,1.567889e+06,0.0,40.37554,0.0,24.08876,1.524985e+06,0.0,0.0,0.0362,470907.0,0.24913,0.0,0.0,12.0,0.0,0.0,0.0,0.03204,6284.8,0.0,0.0,0.0321,81832.0,-0.07917,0.0,0.0,12.0,0.0,0.0,0.0,0.0,0.0,0,0,0,0,WELL-00001_20170201060114.parquet,WELL-00001,0
0.0,1.003464e+07,119.01452,1.517991e+06,84.23558,1.266798e+07,0.0,1.567901e+06,0.0,40.375565,0.0,24.088894,1.5187359e+06,0.0,0.0,0.022941489,86839.0,0.03167324,0.0,0.0,3.5724542,0.0,0.0,0.0,0.0,0.0,0.0,1.003464e+07,118.9811,1.315792e+06,84.15555,1.266798e+07,0.0,1.567895e+06,0.0,40.37535,0.0,24.061895,1.406696e+06,0.0,1.003464e+07,119.0539,1.719427e+06,84.27695,1.266798e+07,0.0,1.567907e+06,0.0,40.3758,0.0,24.1208,1.620694e+06,0.0,1.003464e+07,119.01415,1.513568e+06,84.242485,1.266798e+07,0.0,1.567901e+06,0.0,40.37554,0.0,24.08876,1.524985e+06,0.0,0.0,0.0728,403635.0,0.1214,0.0,0.0,12.0,0.0,0.0,0.0,0.03204,6284.8,0.0,0.0,-0.072,-132892.0,0.06975,0.0,0.0,12.0,0.0,0.0,0.0,0.0,0.0,0,0,0,0,WELL-00001_20170201060114.parquet,WELL-00001,0
0.0,1.003464e+07,118.98678,1.652375e+06,84.31133,1.266798e+07,0.0,1.5679131e+06,0.0,40.375565,0.0,24.088894,1.5187359e+06,0.0,0.0,0.002770753,57433.8,0.1290182,0.0,0.0,3.516065,0.0,0.0,0.0,0.0,0.0,0.0,1.003464e+07,118.9821,1.555947e+06,84.18581,1.266798e+07,0.0,1.567907e+06,0.0,40.37535,0.0,24.061895,1.406696e+06,0.0,1.003464e+07,118.9915,1.778742e+06,84.58798,1.266798e+07,0.0,1.567919e+06,0.0,40.3758,0.0,24.1208,1.620694e+06,0.0,1.003464e+07,118.9868,1.6568565e+06,84.23904,1.266798e+07,0.0,1.567913e+06,0.0,40.37554,0.0,24.08876,1.524985e+06,0.0,0.0,0.0094,222795.0,0.40217,0.0,0.0,12.0,0.0,0.0,0.0,0.03204,6284.8,0.0,0.0,0.0094,122215.0,0.36419,0.0,0.0,12.0,0.0,0.0,0.0,0.0,0.0,0,0,0,0,WELL-00001_20170201060114.parquet,WELL-00001,0
0.0,1.003464e+07,118.99631,1.4879058e+06,84.50372,1.266798e+07,0.0,1.5679251e+06,0.0,40.375565,0.0,24.088894,1.5187359e+06,0.0,0.0,0.0027757953,158092.61,0.34027418,0.0,0.0,3.585123,0.0,0.0,0.0,0.0,0.0,0.0,1.003464e+07,118.9916,1.205118e+06,83.84402,1.266798e+07,0.0,1.567919e+06,0.0,40.37535,0.0,24.061895,1.406696e+06,0.0,1.003464e+07,119.001,1.692662e+06,84.90736,1.266798e+07,0.0,1.567931e+06,0.0,40.3758,0.0,24.1208,1.620694e+06,0.0,1.003464e+07,118.9963,1.488048e+06,84.64121,1.266798e+07,0.0,1.567925e+06,0.0,40.37554,0.0,24.08876,1.524985e+06,0.0,0.0,0.0094,487544.0,1.06334,0.0,0.0,12.0,0.0,0.0,0.0,0.03204,6284.8,0.0,0.0,0.0094,-170370.0,-0.70111,0.0,0.0,12.0,0.0,0.0,0.0,0.0,0.0,0,0,0,0,WELL-00001_20170201060114.parquet,WELL-00001,0
0.0,1.003464e+07,119.00583,1.7028585e+06,84.309456,1.266798e+07,0.0,1.5679372e+06,0.0,40.375565,0.0,24.088894,1.5187359e+06,0.0,0.0,0.0027744898,124922.28,0.22965488,0.0,0.0,3.5044765,0.0,0.0,0.0,0.0,0.0,0.0,1.003464e+07,119.0011,1.518333e+06,83.91238,1.266798e+07,0.0,1.567931e+06,0.0,40.37535,0.0,24.061895,1.406696e+06,0.0,1.003464e+07,119.0105,1.900267e+06,84.66431,1.266798e+07,0.0,1.567943e+06,0.0,40.3758,0.0,24.1208,1.620694e+06,0.0,1.003464e+07,119.00585,1.710766e+06,84.31569,1.266798e+07,0.0,1.567937e+06,0.0,40.37554,0.0,24.08876,1.524985e+06,0.0,0.0,0.0094,381934.0,0.75193,0.0,0.0,12.0,0.0,0.0,0.0,0.03204,6284.8,0.0,0.0,0.0094,304600.0,0.65714,0.0,0.0,12.0,0.0,0.0,0.0,0.0,0.0,0,0,0,0,WELL-00001_20170201060114.parquet,WELL-00001,0
0.0,1.0033313e+07,119.01536,1.4366988e+06,83.89781,1.266798e+07,0.0,1.5679494e+06,0.0,40.375565,0.0,24.088894,1.5187359e+06,0.0,1163.9481,0.002770753,199564.34,0.34833393,0.0,0.0,3.5294964,0.0,0.0,0.0,0.0,0.0,0.0,1.003118e+07,119.0107,1.069126e+06,83.47945,1.266798e+07,0.0,1.567943e+06,0.0,40.37535,0.0,24.061895,1.406696e+06,0.0,1.003464e+07,119.02,1.8036e+06,84.54582,1.266798e+07,0.0,1.567955e+06,0.0,40.3758,0.0,24.1208,1.620694e+06,0.0,1.0033445e+07,119.01535,1.4581045e+06,83.846756,1.266798e+07,0.0,1.567949e+06,0.0,40.37554,0.0,24.08876,1.524985e+06,0.0,3460.0,0.0093,734474.0,1.06637,0.0,0.0,12.0,0.0,0.0,0.0,0.03204,6284.8,0.0,-3460.0,0.0093,-132638.0,-0.98968,0.0,0.0,12.0,0.0,0.0,0.0,0.0,0.0,0,0,0,0,WELL-00001_20170201060114.parquet,WELL-00001,0
0.0,1.0028843e+07,119.02489,1.5832542e+06,83.74016,1.266798e+07,0.0,1.5679615e+06,0.0,40.375565,0.0,24.088894,1.5187359e+06,0.0,1340.3394,0.002775602,109104.805,0.1240828,0.0,0.0,3.5387683,0.0,0.0,0.0,0.0,0.0,0.0,1.002658e+07,119.0202,1.303495e+06,83.56162,1.266798e+07,0.0,1.567955e+06,0.0,40.37535,0.0,24.061895,1.406696e+06,0.0,1.003111e+07,119.0296,1.778742e+06,84.02985,1.266798e+07,0.0,1.567967e+06,0.0,40.3758,0.0,24.1208,1.620694e+06,0.0,1.002884e+07,119.0249,1.5920395e+06,83.72324,1.266798e+07,0.0,1.5679615e+06,0.0,40.37554,0.0,24.08876,1.524985e+06,0.0,4530.0,0.0094,475247.0,0.46823,0.0,0.0,12.0,0.0,0.0,0.0,0.03204,6284.8,0.0,-4530.0,0.0094,88973.0,0.46823,0.0,0.0,12.0,0.0,0.0,0.0,0.0,0.0,0,0,0,0,WELL-00001_20170201060114.parquet,WELL-00001,0
0.0,1.002424e+07,119.03442,1.734284e+06,84.4856,1.266798e+07,0.0,1.5679735e+06,0.0,40.375565,0.0,24.088894,1.5187359e+06,0.0,1340.189,0.002774244,112732.79,0.22878352,0.0,0.0,3.5293763,0.0,0.0,0.0,0.0,0.0,0.0,1.002198e+07,119.0297,1.483611e+06,84.04648,1.266798e+07,0.0,1.567968e+06,0.0,40.37535,0.0,24.061895,1.406696e+06,0.0,1.00265e+07,119.0391,1.908224e+06,84.77824,1.266798e+07,0.0,1.56798e+06,0.0,40.3758,0.0,24.1208,1.620694e+06,0.0,1.002424e+07,119.0344,1.7461975e+06,84.537094,1.266798e+07,0.0,1.5679735e+06,0.0,40.37554,0.0,24.08876,1.524985e+06,0.0,4520.0,0.0094,424613.0,0.73176,0.0,0.0,12.0,0.0,0.0,0.0,0.03204,6284.8,0.0,-4520.0,0.0094,-98845.0,0.59505,0.0,0.0,12.0,0.0,0.0,0.0,0.0,0.0,0,0,0,0,WELL-00001_20170201060114.parquet,WELL-00001,0
0.0,1.0019636e+07,119.04394,1.6468212e+06,84.34715,1.266798e+07,0.0,1.5679856e+06,0.0,40.375565,0.0,24.088894,1.5187359e+06,0.0,1339.922,0.0027705594,135398.05,0.18443947,0.0,0.0,3.5447104,0.0,0.0,0.0,0.0,0.0,0.0,1.001737e+07,119.0393,1.378001e+06,83.97177,1.266798e+07,0.0,1.56798e+06,0.0,40.37535,0.0,24.061895,1.406696e+06,0.0,1.00219e+07,119.0486,1.866992e+06,84.63242,1.266798e+07,0.0,1.567992e+06,0.0,40.3758,0.0,24.1208,1.620694e+06,0.0,1.0019635e+07,119.04395,1.6793135e+06,84.36355,1.266798e+07,0.0,1.567986e+06,0.0,40.37554,0.0,24.08876,1.524985e+06,0.0,4530.0,0.0093,488991.0,0.66065,0.0,0.0,12.0,0.0,0.0,0.0,0.03204,6284.8,0.0,-4530.0,0.0093,-31931.0,-0.66065,0.0,0.0,12.0,0.0,0.0,0.0,0.0,0.0,0,0,0,0,WELL-00001_20170201060114.parquet,WELL-00001,0
0.0,1.0015961e+07,119.053474,1.5639871e+06,83.47551,1.266798e+07,0.0,1.5679978e+06,0.0,40.375565,0.0,24.088894,1.5187359e+06,0.0,745.7629,0.0027762365,150203.58,0.2606742,0.0,0.0,3.527575,0.0,0.0,0.0,0.0,0.0,0.0,1.001469e+07,119.0488,1.201501e+06,83.17563,1.266798e+07,0.0,1.567992e+06,0.0,40.37535,0.0,24.061895,1.406696e+06,0.0,1.00173e+07,119.0582,1.773679e+06,83.95447,1.266798e+07,0.0,1.568004e+06,0.0,40.3758,0.0,24.1208,1.620694e+06,0.0,1.0015955e+07,119.0535,1.5991685e+06,83.44389,1.266798e+07,0.0,1.567998e+06,0.0,40.37554,0.0,24.08876,1.524985e+06,0.0,2610.0,0.0094,572178.0,0.77884,0.0,0.0,12.0,0.0,0.0,0.0,0.03204,6284.8,0.0,-240.0,0.0094,-86047.0,-0.76821,0.0,0.0,12.0,0.0,0.0,0.0,0.0,0.0,0,0,0,0,WELL-00001_20170201060114.parquet,WELL-00001,0
0.0,1.0019946e+07,119.027084,1.5833924e+06,83.23382,1.266798e+07,0.0,1.5680099e+06,0.0,40.375565,0.0,24.088894,1.5187359e+06,0.0,1655.098,0.022722917,137278.53,0.06212092,0.0,0.0,3.5485334,0.0,0.0,0.0,0.0,0.0,0.0,1.001715e+07,118.9879,1.237669e+06,83.18703,1.266798e+07,0.0,1.568004e+06,0.0,40.37535,0.0,24.061895,1.406696e+06,0.0,1.002274e+07,119.0593,1.778742e+06,83.4269,1.266798e+07,0.0,1.568016e+06,0.0,40.3758,0.0,24.1208,1.620694e+06,0.0,1.0019945e+07,119.0276,1.6052205e+06,83.20943,1.266798e+07,0.0,1.56801e+06,0.0,40.37554,0.0,24.08876,1.524985e+06,0.0,5590.0,0.0714,541073.0,0.23987,0.0,0.0,12.0,0.0,0.0,0.0,0.03204,6284.8,0.0,5590.0,-0.0704,-41243.0,0.23987,0.0,0.0,12.0,0.0,0.0,0.0,0.0,0.0,0,0,0,0,WELL-00001_20170201060114.parquet,WELL-00001,0
0.0,1.0025633e+07,118.98331,1.6115939e+06,83.8446,1.266798e+07,0.0,1.5680219e+06,0.0,40.375565,0.0,24.088894,1.5187359e+06,0.0,1654.7098,0.0012994512,179180.33,0.21748455,0.0,0.0,3.516065,0.0,0.0,0.0,0.0,0.0,0.0,1.002284e+07,118.9811,1.395361e+06,83.4416,1.266798e+07,0.0,1.568016e+06,0.0,40.37535,0.0,24.061895,1.406696e+06,0.0,1.002843e+07,118.9865,1.960306e+06,84.11745,1.266798e+07,0.0,1.568028e+06,0.0,40.3758,0.0,24.1208,1.620694e+06,0.0,1.0025635e+07,118.9833,1.551933e+06,83.87502,1.266798e+07,0.0,1.568022e+06,0.0,40.37554,0.0,24.08876,1.524985e+06,0.0,5590.0,0.0054,564945.0,0.67585,0.0,0.0,12.0,0.0,0.0,0.0,0.03204,6284.8,0.0,5590.0,-0.0012,-35485.0,0.60605,0.0,0.0,12.0,0.0,0.0,0.0,0.0,0.0,0,0,0,0,WELL-00001_20170201060114.parquet,WELL-00001,0
0.0,1.003132e+07,118.98762,1.5283682e+06,83.89616,1.266798e+07,0.0,1.568034e+06,0.0,40.375565,0.0,24.088894,1.5187359e+06,0.0,1655.1854,0.0013241947,181327.02,0.07813264,0.0,0.0,3.581615,0.0,0.0,0.0,0.0,0.0,0.0,1.002852e+07,118.9854,1.210181e+06,83.80605,1.266798e+07,0.0,1.568028e+06,0.0,40.37535,0.0,24.061895,1.406696e+06,0.0,1.003411e+07,118.9899,1.958136e+06,84.04228,1.266798e+07,0.0,1.56804e+06,0.0,40.3758,0.0,24.1208,1.620694e+06,0.0,1.003132e+07,118.98765,1.50855e+06,83.883896,1.266798e+07,0.0,1.568034e+06,0.0,40.37554,0.0,24.08876,1.524985e+06,0.0,5590.0,0.0045,747955.0,0.23623,0.0,0.0,12.0,0.0,0.0,0.0,0.03204,6284.8,0.0,5590.0,0.0045,-43665.0,-0.22484,0.0,0.0,12.0,0.0,0.0,0.0,0.0,0.0,0,0,0,0,WELL-00001_20170201060114.parquet,WELL-00001,0
0.0,1.0037006e+07,118.992165,1.4801669e+06,83.85832,1.266798e+07,0.0,1.5680461e+06,0.0,40.375565,0.0,24.088894,1.5187359e+06,0.0,1655.3502,0.0013216536,110684.586,0.04676023,0.0,0.0,3.516065,0.0,0.0,0.0,0.0,0.0,0.0,1.003421e+07,118.9899,1.168226e+06,83.8182,1.266798e+07,0.0,1.56804e+06,0.0,40.37535,0.0,24.061895,1.406696e+06,0.0,1.00398e+07,118.9944,1.541712e+06,83.99592,1.266798e+07,0.0,1.568052e+06,0.0,40.3758,0.0,24.1208,1.620694e+06,0.0,1.0037005e+07,118.99215,1.5357365e+06,83.8406,1.266798e+07,0.0,1.568046e+06,0.0,40.37554,0.0,24.08876,1.524985e+06,0.0,5590.0,0.0045,373486.0,0.17772,0.0,0.0,12.0,0.0,0.0,0.0,0.03204,6284.8,0.0,5590.0,0.0045,216977.0,0.17772,0.0,0.0,12.0,0.0,0.0,0.0,0.0,0.0,0,0,0,0,WELL-00001_20170201060114.parquet,WELL-00001,0
0.0,1.0042692e+07,118.99671,1.5041899e+06,84.27139,1.266798e+07,0.0,1.5680581e+06,0.0,40.375565,0.0,24.088894,1.5187359e+06,0.0,1655.137,0.0013202582,156740.89,0.14446579,0.0,0.0,3.5614064,0.0,0.0,0.0,0.0,0.0,0.0,1.00399e+07,118.9945,1.27239e+06,84.00554,1.266798e+07,0.0,1.568052e+06,0.0,40.37535,0.0,24.061895,1.406696e+06,0.0,1.004549e+07,118.9989,1.780189e+06,84.43848,1.266798e+07,0.0,1.568064e+06,0.0,40.3758,0.0,24.1208,1.620694e+06,0.0,1.004269e+07,118.9967,1.521024e+06,84.28935,1.266798e+07,0.0,1.568058e+06,0.0,40.37554,0.0,24.08876,1.524985e+06,0.0,5590.0,0.0044,507799.0,0.43294,0.0,0.0,12.0,0.0,0.0,0.0,0.03204,6284.8,0.0,5590.0,0.0044,-41780.0,0.43294,0.0,0.0,12.0,0.0,0.0,0.0,0.0,0.0,0,0,0,0,WELL-00001_20170201060114.parquet,WELL-00001,0
0.0,1.0048378e+07,119.00126,1.5958742e+06,84.45853,1.266798e+07,0.0,1.5680702e+06,0.0,40.375565,0.0,24.088894,1.5187359e+06,0.0,1655.006,0.0013215553,45372.637,0.012117957,0.0,0.0,3.5044765,0.0,0.0,0.0,0.0,0.0,0.0,1.004558e+07,118.999,1.506074e+06,84.43912,1.266798e+07,0.0,1.568064e+06,0.0,40.37535,0.0,24.061895,1.406696e+06,0.0,1.005117e+07,119.0035,1.695556e+06,84.48821,1.266798e+07,0.0,1.568076e+06,0.0,40.3758,0.0,24.1208,1.620694e+06,0.0,1.004838e+07,119.00125,1.598413e+06,84.45805,1.266798e+07,0.0,1.56807e+06,0.0,40.37554,0.0,24.08876,1.524985e+06,0.0,5590.0,0.0045,189482.0,0.04909,0.0,0.0,12.0,0.0,0.0,0.0,0.03204,6284.8,0.0,5590.0,0.0045,83426.0,0.04909,0.0,0.0,12.0,0.0,0.0,0.0,0.0,0.0,0,0,0,0,WELL-00001_20170201060114.parquet,WELL-00001,0
0.0,1.0053592e+07,119.005806,1.5537848e+06,84.59333,1.266798e+07,0.0,1.5680824e+06,0.0,40.375565,0.0,24.088894,1.5187359e+06,0.0,1125.279,0.0013237626,33283.17,0.0601918,0.0,0.0,3.5515175,0.0,0.0,0.0,0.0,0.0,0.0,1.005127e+07,119.0036,1.487952e+06,84.49166,1.266798e+07,0.0,1.568076e+06,0.0,40.37535,0.0,24.061895,1.406696e+06,0.0,1.005459e+07,119.008,1.610923e+06,84.69501,1.266798e+07,0.0,1.568088e+06,0.0,40.3758,0.0,24.1208,1.620694e+06,0.0,1.0054065e+07,119.0058,1.5517845e+06,84.59333,1.266798e+07,0.0,1.5680825e+06,0.0,40.37554,0.0,24.08876,1.524985e+06,0.0,3320.0,0.0044,122971.0,0.20335,0.0,0.0,12.0,0.0,0.0,0.0,0.03204,6284.8,0.0,3320.0,0.0044,-38275.0,0.20335,0.0,0.0,12.0,0.0,0.0,0.0,0.0,0.0,0,0,0,0,WELL-00001_20170201060114.parquet,WELL-00001,0
0.0,1.005459e+07,119.01035,1.6491161e+06,84.7967,1.266798e+07,0.0,1.5680945e+06,0.0,40.375565,0.0,24.088894,1.5187359e+06,0.0,0.0,0.0013264572,124418.055,0.05576567,0.0,0.0,3.4811842,0.0,0.0,0.0,0.0,0.0,0.0,1.005459e+07,119.0081,1.431529e+06,84.69846,1.266798e+07,0.0,1.568089e+06,0.0,40.37535,0.0,24.061895,1.406696e+06,0.0,1.005459e+07,119.0126,1.945115e+06,84.88457,1.266798e+07,0.0,1.5681e+06,0.0,40.3758,0.0,24.1208,1.620694e+06,0.0,1.005459e+07,119.01035,1.6267925e+06,84.800125,1.266798e+07,0.0,1.5680945e+06,0.0,40.37554,0.0,24.08876,1.524985e+06,0.0,0.0,0.0045,513586.0,0.18611,0.0,0.0,11.0,0.0,0.0,0.0,0.03204,6284.8,0.0,0.0,0.0045,42920.0,0.13484,0.0,0.0,11.0,0.0,0.0,0.0,0.0,0.0,0,0,0,0,WELL-00001_20170201060114.parquet,WELL-00001,0
0.0,1.005459e+07,119.0149,1.7163064e+06,84.51992,1.266798e+07,0.0,1.5681066e+06,0.0,40.375565,0.0,24.088894,1.5187359e+06,0.0,0.0,0.0013245392,88386.445,0.18013895,0.0,0.0,3.5328963,0.0,0.0,0.0,0.0,0.0,0.0,1.005459e+07,119.0127,1.54582e+06,84.20522,1.266798e+07,0.0,1.568101e+06,0.0,40.37535,0.0,24.061895,1.406696e+06,0.0,1.005459e+07,119.0171,1.856668e+06,84.82304,1.266798e+07,0.0,1.568113e+06,0.0,40.3758,0.0,24.1208,1.620694e+06,0.0,1.005459e+07,119.0149,1.730277e+06,84.52056,1.266798e+07,0.0,1.5681065e+06,0.0,40.37554,0.0,24.08876,1.524985e+06,0.0,0.0,0.0044,310848.0,0.61782,0.0,0.0,12.0,0.0,0.0,0.0,0.03204,6284.8,0.0,0.0,0.0044,266867.0,-0.61782,0.0,0.0,12.0,0.0,0.0,0.0,0.0,0.0,0,0,0,0,WELL-00001_20170201060114.parquet,WELL-00001,0
0.0,1.005459e+07,119.01944,1.5245875e+06,83.81619,1.266798e+07,0.0,1.5681188e+06,0.0,40.375565,0.0,24.088894,1.5187359e+06,0.0,0.0,0.001323499,200189.58,0.22060792,0.0,0.0,3.5044765,0.0,0.0,0.0,0.0,0.0,0.0,1.005459e+07,119.0172,1.169673e+06,83.48654,1.266798e+07,0.0,1.568113e+06,0.0,40.37535,0.0,24.061895,1.406696e+06,0.0,1.005459e+07,119.0217,1.919798e+06,84.1924,1.266798e+07,0.0,1.568125e+06,0.0,40.3758,0.0,24.1208,1.620694e+06,0.0,1.005459e+07,119.01945,1.5242285e+06,83.81407,1.266798e+07,0.0,1.568119e+06,0.0,40.37554,0.0,24.08876,1.524985e+06,0.0,0.0,0.0045,750125.0,0.70586,0.0,0.0,12.0,0.0,0.0,0.0,0.03204,6284.8,0.0,0.0,0.0045,-387194.0,-0.70586,0.0,0.0,12.0,0.0,0.0,0.0,0.0,0.0,0,0,0,0,WELL-00001_20170201060114.parquet,WELL-00001,0
0.0,1.005459e+07,119.023994,1.4663098e+06,83.48881,1.266798e+07,0.0,1.5681308e+06,0.0,40.375565,0.0,24.088894,1.5187359e+06,0.0,0.0,0.0013225927,101938.04,0.024697598,0.0,0.0,3.5552142,0.0,0.0,0.0,0.0,0.0,0.0,1.005459e+07,119.0218,1.208735e+06,83.47945,1.266798e+07,0.0,1.568125e+06,0.0,40.37535,0.0,24.061895,1.406696e+06,0.0,1.005459e+07,119.0262,1.659066e+06,83.62611,1.266798e+07,0.0,1.568137e+06,0.0,40.3758,0.0,24.1208,1.620694e+06,0.0,1.005459e+07,119.024,1.464648e+06,83.483185,1.266798e+07,0.0,1.568131e+06,0.0,40.37554,0.0,24.08876,1.524985e+06,0.0,0.0,0.0044,450331.0,0.14666,0.0,0.0,12.0,0.0,0.0,0.0,0.03204,6284.8,0.0,0.0,0.0044,224281.0,0.1397,0.0,0.0,12.0,0.0,0.0,0.0,0.0,0.0,0,0,0,0,WELL-00001_20170201060114.parquet,WELL-00001,0
0.0,1.005459e+07,119.02854,1.5991966e+06,84.13775,1.266798e+07,0.0,1.5681429e+06,0.0,40.375565,0.0,24.088894,1.5187359e+06,0.0,0.0,0.0013214132,298065.66,0.23976775,0.0,0.0,3.516065,0.0,0.0,0.0,0.0,0.0,0.0,1.005459e+07,119.0263,1.134952e+06,83.66278,1.266798e+07,0.0,1.568137e+06,0.0,40.37535,0.0,24.061895,1.406696e+06,0.0,1.005459e+07,119.0308,2.129572e+06,84.54279,1.266798e+07,0.0,1.568149e+06,0.0,40.3758,0.0,24.1208,1.620694e+06,0.0,1.005459e+07,119.02855,1.6733325e+06,84.140526,1.266798e+07,0.0,1.568143e+06,0.0,40.37554,0.0,24.08876,1.524985e+06,0.0,0.0,0.0045,994620.0,0.88001,0.0,0.0,12.0,0.0,0.0,0.0,0.03204,6284.8,0.0,0.0,0.0045,-323121.0,0.14098,0.0,0.0,12.0,0.0,0.0,0.0,0.0,0.0,0,0,0,0,WELL-00001_20170201060114.parquet,WELL-00001,0
0.0,1.005459e+07,119.03308,1.5353812e+06,83.76026,1.266798e+07,0.0,1.5681549e+06,0.0,40.375565,0.0,24.088894,1.5187359e+06,0.0,0.0,0.0013228329,106920.81,0.17770699,0.0,0.0,3.5599785,0.0,0.0,0.0,0.0,0.0,0.0,1.005459e+07,119.0308,1.346824e+06,83.48705,1.266798e+07,0.0,1.568149e+06,0.0,40.37535,0.0,24.061895,1.406696e+06,0.0,1.005459e+07,119.0353,1.682944e+06,84.10339,1.266798e+07,0.0,1.568161e+06,0.0,40.3758,0.0,24.1208,1.620694e+06,0.0,1.005459e+07,119.03305,1.5658515e+06,83.73701,1.266798e+07,0.0,1.568155e+06,0.0,40.37554,0.0,24.08876,1.524985e+06,0.0,0.0,0.0045,336120.0,0.61634,0.0,0.0,12.0,0.0,0.0,0.0,0.03204,6284.8,0.0,0.0,0.0045,336120.0,0.32074,0.0,0.0,12.0,0.0,0.0,0.0,0.0,0.0,0,0,0,0,WELL-00001_20170201060114.parquet,WELL-00001,0
0.0,1.005459e+07,119.037636,1.5680306e+06,84.24082,1.266798e+07,0.0,1.568167e+06,0.0,40.375565,0.0,24.088894,1.5187359e+06,0.0,0.0,0.0013237935,237085.52,0.05046998,0.0,0.0,3.56739,0.0,0.0,0.0,0.0,0.0,0.0,1.005459e+07,119.0354,1.095167e+06,84.11708,1.266798e+07,0.0,1.568161e+06,0.0,40.37535,0.0,24.061895,1.406696e+06,0.0,1.005459e+07,119.0399,1.936435e+06,84.32253,1.266798e+07,0.0,1.568173e+06,0.0,40.3758,0.0,24.1208,1.620694e+06,0.0,1.005459e+07,119.03765,1.575675e+06,84.24194,1.266798e+07,0.0,1.568167e+06,0.0,40.37554,0.0,24.08876,1.524985e+06,0.0,0.0,0.0045,841268.0,0.20545,0.0,0.0,12.0,0.0,0.0,0.0,0.03204,6284.8,0.0,0.0,0.0045,-107424.0,0.06062,0.0,0.0,12.0,0.0,0.0,0.0,0.0,0.0,0,0,0,0,WELL-00001_20170201060114.parquet,WELL-00001,0
0.0,1.005459e+07,119.042175,1.5553309e+06,84.14437,1.266798e+07,0.0,1.5681791e+06,0.0,40.375565,0.0,24.088894,1.5187359e+06,0.0,0.0,0.0013262783,128901.62,0.012032515,0.0,0.0,3.5371714,0.0,0.0,0.0,0.0,0.0,0.0,1.005459e+07,119.0399,1.174013e+06,84.12505,1.266798e+07,0.0,1.568173e+06,0.0,40.37535,0.0,24.061895,1.406696e+06,0.0,1.005459e+07,119.0444,1.749084e+06,84.17442,1.266798e+07,0.0,1.568185e+06,0.0,40.3758,0.0,24.1208,1.620694e+06,0.0,1.005459e+07,119.04215,1.562072e+06,84.143974,1.266798e+07,0.0,1.568179e+06,0.0,40.37554,0.0,24.08876,1.524985e+06,0.0,0.0,0.0045,575071.0,0.04937,0.0,0.0,12.0,0.0,0.0,0.0,0.03204,6284.8,0.0,0.0,0.0045,-27575.0,-0.01539,0.0,0.0,12.0,0.0,0.0,0.0,0.0,0.0,0,0,0,0,WELL-00001_20170201060114.parquet,WELL-00001,0
0.0,1.005459e+07,119.04672,1.5967058e+06,84.095024,1.266798e+07,0.0,1.5681912e+06,0.0,40.375565,0.0,24.088894,1.5187359e+06,0.0,0.0,0.0013255464,200345.0,0.06368513,0.0,0.0,3.540883,0.0,0.0,0.0,0.0,0.0,0.0,1.005459e+07,119.0445,1.209458e+06,83.97694,1.266798e+07,0.0,1.568185e+06,0.0,40.37535,0.0,24.061895,1.406696e+06,0.0,1.005459e+07,119.049,1.988517e+06,84.17062,1.266798e+07,0.0,1.568197e+06,0.0,40.3758,0.0,24.1208,1.620694e+06,0.0,1.005459e+07,119.04675,1.6070245e+06,84.10391,1.266798e+07,0.0,1.568191e+06,0.0,40.37554,0.0,24.08876,1.524985e+06,0.0,0.0,0.0045,779059.0,0.19368,0.0,0.0,12.0,0.0,0.0,0.0,0.03204,6284.8,0.0,0.0,0.0045,-260629.0,-0.18287,0.0,0.0,12.0,0.0,0.0,0.0,0.0,0.0,0,0,0,0,WELL-00001_20170201060114.parquet,WELL-00001,0
0.0,1.005459e+07,119.05127,1.6112331e+06,84.15618,1.266798e+07,0.0,1.5682034e+06,0.0,40.375565,0.0,24.088894,1.5187359e+06,0.0,0.0,0.0013251543,151276.94,0.19923867,0.0,0.0,3.5447104,0.0,0.0,0.0,0.0,0.0,0.0,1.005459e+07,119.049,1.332067e+06,83.91238,1.266798e+07,0.0,1.568197e+06,0.0,40.37535,0.0,24.061895,1.406696e+06,0.0,1.005459e+07,119.0535,1.880736e+06,84.52872,1.266798e+07,0.0,1.568209e+06,0.0,40.3758,0.0,24.1208,1.620694e+06,0.0,1.005459e+07,119.05125,1.561781e+06,84.12467,1.266798e+07,0.0,1.568203e+06,0.0,40.37554,0.0,24.08876,1.524985e+06,0.0,0.0,0.0045,548669.0,0.61634,0.0,0.0,12.0,0.0,0.0,0.0,0.03204,6284.8,0.0,0.0,0.0045,288983.0,0.55608,0.0,0.0,12.0,0.0,0.0,0.0,0.0,0.0,0,0,0,0,WELL-00001_20170201060114.parquet,WELL-00001,0
0.0,1.005459e+07,119.05582,1.5560749e+06,84.43223,1.266798e+07,0.0,1.5682155e+06,0.0,40.375565,0.0,24.088894,1.5187359e+06,0.0,0.0,0.0013224485,129578.86,0.23354533,0.0,0.0,3.5293763,0.0,0.0,0.0,0.0,0.0,0.0,1.005459e+07,119.0536,1.281071e+06,83.97922,1.266798e+07,0.0,1.568209e+06,0.0,40.37535,0.0,24.061895,1.406696e+06,0.0,1.005459e+07,119.0581,1.751978e+06,84.74786,1.266798e+07,0.0,1.568221e+06,0.0,40.3758,0.0,24.1208,1.620694e+06,0.0,1.005459e+07,119.05585,1.559224e+06,84.49456,1.266798e+07,0.0,1.5682155e+06,0.0,40.37554,0.0,24.08876,1.524985e+06,0.0,0.0,0.0045,470907.0,0.76864,0.0,0.0,12.0,0.0,0.0,0.0,0.03204,6284.8,0.0,0.0,0.0045,-43890.0,-0.5632,0.0,0.0,12.0,0.0,0.0,0.0,0.0,0.0,0,0,0,0,WELL-00001_20170201060114.parquet,WELL-00001,0
0.0,1.005459e+07,119.052895,1.5458919e+06,83.857864,1.2668341e+07,0.0,1.5682275e+06,0.0,40.375565,0.0,24.088894,1.5187359e+06,0.0,0.0,0.005437238,97301.375,0.093471885,407.94687,0.0,3.4811842,0.0,0.0,0.0,0.0,0.0,0.0,1.005459e+07,119.0427,1.338939e+06,83.69971,1.266798e+07,0.0,1.568222e+06,0.0,40.37535,0.0,24.061895,1.406696e+06,0.0,1.005459e+07,119.0593,1.666621e+06,84.02828,1.266918e+07,0.0,1.568233e+06,0.0,40.3758,0.0,24.1208,1.620694e+06,0.0,1.005459e+07,119.0538,1.583435e+06,83.85673,1.266817e+07,0.0,1.5682275e+06,0.0,40.37554,0.0,24.08876,1.524985e+06,0.0,0.0,0.0166,327682.0,0.32857,1200.0,0.0,11.0,0.0,0.0,0.0,0.03204,6284.8,0.0,0.0,-0.0154,75643.0,0.06653,1200.0,0.0,11.0,0.0,0.0,0.0,0.0,0.0,0,0,0,0,WELL-00001_20170201060114.parquet,WELL-00001,0
0.0,1.005459e+07,119.0312,1.5749454e+06,84.25605,1.2670233e+07,0.0,1.5682396e+06,0.0,40.375565,0.0,24.088894,1.5187359e+06,0.0,0.0,0.0065780547,67468.92,0.13041706,600.75,0.0,3.5752997,0.0,0.0,0.0,0.0,0.0,0.0,1.005459e+07,119.0201,1.478548e+06,84.03575,1.266922e+07,0.0,1.568234e+06,0.0,40.37535,0.0,24.061895,1.406696e+06,0.0,1.005459e+07,119.0423,1.741128e+06,84.47635,1.267125e+07,0.0,1.568246e+06,0.0,40.3758,0.0,24.1208,1.620694e+06,0.0,1.005459e+07,119.0312,1.5619055e+06,84.25606,1.2670235e+07,0.0,1.5682395e+06,0.0,40.37554,0.0,24.08876,1.524985e+06,0.0,0.0,0.0222,262580.0,0.4406,2030.0,0.0,12.0,0.0,0.0,0.0,0.03204,6284.8,0.0,0.0,-0.0222,54271.0,0.4406,2030.0,0.0,12.0,0.0,0.0,0.0,0.0,0.0,0,0,0,0,WELL-00001_20170201060114.parquet,WELL-00001,0
0.0,1.005459e+07,119.00858,1.6064385e+06,84.47011,1.2672297e+07,0.0,1.5682518e+06,0.0,40.375565,0.0,24.088894,1.5187359e+06,0.0,0.0,0.006579462,166391.7,0.080769666,600.5073,0.0,3.5044765,0.0,0.0,0.0,0.0,0.0,0.0,1.005459e+07,118.9975,1.191374e+06,84.31396,1.267128e+07,0.0,1.568246e+06,0.0,40.37535,0.0,24.061895,1.406696e+06,0.0,1.005459e+07,119.0197,1.794656e+06,84.58836,1.267331e+07,0.0,1.568258e+06,0.0,40.3758,0.0,24.1208,1.620694e+06,0.0,1.005459e+07,119.0086,1.6920535e+06,84.48775,1.2672295e+07,0.0,1.568252e+06,0.0,40.37554,0.0,24.08876,1.524985e+06,0.0,0.0,0.0222,603282.0,0.2744,2030.0,0.0,12.0,0.0,0.0,0.0,0.03204,6284.8,0.0,0.0,-0.0222,-29822.0,-0.16986,2030.0,0.0,12.0,0.0,0.0,0.0,0.0,0.0,0,0,0,0,WELL-00001_20170201060114.parquet,WELL-00001,0
0.0,1.005459e+07,118.98598,1.5936329e+06,84.159584,1.267436e+07,0.0,1.5682639e+06,0.0,40.375565,0.0,24.088894,1.5187359e+06,0.0,0.0,0.0065840236,132159.4,0.07369313,600.8424,0.0,3.5614064,0.0,0.0,0.0,0.0,0.0,0.0,1.005459e+07,118.9749,1.304218e+06,84.05643,1.267335e+07,0.0,1.568258e+06,0.0,40.37535,0.0,24.061895,1.406696e+06,0.0,1.005459e+07,118.9971,1.800443e+06,84.30787,1.267538e+07,0.0,1.56827e+06,0.0,40.3758,0.0,24.1208,1.620694e+06,0.0,1.005459e+07,118.986,1.5901995e+06,84.14233,1.267436e+07,0.0,1.568264e+06,0.0,40.37554,0.0,24.08876,1.524985e+06,0.0,0.0,0.0222,496225.0,0.25144,2030.0,0.0,12.0,0.0,0.0,0.0,0.03204,6284.8,0.0,0.0,-0.0222,-35545.0,-0.25144,2030.0,0.0,12.0,0.0,0.0,0.0,0.0,0.0,0,0,0,0,WELL-00001_20170201060114.parquet,WELL-00001,0
0.0,1.005459e+07,118.96337,1.6098224e+06,83.90019,1.2676424e+07,0.0,1.5682759e+06,0.0,40.375565,0.0,24.088894,1.5187359e+06,0.0,0.0,0.006579122,233267.94,0.12678756,600.6675,0.0,3.5381296,0.0,0.0,0.0,0.0,0.0,0.0,1.005459e+07,118.9523,1.18631e+06,83.65053,1.267541e+07,0.0,1.56827e+06,0.0,40.37535,0.0,24.061895,1.406696e+06,0.0,1.005459e+07,118.9745,1.952349e+06,84.05352,1.267744e+07,0.0,1.568282e+06,0.0,40.3758,0.0,24.1208,1.620694e+06,0.0,1.005459e+07,118.9634,1.6213305e+06,83.93703,1.2676425e+07,0.0,1.568276e+06,0.0,40.37554,0.0,24.08876,1.524985e+06,0.0,0.0,0.0222,766039.0,0.40299,2030.0,0.0,12.0,0.0,0.0,0.0,0.03204,6284.8,0.0,0.0,-0.0222,-322051.0,-0.40299,2030.0,0.0,12.0,0.0,0.0,0.0,0.0,0.0,0,0,0,0,WELL-00001_20170201060114.parquet,WELL-00001,0
0.0,1.005459e+07,118.9504,1.5583059e+06,83.61776,1.2678488e+07,0.0,1.5682881e+06,0.0,40.375565,0.0,24.088894,1.5187359e+06,0.0,0.0,0.0059553413,156131.38,0.16961686,600.4783,0.0,3.5504436,0.0,0.0,0.0,0.0,0.0,0.0,1.005459e+07,118.9421,1.274692e+06,83.38831,1.267747e+07,0.0,1.568282e+06,0.0,40.37535,0.0,24.061895,1.406696e+06,0.0,1.005459e+07,118.9637,1.822144e+06,83.99763,1.26795e+07,0.0,1.568294e+06,0.0,40.3758,0.0,24.1208,1.620694e+06,0.0,1.005459e+07,118.94925,1.550011e+06,83.57774,1.2678485e+07,0.0,1.568288e+06,0.0,40.37554,0.0,24.08876,1.524985e+06,0.0,0.0,0.0216,547452.0,0.60932,2030.0,0.0,12.0,0.0,0.0,0.0,0.03204,6284.8,0.0,0.0,0.0118,424791.0,0.35681,2030.0,0.0,12.0,0.0,0.0,0.0,0.0,0.0,0,0,0,0,WELL-00001_20170201060114.parquet,WELL-00001,0
0.0,1.005459e+07,118.98365,1.5065611e+06,84.10298,1.2680552e+07,0.0,1.5683001e+06,0.0,40.375565,0.0,24.088894,1.5187359e+06,0.0,0.0,0.011436865,238580.2,0.242741,600.8229,0.0,3.516065,0.0,0.0,0.0,0.0,0.0,0.0,1.005459e+07,118.9643,1.18197e+06,83.57944,1.267954e+07,0.0,1.568294e+06,0.0,40.37535,0.0,24.061895,1.406696e+06,0.0,1.005459e+07,119.003,1.882183e+06,84.45924,1.268157e+07,0.0,1.568306e+06,0.0,40.3758,0.0,24.1208,1.620694e+06,0.0,1.005459e+07,118.98365,1.419498e+06,84.13891,1.268055e+07,0.0,1.5683e+06,0.0,40.37554,0.0,24.08876,1.524985e+06,0.0,0.0,0.0387,700213.0,0.8798,2030.0,0.0,12.0,0.0,0.0,0.0,0.03204,6284.8,0.0,0.0,0.0387,-275308.0,-0.43666,2030.0,0.0,12.0,0.0,0.0,0.0,0.0,0.0,0,0,0,0,WELL-00001_20170201060114.parquet,WELL-00001,0
0.0,1.005459e+07,119.02293,1.6262348e+06,83.91461,1.2682616e+07,0.0,1.5683122e+06,0.0,40.375565,0.0,24.088894,1.5187359e+06,0.0,0.0,0.011434535,130260.32,0.3437555,600.4783,0.0,3.540883,0.0,0.0,0.0,0.0,0.0,0.0,1.005459e+07,119.0036,1.337493e+06,83.40349,1.26816e+07,0.0,1.568306e+06,0.0,40.37535,0.0,24.061895,1.406696e+06,0.0,1.005459e+07,119.0422,1.831548e+06,84.48438,1.268363e+07,0.0,1.568318e+06,0.0,40.3758,0.0,24.1208,1.620694e+06,0.0,1.005459e+07,119.02295,1.635393e+06,83.8997,1.2682615e+07,0.0,1.568312e+06,0.0,40.37554,0.0,24.08876,1.524985e+06,0.0,0.0,0.0386,494055.0,1.08089,2030.0,0.0,12.0,0.0,0.0,0.0,0.03204,6284.8,0.0,0.0,0.0386,292646.0,0.93007,2030.0,0.0,12.0,0.0,0.0,0.0,0.0,0.0,0,0,0,0,WELL-00001_20170201060114.parquet,WELL-00001,0
0.0,1.005497e+07,119.0428,1.6771795e+06,84.72927,1.2684679e+07,0.0,1.5683244e+06,0.0,40.375565,0.0,24.088894,1.5187359e+06,0.0,578.4797,0.012573754,189902.12,0.13368101,600.5706,0.0,3.5447104,0.0,0.0,0.0,0.0,0.0,0.0,1.005459e+07,119.015,1.324472e+06,84.49277,1.268366e+07,0.0,1.568318e+06,0.0,40.37535,0.0,24.061895,1.406696e+06,0.0,1.005642e+07,119.0593,1.959582e+06,84.94533,1.268569e+07,0.0,1.56833e+06,0.0,40.3758,0.0,24.1208,1.620694e+06,0.0,1.005459e+07,119.0462,1.617207e+06,84.74,1.268468e+07,0.0,1.568324e+06,0.0,40.37554,0.0,24.08876,1.524985e+06,0.0,1830.0,0.0443,635110.0,0.45256,2030.0,0.0,12.0,0.0,0.0,0.0,0.03204,6284.8,0.0,1830.0,-0.0279,-387359.0,0.27983,2030.0,0.0,12.0,0.0,0.0,0.0,0.0,0.0,0,0,0,0,WELL-00001_20170201060114.parquet,WELL-00001,0
0.0,1.0058752e+07,119.0009,1.5560225e+06,84.118324,1.2686743e+07,0.0,1.5683365e+06,0.0,40.375565,0.0,24.088894,1.5187359e+06,0.0,1334.8706,0.011936186,196788.19,0.24260943,600.7354,0.0,3.5293763,0.0,0.0,0.0,0.0,0.0,0.0,1.00565e+07,118.9811,1.200778e+06,83.8744,1.268573e+07,0.0,1.56833e+06,0.0,40.37535,0.0,24.061895,1.406696e+06,0.0,1.006101e+07,119.0247,1.924861e+06,84.73805,1.268776e+07,0.0,1.568342e+06,0.0,40.3758,0.0,24.1208,1.620694e+06,0.0,1.005875e+07,119.00055,1.5613725e+06,84.020454,1.2686745e+07,0.0,1.5683365e+06,0.0,40.37554,0.0,24.08876,1.524985e+06,0.0,4510.0,0.0436,724083.0,0.86365,2030.0,0.0,12.0,0.0,0.0,0.0,0.03204,6284.8,0.0,4510.0,0.011,387077.0,-0.6689,2030.0,0.0,12.0,0.0,0.0,0.0,0.0,0.0,0,0,0,0,WELL-00001_20170201060114.parquet,WELL-00001,0
0.0,1.0063338e+07,119.05059,1.5304221e+06,84.156,1.267939e+07,0.0,1.5683486e+06,0.0,40.375565,0.0,24.088894,1.5187359e+06,0.0,1334.7444,0.009961752,81107.47,0.040367328,5709.825,0.0,3.5384889,0.0,0.0,0.0,0.0,0.0,0.0,1.006108e+07,119.026,1.401148e+06,84.07487,1.266964e+07,0.0,1.568343e+06,0.0,40.37535,0.0,24.061895,1.406696e+06,0.0,1.006559e+07,119.0593,1.758488e+06,84.22379,1.268793e+07,0.0,1.568355e+06,0.0,40.3758,0.0,24.1208,1.620694e+06,0.0,1.006334e+07,119.05575,1.5118225e+06,84.15642,1.267945e+07,0.0,1.568349e+06,0.0,40.37554,0.0,24.08876,1.524985e+06,0.0,4510.0,0.0333,357340.0,0.14892,18290.0,0.0,12.0,0.0,0.0,0.0,0.03204,6284.8,0.0,4510.0,0.0291,-157758.0,0.02791,-18150.0,0.0,12.0,0.0,0.0,0.0,0.0,0.0,0,0,0,0,WELL-00001_20170201060114.parquet,WELL-00001,0
0.0,1.0067924e+07,119.05121,1.6314838e+06,84.1193,1.2669688e+07,0.0,1.5683608e+06,0.0,40.375565,0.0,24.088894,1.5187359e+06,0.0,1334.8802,0.0022126057,122659.75,0.0878719,1045.062,0.0,3.5044765,0.0,0.0,0.0,0.0,0.0,0.0,1.006567e+07,119.0475,1.486505e+06,84.01111,1.266798e+07,0.0,1.568355e+06,0.0,40.37535,0.0,24.061895,1.406696e+06,0.0,1.007018e+07,119.055,1.955965e+06,84.31065,1.267152e+07,0.0,1.568367e+06,0.0,40.3758,0.0,24.1208,1.620694e+06,0.0,1.0067925e+07,119.0512,1.5945895e+06,84.08812,1.266962e+07,0.0,1.568361e+06,0.0,40.37554,0.0,24.08876,1.524985e+06,0.0,4510.0,0.0075,469460.0,0.29954,3540.0,0.0,12.0,0.0,0.0,0.0,0.03204,6284.8,0.0,4510.0,-0.0075,306113.0,0.21154,2210.0,0.0,12.0,0.0,0.0,0.0,0.0,0.0,0,0,0,0,WELL-00001_20170201060114.parquet,WELL-00001,0
0.0,1.0072473e+07,119.0436,1.5466859e+06,84.513695,1.2673482e+07,0.0,1.5683728e+06,0.0,40.375565,0.0,24.088894,1.5187359e+06,0.0,1283.3615,0.0022160043,135634.75,0.0897379,1123.9414,0.0,3.5588276,0.0,0.0,0.0,0.0,0.0,0.0,1.007026e+07,119.0399,1.252136e+06,84.31921,1.267158e+07,0.0,1.568367e+06,0.0,40.37535,0.0,24.061895,1.406696e+06,0.0,1.007454e+07,119.0473,1.751781e+06,84.61874,1.267538e+07,0.0,1.568379e+06,0.0,40.3758,0.0,24.1208,1.620694e+06,0.0,1.007251e+07,119.0436,1.567442e+06,84.55109,1.267348e+07,0.0,1.568373e+06,0.0,40.37554,0.0,24.08876,1.524985e+06,0.0,4280.0,0.0074,499645.0,0.29953,3800.0,0.0,12.0,0.0,0.0,0.0,0.03204,6284.8,0.0,3390.0,-0.0074,-98632.0,0.22661,3800.0,0.0,12.0,0.0,0.0,0.0,0.0,0.0,0,0,0,0,WELL-00001_20170201060114.parquet,WELL-00001,0
0.0,1.0064707e+07,119.03599,1.6274546e+06,84.47644,1.2677343e+07,0.0,1.5683849e+06,0.0,40.375565,0.0,24.088894,1.5187359e+06,0.0,5123.3877,0.0022162949,101466.61,0.030393,1123.8784,0.0,3.54196,0.0,0.0,0.0,0.0,0.0,0.0,1.005605e+07,119.0322,1.36281e+06,84.43645,1.267544e+07,0.0,1.568379e+06,0.0,40.37535,0.0,24.061895,1.406696e+06,0.0,1.007336e+07,119.0397,1.746914e+06,84.54279,1.267924e+07,0.0,1.568391e+06,0.0,40.3758,0.0,24.1208,1.620694e+06,0.0,1.0064705e+07,119.036,1.642896e+06,84.46801,1.2677345e+07,0.0,1.568385e+06,0.0,40.37554,0.0,24.08876,1.524985e+06,0.0,17310.0,0.0075,384104.0,0.10634,3800.0,0.0,12.0,0.0,0.0,0.0,0.03204,6284.8,0.0,-17310.0,-0.0075,36891.0,-0.06749,3800.0,0.0,12.0,0.0,0.0,0.0,0.0,0.0,0,0,0,0,WELL-00001_20170201060114.parquet,WELL-00001,0
0.0,1.0051222e+07,119.02838,1.7573369e+06,84.44855,1.2681205e+07,0.0,1.568397e+06,0.0,40.375565,0.0,24.088894,1.5187359e+06,0.0,2369.4316,0.002214985,151536.33,0.097053066,1123.9707,0.0,3.5724542,0.0,0.0,0.0,0.0,0.0,0.0,1.004727e+07,119.0246,1.519056e+06,84.19183,1.267931e+07,0.0,1.568391e+06,0.0,40.37535,0.0,24.061895,1.406696e+06,0.0,1.005576e+07,119.0321,2.063746e+06,84.53519,1.26831e+07,0.0,1.568403e+06,0.0,40.3758,0.0,24.1208,1.620694e+06,0.0,1.0051195e+07,119.0284,1.7027895e+06,84.490944,1.2681205e+07,0.0,1.568397e+06,0.0,40.37554,0.0,24.08876,1.524985e+06,0.0,8490.0,0.0075,544690.0,0.34336,3790.0,0.0,12.0,0.0,0.0,0.0,0.03204,6284.8,0.0,-8490.0,-0.0075,-127601.0,-0.28508,3790.0,0.0,12.0,0.0,0.0,0.0,0.0,0.0,0,0,0,0,WELL-00001_20170201060114.parquet,WELL-00001,0
0.0,1.0043215e+07,119.02155,1.4639902e+06,83.84823,1.2685066e+07,0.0,1.5684091e+06,0.0,40.375565,0.0,24.088894,1.5187359e+06,0.0,2322.9944,0.001381042,131729.86,0.148945,1123.6504,0.0,3.516065,0.0,0.0,0.0,0.0,0.0,0.0,1.003929e+07,119.0202,1.232605e+06,83.66933,1.268317e+07,0.0,1.568403e+06,0.0,40.37535,0.0,24.061895,1.406696e+06,0.0,1.004714e+07,119.0245,1.649623e+06,84.1769,1.268696e+07,0.0,1.568415e+06,0.0,40.3758,0.0,24.1208,1.620694e+06,0.0,1.0043215e+07,119.02075,1.477689e+06,83.7918,1.2685065e+07,0.0,1.568409e+06,0.0,40.37554,0.0,24.08876,1.524985e+06,0.0,7850.0,0.0043,417018.0,0.50757,3790.0,0.0,12.0,0.0,0.0,0.0,0.03204,6284.8,0.0,-7850.0,-0.0039,178309.0,-0.36516,3790.0,0.0,12.0,0.0,0.0,0.0,0.0,0.0,0,0,0,0,WELL-00001_20170201060114.parquet,WELL-00001,0
0.0,1.0035235e+07,119.02114,1.8106425e+06,83.91011,1.2682081e+07,0.0,1.5684212e+06,0.0,40.375565,0.0,24.088894,1.5187359e+06,0.0,2322.98,0.0002964193,149168.0,0.058958378,4910.863,0.0,3.5575972,0.0,0.0,0.0,0.0,0.0,0.0,1.003131e+07,119.0206,1.506277e+06,83.80566,1.267297e+07,0.0,1.568415e+06,0.0,40.37535,0.0,24.061895,1.406696e+06,0.0,1.003916e+07,119.0216,2.111488e+06,84.01111,1.268793e+07,0.0,1.568427e+06,0.0,40.3758,0.0,24.1208,1.620694e+06,0.0,1.0035235e+07,119.0211,1.7626905e+06,83.91054,1.2682775e+07,0.0,1.568421e+06,0.0,40.37554,0.0,24.08876,1.524985e+06,0.0,7850.0,0.001,605211.0,0.20545,14960.0,0.0,12.0,0.0,0.0,0.0,0.03204,6284.8,0.0,-7850.0,0.001,-147961.0,-0.01177,-14060.0,0.0,12.0,0.0,0.0,0.0,0.0,0.0,0,0,0,0,WELL-00001_20170201060114.parquet,WELL-00001,0
0.0,1.0027255e+07,119.022156,1.5050259e+06,83.599915,1.2674298e+07,0.0,1.5684332e+06,0.0,40.375565,0.0,24.088894,1.5187359e+06,0.0,2322.9653,0.00029654792,217095.56,0.094133765,4487.706,0.0,3.5044765,0.0,0.0,0.0,0.0,0.0,0.0,1.002333e+07,119.0217,1.203671e+06,83.50983,1.266798e+07,0.0,1.568427e+06,0.0,40.37535,0.0,24.061895,1.406696e+06,0.0,1.003118e+07,119.0227,2.000814e+06,83.79745,1.268294e+07,0.0,1.568439e+06,0.0,40.3758,0.0,24.1208,1.620694e+06,0.0,1.0027255e+07,119.02215,1.465062e+06,83.55503,1.2673135e+07,0.0,1.568433e+06,0.0,40.37554,0.0,24.08876,1.524985e+06,0.0,7850.0,0.001,797143.0,0.28762,14960.0,0.0,12.0,0.0,0.0,0.0,0.03204,6284.8,0.0,-7850.0,0.001,270033.0,-0.26939,10310.0,0.0,12.0,0.0,0.0,0.0,0.0,0.0,0,0,0,0,WELL-00001_20170201060114.parquet,WELL-00001,0
0.0,1.0019275e+07,119.02317,1.6682099e+06,83.53594,1.2690215e+07,0.0,1.5684454e+06,0.0,40.375565,0.0,24.088894,1.5187359e+06,0.0,2322.9653,0.00029863627,173997.0,0.014106456,3360.9675,0.0,3.5520346,0.0,0.0,0.0,0.0,0.0,0.0,1.001535e+07,119.0227,1.286858e+06,83.50026,1.268327e+07,0.0,1.568439e+06,0.0,40.37535,0.0,24.061895,1.406696e+06,0.0,1.00232e+07,119.0237,1.937881e+06,83.5554,1.269541e+07,0.0,1.568451e+06,0.0,40.3758,0.0,24.1208,1.620694e+06,0.0,1.0019275e+07,119.0232,1.6816765e+06,83.538315,1.2690505e+07,0.0,1.568445e+06,0.0,40.37554,0.0,24.08876,1.524985e+06,0.0,7850.0,0.001,651023.0,0.05514,12140.0,0.0,12.0,0.0,0.0,0.0,0.03204,6284.8,0.0,-7850.0,0.001,34359.0,-0.02856,12140.0,0.0,12.0,0.0,0.0,0.0,0.0,0.0,0,0,0,0,WELL-00001_20170201060114.parquet,WELL-00001,0
0.0,1.0017522e+07,119.024185,1.4727062e+06,83.430176,1.2700481e+07,0.0,1.5684575e+06,0.0,40.375565,0.0,24.088894,1.5187359e+06,0.0,1854.0339,0.00029828132,162705.53,0.040129215,2903.1672,0.0,3.5102353,0.0,0.0,0.0,0.0,0.0,0.0,1.001469e+07,119.0237,1.215245e+06,83.36239,1.269558e+07,0.0,1.568452e+06,0.0,40.37535,0.0,24.061895,1.406696e+06,0.0,1.002072e+07,119.0247,1.780912e+06,83.49796,1.270538e+07,0.0,1.568464e+06,0.0,40.3758,0.0,24.1208,1.620694e+06,0.0,1.0017485e+07,119.0242,1.4622e+06,83.43017,1.270048e+07,0.0,1.5684575e+06,0.0,40.37554,0.0,24.08876,1.524985e+06,0.0,6030.0,0.001,565667.0,0.13557,9800.0,0.0,12.0,0.0,0.0,0.0,0.03204,6284.8,0.0,5500.0,0.001,-372807.0,-0.13557,9800.0,0.0,12.0,0.0,0.0,0.0,0.0,0.0,0,0,0,0,WELL-00001_20170201060114.parquet,WELL-00001,0
0.0,1.0024058e+07,119.0252,1.4961622e+06,83.40075,1.270472e+07,0.0,1.5684696e+06,0.0,40.375565,0.0,24.088894,1.5187359e+06,0.0,1914.5188,0.00029915135,151938.7,0.12762469,2243.9673,0.0,3.5502446,0.0,0.0,0.0,0.0,0.0,0.0,1.002083e+07,119.0247,1.120485e+06,83.28197,1.27004e+07,0.0,1.568464e+06,0.0,40.37535,0.0,24.061895,1.406696e+06,0.0,1.002729e+07,119.0257,1.662426e+06,83.72502,1.270788e+07,0.0,1.568476e+06,0.0,40.3758,0.0,24.1208,1.620694e+06,0.0,1.0024055e+07,119.0252,1.5563095e+06,83.34286,1.27053e+07,0.0,1.56847e+06,0.0,40.37554,0.0,24.08876,1.524985e+06,0.0,6460.0,0.001,541941.0,0.44305,7480.0,0.0,12.0,0.0,0.0,0.0,0.03204,6284.8,0.0,6460.0,0.001,431136.0,0.36493,-5150.0,0.0,12.0,0.0,0.0,0.0,0.0,0.0,0,0,0,0,WELL-00001_20170201060114.parquet,WELL-00001,0
0.0,1.0030635e+07,119.026215,1.6221486e+06,84.233635,1.2695328e+07,0.0,1.5684818e+06,0.0,40.375565,0.0,24.088894,1.5187359e+06,0.0,1914.237,0.00029828132,100539.6,0.27068678,2903.4875,0.0,3.5044765,0.0,0.0,0.0,0.0,0.0,0.0,1.00274e+07,119.0257,1.423573e+06,83.74274,1.269042e+07,0.0,1.568476e+06,0.0,40.37535,0.0,24.061895,1.406696e+06,0.0,1.003387e+07,119.0267,1.754871e+06,84.64103,1.270023e+07,0.0,1.568488e+06,0.0,40.3758,0.0,24.1208,1.620694e+06,0.0,1.0030635e+07,119.0262,1.6480675e+06,84.26556,1.2695325e+07,0.0,1.568482e+06,0.0,40.37554,0.0,24.08876,1.524985e+06,0.0,6470.0,0.001,331298.0,0.89829,9810.0,0.0,12.0,0.0,0.0,0.0,0.03204,6284.8,0.0,6470.0,0.001,40837.0,0.89829,-9810.0,0.0,12.0,0.0,0.0,0.0,0.0,0.0,0,0,0,0,WELL-00001_20170201060114.parquet,WELL-00001,0
0.0,1.0030566e+07,119.02723,1.632255e+06,84.89962,1.2689597e+07,0.0,1.5684939e+06,0.0,40.375565,0.0,24.088894,1.5187359e+06,0.0,2810.2925,0.00029863627,132915.39,0.11432182,1016.6817,0.0,3.5371714,0.0,0.0,0.0,0.0,0.0,0.0,1.002568e+07,119.0267,1.391745e+06,84.65285,1.268793e+07,0.0,1.568488e+06,0.0,40.37535,0.0,24.061895,1.406696e+06,0.0,1.003464e+07,119.0277,1.879289e+06,85.06686,1.269152e+07,0.0,1.5685e+06,0.0,40.3758,0.0,24.1208,1.620694e+06,0.0,1.0030665e+07,119.0272,1.63384e+06,84.9168,1.268956e+07,0.0,1.568494e+06,0.0,40.37554,0.0,24.08876,1.524985e+06,0.0,8960.0,0.001,487544.0,0.41401,3590.0,0.0,12.0,0.0,0.0,0.0,0.03204,6284.8,0.0,-8300.0,0.001,-118300.0,0.20743,1260.0,0.0,12.0,0.0,0.0,0.0,0.0,0.0,0,0,0,0,WELL-00001_20170201060114.parquet,WELL-00001,0
0.0,1.002052e+07,119.028244,1.6816785e+06,84.55984,1.2693954e+07,0.0,1.5685059e+06,0.0,40.375565,0.0,24.088894,1.5187359e+06,0.0,2952.653,0.0002976556,201204.19,0.20098457,1392.8186,0.0,3.5381296,0.0,0.0,0.0,0.0,0.0,0.0,1.001553e+07,119.0277,1.234052e+06,84.1619,1.26916e+07,0.0,1.5685e+06,0.0,40.37535,0.0,24.061895,1.406696e+06,0.0,1.002551e+07,119.0287,2.011664e+06,84.85166,1.269631e+07,0.0,1.568512e+06,0.0,40.3758,0.0,24.1208,1.620694e+06,0.0,1.0020515e+07,119.02825,1.684344e+06,84.59773,1.269395e+07,0.0,1.568506e+06,0.0,40.37554,0.0,24.08876,1.524985e+06,0.0,9980.0,0.001,777612.0,0.68976,4710.0,0.0,12.0,0.0,0.0,0.0,0.03204,6284.8,0.0,-9980.0,0.001,-271784.0,-0.68976,4710.0,0.0,12.0,0.0,0.0,0.0,0.0,0.0,0,0,0,0,WELL-00001_20170201060114.parquet,WELL-00001,0
0.0,1.0016095e+07,119.02926,1.4159695e+06,83.76796,1.2698743e+07,0.0,1.5685181e+06,0.0,40.375565,0.0,24.088894,1.5187359e+06,0.0,888.7421,0.0002964193,69649.63,0.17736864,1393.7267,0.0,3.5504436,0.0,0.0,0.0,0.0,0.0,0.0,1.001469e+07,119.0288,1.242009e+06,83.56299,1.269639e+07,0.0,1.568512e+06,0.0,40.37535,0.0,24.061895,1.406696e+06,0.0,1.001764e+07,119.0298,1.515439e+06,84.14571,1.27011e+07,0.0,1.568524e+06,0.0,40.3758,0.0,24.1208,1.620694e+06,0.0,1.0016055e+07,119.0293,1.4306155e+06,83.68674,1.269874e+07,0.0,1.568518e+06,0.0,40.37554,0.0,24.08876,1.524985e+06,0.0,2950.0,0.001,273430.0,0.58272,4710.0,0.0,12.0,0.0,0.0,0.0,0.03204,6284.8,0.0,2280.0,0.001,108978.0,-0.45622,4710.0,0.0,12.0,0.0,0.0,0.0,0.0,0.0,0,0,0,0,WELL-00001_20170201060114.parquet,WELL-00001,0
0.0,1.0019284e+07,119.03027,1.6921156e+06,83.96556,1.270353e+07,0.0,1.5685301e+06,0.0,40.375565,0.0,24.088894,1.5187359e+06,0.0,939.03174,0.00029692872,125301.766,0.2465726,1394.2369,0.0,3.5645382,0.0,0.0,0.0,0.0,0.0,0.0,1.00177e+07,119.0298,1.460858e+06,83.69499,1.270118e+07,0.0,1.568524e+06,0.0,40.37535,0.0,24.061895,1.406696e+06,0.0,1.002087e+07,119.0308,1.97839e+06,84.51945,1.270588e+07,0.0,1.568536e+06,0.0,40.3758,0.0,24.1208,1.620694e+06,0.0,1.0019285e+07,119.0303,1.686514e+06,83.85724,1.270353e+07,0.0,1.56853e+06,0.0,40.37554,0.0,24.08876,1.524985e+06,0.0,3170.0,0.001,517532.0,0.82446,4700.0,0.0,12.0,0.0,0.0,0.0,0.03204,6284.8,0.0,3170.0,0.001,267828.0,0.82446,4700.0,0.0,12.0,0.0,0.0,0.0,0.0,0.0,0,0,0,0,WELL-00001_20170201060114.parquet,WELL-00001,0
0.0,1.002251e+07,119.03129,1.5948796e+06,84.72789,1.2706316e+07,0.0,1.5685422e+06,0.0,40.375565,0.0,24.088894,1.5187359e+06,0.0,939.3424,0.00029828132,111967.49,0.13153881,1072.5171,0.0,3.5323765,0.0,0.0,0.0,0.0,0.0,0.0,1.002092e+07,119.0308,1.35413e+06,84.49682,1.2704e+07,0.0,1.568536e+06,0.0,40.37535,0.0,24.061895,1.406696e+06,0.0,1.00241e+07,119.0318,1.733103e+06,84.95293,1.270788e+07,0.0,1.568548e+06,0.0,40.3758,0.0,24.1208,1.620694e+06,0.0,1.002251e+07,119.0313,1.641722e+06,84.72681,1.270648e+07,0.0,1.568542e+06,0.0,40.37554,0.0,24.08876,1.524985e+06,0.0,3180.0,0.001,378973.0,0.45611,3880.0,0.0,12.0,0.0,0.0,0.0,0.03204,6284.8,0.0,3180.0,0.001,66843.0,-0.04813,-1960.0,0.0,12.0,0.0,0.0,0.0,0.0,0.0,0,0,0,0,WELL-00001_20170201060114.parquet,WELL-00001,0
0.0,1.0025736e+07,119.0323,1.5387914e+06,83.97632,1.270062e+07,0.0,1.5685544e+06,0.0,40.375565,0.0,24.088894,1.5187359e+06,0.0,939.14825,0.00029658605,343255.12,0.3567595,1936.0203,0.0,3.5494888,0.0,0.0,0.0,0.0,0.0,0.0,1.002415e+07,119.0318,1.167503e+06,83.34653,1.269735e+07,0.0,1.568548e+06,0.0,40.37535,0.0,24.061895,1.406696e+06,0.0,1.002732e+07,119.0328,2.219992e+06,84.48621,1.270389e+07,0.0,1.56856e+06,0.0,40.3758,0.0,24.1208,1.620694e+06,0.0,1.0025735e+07,119.0323,1.471314e+06,83.99631,1.270062e+07,0.0,1.568554e+06,0.0,40.37554,0.0,24.08876,1.524985e+06,0.0,3170.0,0.001,1.052489e+06,1.13968,6540.0,0.0,12.0,0.0,0.0,0.0,0.03204,6284.8,0.0,3170.0,0.001,-507754.0,-1.13968,-6540.0,0.0,12.0,0.0,0.0,0.0,0.0,0.0,0,0,0,0,WELL-00001_20170201060114.parquet,WELL-00001,0
0.0,1.0028963e+07,119.03332,1.5177436e+06,83.53249,1.269397e+07,0.0,1.5685665e+06,0.0,40.375565,0.0,24.088894,1.5187359e+06,0.0,939.1386,0.00029352715,134239.84,0.19090798,1936.0299,0.0,3.4811842,0.0,0.0,0.0,0.0,0.0,0.0,1.002738e+07,119.0328,1.241647e+06,83.2364,1.26907e+07,0.0,1.568561e+06,0.0,40.37535,0.0,24.061895,1.406696e+06,0.0,1.003055e+07,119.0338,1.713318e+06,83.86301,1.269724e+07,0.0,1.568572e+06,0.0,40.3758,0.0,24.1208,1.620694e+06,0.0,1.0028965e+07,119.0333,1.550729e+06,83.52692,1.269397e+07,0.0,1.5685665e+06,0.0,40.37554,0.0,24.08876,1.524985e+06,0.0,3170.0,0.001,471671.0,0.62661,6540.0,0.0,11.0,0.0,0.0,0.0,0.03204,6284.8,0.0,3170.0,0.001,471671.0,0.5385,-6540.0,0.0,11.0,0.0,0.0,0.0,0.0,0.0,0,0,0,0,WELL-00001_20170201060114.parquet,WELL-00001,0
0.0,1.0032189e+07,119.03433,1.6686591e+06,84.33992,1.2689159e+07,0.0,1.5685786e+06,0.0,40.375565,0.0,24.088894,1.5187359e+06,0.0,939.36664,0.00029371475,42671.543,0.28566036,727.3375,0.0,3.5384889,0.0,0.0,0.0,0.0,0.0,0.0,1.00306e+07,119.0338,1.617433e+06,83.8744,1.268793e+07,0.0,1.568573e+06,0.0,40.37535,0.0,24.061895,1.406696e+06,0.0,1.003378e+07,119.0348,1.745468e+06,84.82393,1.269059e+07,0.0,1.568585e+06,0.0,40.3758,0.0,24.1208,1.620694e+06,0.0,1.003219e+07,119.0343,1.6626135e+06,84.33908,1.268915e+07,0.0,1.568579e+06,0.0,40.37554,0.0,24.08876,1.524985e+06,0.0,3180.0,0.001,128035.0,0.94953,2660.0,0.0,12.0,0.0,0.0,0.0,0.03204,6284.8,0.0,3180.0,0.001,-37476.0,0.94953,-410.0,0.0,12.0,0.0,0.0,0.0,0.0,0.0,0,0,0,0,WELL-00001_20170201060114.parquet,WELL-00001,0
0.0,1.0031762e+07,119.03535,1.6114026e+06,84.755516,1.2692144e+07,0.0,1.5685908e+06,0.0,40.375565,0.0,24.088894,1.5187359e+06,0.0,2377.5579,0.00029540263,33964.297,0.107266426,1123.7231,0.0,3.5044765,0.0,0.0,0.0,0.0,0.0,0.0,1.002726e+07,119.0348,1.565351e+06,84.56709,1.269025e+07,0.0,1.568585e+06,0.0,40.37535,0.0,24.061895,1.406696e+06,0.0,1.003464e+07,119.0358,1.692456e+06,84.92255,1.269404e+07,0.0,1.568597e+06,0.0,40.3758,0.0,24.1208,1.620694e+06,0.0,1.0032205e+07,119.03535,1.602423e+06,84.76127,1.2692145e+07,0.0,1.568591e+06,0.0,40.37554,0.0,24.08876,1.524985e+06,0.0,7380.0,0.001,127105.0,0.35546,3790.0,0.0,12.0,0.0,0.0,0.0,0.03204,6284.8,0.0,-6570.0,0.001,21231.0,-0.27328,3790.0,0.0,12.0,0.0,0.0,0.0,0.0,0.0,0,0,0,0,WELL-00001_20170201060114.parquet,WELL-00001,0
0.0,1.0022146e+07,119.03636,1.591765e+06,84.21182,1.2696006e+07,0.0,1.5686029e+06,0.0,40.375565,0.0,24.088894,1.5187359e+06,0.0,2927.7405,0.00029812977,208560.77,0.22147454,1123.8978,0.0,3.5677066,0.0,0.0,0.0,0.0,0.0,0.0,1.00172e+07,119.0359,1.245626e+06,83.83506,1.269411e+07,0.0,1.568597e+06,0.0,40.37535,0.0,24.061895,1.406696e+06,0.0,1.002709e+07,119.0369,1.953072e+06,84.5605,1.26979e+07,0.0,1.568609e+06,0.0,40.3758,0.0,24.1208,1.620694e+06,0.0,1.0022145e+07,119.0364,1.551233e+06,84.21339,1.2696005e+07,0.0,1.568603e+06,0.0,40.37554,0.0,24.08876,1.524985e+06,0.0,9890.0,0.001,707446.0,0.72544,3790.0,0.0,12.0,0.0,0.0,0.0,0.03204,6284.8,0.0,-9890.0,0.001,-130789.0,-0.72544,3790.0,0.0,12.0,0.0,0.0,0.0,0.0,0.0,0,0,0,0,WELL-00001_20170201060114.parquet,WELL-00001,0
0.0,1.0014182e+07,119.03738,1.7476871e+06,84.065216,1.2699867e+07,0.0,1.5686149e+06,0.0,40.375565,0.0,24.088894,1.5187359e+06,0.0,1168.3145,0.00030007062,120000.42,0.21792015,1123.8784,0.0,3.516065,0.0,0.0,0.0,0.0,0.0,0.0,1.00126e+07,119.0369,1.577923e+06,83.74529,1.269797e+07,0.0,1.568609e+06,0.0,40.37535,0.0,24.061895,1.406696e+06,0.0,1.001703e+07,119.0379,2.012387e+06,84.44627,1.270177e+07,0.0,1.568621e+06,0.0,40.3758,0.0,24.1208,1.620694e+06,0.0,1.001397e+07,119.0374,1.707821e+06,84.05609,1.2699865e+07,0.0,1.568615e+06,0.0,40.37554,0.0,24.08876,1.524985e+06,0.0,4430.0,0.001,434464.0,0.70098,3800.0,0.0,12.0,0.0,0.0,0.0,0.03204,6284.8,0.0,-4430.0,0.001,328402.0,0.62403,3800.0,0.0,12.0,0.0,0.0,0.0,0.0,0.0,0,0,0,0,WELL-00001_20170201060114.parquet,WELL-00001,0
0.0,1.0011192e+07,119.03839,1.500535e+06,83.96859,1.2703728e+07,0.0,1.568627e+06,0.0,40.375565,0.0,24.088894,1.5187359e+06,0.0,808.15985,0.00029898132,156608.94,0.35264596,1123.9414,0.0,3.6032002,0.0,0.0,0.0,0.0,0.0,0.0,1.000983e+07,119.0379,1.296261e+06,83.44147,1.270183e+07,0.0,1.568621e+06,0.0,40.37535,0.0,24.061895,1.406696e+06,0.0,1.001256e+07,119.0389,1.870971e+06,84.51241,1.270563e+07,0.0,1.568633e+06,0.0,40.3758,0.0,24.1208,1.620694e+06,0.0,1.0011195e+07,119.0384,1.4385495e+06,83.96623,1.270373e+07,0.0,1.568627e+06,0.0,40.37554,0.0,24.08876,1.524985e+06,0.0,2730.0,0.001,574710.0,1.07094,3800.0,0.0,12.0,0.0,0.0,0.0,0.03204,6284.8,0.0,-2730.0,0.001,-434016.0,-0.96234,3800.0,0.0,12.0,0.0,0.0,0.0,0.0,0.0,0,0,0,0,WELL-00001_20170201060114.parquet,WELL-00001,0
0.0,1.0008415e+07,119.039406,1.6489168e+06,83.834236,1.270544e+07,0.0,1.5686391e+06,0.0,40.375565,0.0,24.088894,1.5187359e+06,0.0,808.05786,0.00029742776,107405.6,0.19034475,2294.006,0.0,3.516065,0.0,0.0,0.0,0.0,0.0,0.0,1.000705e+07,119.0389,1.447733e+06,83.50831,1.269957e+07,0.0,1.568633e+06,0.0,40.37535,0.0,24.061895,1.406696e+06,0.0,1.000978e+07,119.0399,1.856142e+06,84.11172,1.270788e+07,0.0,1.568645e+06,0.0,40.3758,0.0,24.1208,1.620694e+06,0.0,1.0008415e+07,119.0394,1.6326235e+06,83.83693,1.2706245e+07,0.0,1.568639e+06,0.0,40.37554,0.0,24.08876,1.524985e+06,0.0,2730.0,0.001,408409.0,0.60341,8310.0,0.0,12.0,0.0,0.0,0.0,0.03204,6284.8,0.0,-2730.0,0.001,106636.0,0.60341,-6120.0,0.0,12.0,0.0,0.0,0.0,0.0,0.0,0,0,0,0,WELL-00001_20170201060114.parquet,WELL-00001,0
0.0,1.0005638e+07,119.04041,1.5579854e+06,84.12449,1.2691677e+07,0.0,1.5686512e+06,0.0,40.375565,0.0,24.088894,1.5187359e+06,0.0,808.61597,0.00029352715,72872.09,0.01024111,3464.858,0.0,3.5575972,0.0,0.0,0.0,0.0,0.0,0.0,1.000427e+07,119.0399,1.338939e+06,84.11209,1.268793e+07,0.0,1.568645e+06,0.0,40.37535,0.0,24.061895,1.406696e+06,0.0,1.0007e+07,119.0409,1.650708e+06,84.16708,1.269923e+07,0.0,1.568657e+06,0.0,40.3758,0.0,24.1208,1.620694e+06,0.0,1.0005635e+07,119.0404,1.575498e+06,84.12311,1.268992e+07,0.0,1.568651e+06,0.0,40.37554,0.0,24.08876,1.524985e+06,0.0,2730.0,0.001,311769.0,0.05499,11300.0,0.0,12.0,0.0,0.0,0.0,0.03204,6284.8,0.0,-2730.0,0.001,78860.0,0.05499,-9220.0,0.0,12.0,0.0,0.0,0.0,0.0,0.0,0,0,0,0,WELL-00001_20170201060114.parquet,WELL-00001,0
0.0,1.0002861e+07,119.041435,1.7368235e+06,84.427605,1.2692543e+07,0.0,1.5686634e+06,0.0,40.375565,0.0,24.088894,1.5187359e+06,0.0,808.2861,0.00029208002,66037.484,0.14718759,1452.088,0.0,3.5246909,0.0,0.0,0.0,0.0,0.0,0.0,1.00015e+07,119.0409,1.608391e+06,84.17568,1.269009e+07,0.0,1.568657e+06,0.0,40.37535,0.0,24.061895,1.406696e+06,0.0,1.000423e+07,119.0419,1.880736e+06,84.64912,1.2695e+07,0.0,1.568669e+06,0.0,40.3758,0.0,24.1208,1.620694e+06,0.0,1.000286e+07,119.0414,1.7257565e+06,84.42962,1.269254e+07,0.0,1.568663e+06,0.0,40.37554,0.0,24.08876,1.524985e+06,0.0,2730.0,0.001,272345.0,0.47344,4910.0,0.0,12.0,0.0,0.0,0.0,0.03204,6284.8,0.0,-2730.0,0.001,98015.0,0.4595,4910.0,0.0,12.0,0.0,0.0,0.0,0.0,0.0,0,0,0,0,WELL-00001_20170201060114.parquet,WELL-00001,0
0.0,1.0000083e+07,119.04245,1.666739e+06,84.52541,1.269753e+07,0.0,1.5686755e+06,0.0,40.375565,0.0,24.088894,1.5187359e+06,0.0,808.3976,0.00029255837,141123.6,0.0683609,1451.6852,0.0,3.5197587,0.0,0.0,0.0,0.0,0.0,0.0,9.998717e+06,119.0419,1.327094e+06,84.3233,1.269508e+07,0.0,1.56867e+06,0.0,40.37535,0.0,24.061895,1.406696e+06,0.0,1.000145e+07,119.0429,1.868439e+06,84.63169,1.269998e+07,0.0,1.568681e+06,0.0,40.3758,0.0,24.1208,1.620694e+06,0.0,1.0000085e+07,119.04245,1.7181115e+06,84.52885,1.269753e+07,0.0,1.5686755e+06,0.0,40.37554,0.0,24.08876,1.524985e+06,0.0,2733.0,0.001,541345.0,0.30839,4900.0,0.0,11.0,0.0,0.0,0.0,0.03204,6284.8,0.0,-2733.0,0.001,-385099.0,-0.30839,4900.0,0.0,11.0,0.0,0.0,0.0,0.0,0.0,0,0,0,0,WELL-00001_20170201060114.parquet,WELL-00001,0
0.0,9.997306e+06,119.043465,1.3670389e+06,83.49931,1.2702518e+07,0.0,1.5686875e+06,0.0,40.375565,0.0,24.088894,1.5187359e+06,0.0,808.3609,0.00029448318,126490.195,0.33709154,1451.4136,0.0,3.4811842,0.0,0.0,0.0,0.0,0.0,0.0,9.99594e+06,119.043,1.113251e+06,83.17918,1.270007e+07,0.0,1.568682e+06,0.0,40.37535,0.0,24.061895,1.406696e+06,0.0,9.998672e+06,119.044,1.601519e+06,84.28559,1.270497e+07,0.0,1.568693e+06,0.0,40.3758,0.0,24.1208,1.620694e+06,0.0,9.997306e+06,119.0435,1.368104e+06,83.32108,1.270252e+07,0.0,1.5686875e+06,0.0,40.37554,0.0,24.08876,1.524985e+06,0.0,2732.0,0.001,488268.0,1.10641,4900.0,0.0,11.0,0.0,0.0,0.0,0.03204,6284.8,0.0,-2732.0,0.001,259324.0,-1.10641,4900.0,0.0,11.0,0.0,0.0,0.0,0.0,0.0,0,0,0,0,WELL-00001_20170201060114.parquet,WELL-00001,0
0.0,9.998231e+06,119.04448,1.6243855e+06,83.345665,1.2705254e+07,0.0,1.5686996e+06,0.0,40.375565,0.0,24.088894,1.5187359e+06,0.0,3549.1086,0.0002987923,131986.4,0.2863296,2224.0227,0.0,3.5447104,0.0,0.0,0.0,0.0,0.0,0.0,9.994737e+06,119.044,1.485781e+06,83.05411,1.269957e+07,0.0,1.568694e+06,0.0,40.37535,0.0,24.061895,1.406696e+06,0.0,1.000586e+07,119.045,1.910394e+06,83.9644,1.270788e+07,0.0,1.568706e+06,0.0,40.3758,0.0,24.1208,1.620694e+06,0.0,9.996209e+06,119.0445,1.5693635e+06,83.18117,1.270588e+07,0.0,1.5687e+06,0.0,40.37554,0.0,24.08876,1.524985e+06,0.0,11123.0,0.001,424613.0,0.91029,8310.0,0.0,12.0,0.0,0.0,0.0,0.03204,6284.8,0.0,9965.0,0.001,307955.0,0.79004,-5480.0,0.0,12.0,0.0,0.0,0.0,0.0,0.0,0,0,0,0,WELL-00001_20170201060114.parquet,WELL-00001,0
0.0,1.0013397e+07,119.04549,1.4700109e+06,84.00243,1.2692127e+07,0.0,1.5687118e+06,0.0,40.375565,0.0,24.088894,1.5187359e+06,0.0,3239.8328,0.0003006772,161797.92,0.07375753,3210.8225,0.0,3.540883,0.0,0.0,0.0,0.0,0.0,0.0,1.000618e+07,119.045,1.149419e+06,83.87212,1.268793e+07,0.0,1.568706e+06,0.0,40.37535,0.0,24.061895,1.406696e+06,0.0,1.001689e+07,119.046,1.825958e+06,84.12505,1.269923e+07,0.0,1.568718e+06,0.0,40.3758,0.0,24.1208,1.620694e+06,0.0,1.001492e+07,119.0455,1.455253e+06,84.00561,1.269125e+07,0.0,1.568712e+06,0.0,40.37554,0.0,24.08876,1.524985e+06,0.0,10710.0,0.001,676539.0,0.25293,11300.0,0.0,12.0,0.0,0.0,0.0,0.03204,6284.8,0.0,10710.0,0.001,-321679.0,-0.11906,-7140.0,0.0,12.0,0.0,0.0,0.0,0.0,0.0,0,0,0,0,WELL-00001_20170201060114.parquet,WELL-00001,0
0.0,1.0018923e+07,119.04651,1.6892799e+06,84.369576,1.2697156e+07,0.0,1.5687239e+06,0.0,40.375565,0.0,24.088894,1.5187359e+06,0.0,1164.785,0.00030077115,87107.4,0.3550146,2903.4487,0.0,3.5371714,0.0,0.0,0.0,0.0,0.0,0.0,1.001695e+07,119.046,1.514337e+06,83.84402,1.269225e+07,0.0,1.568718e+06,0.0,40.37535,0.0,24.061895,1.406696e+06,0.0,1.002089e+07,119.047,1.809847e+06,84.91495,1.270206e+07,0.0,1.56873e+06,0.0,40.3758,0.0,24.1208,1.620694e+06,0.0,1.0018925e+07,119.0465,1.6881455e+06,84.36878,1.2697155e+07,0.0,1.568724e+06,0.0,40.37554,0.0,24.08876,1.524985e+06,0.0,3940.0,0.001,295510.0,1.07093,9810.0,0.0,12.0,0.0,0.0,0.0,0.03204,6284.8,0.0,3940.0,0.001,215458.0,0.9957,9810.0,0.0,12.0,0.0,0.0,0.0,0.0,0.0,0,0,0,0,WELL-00001_20170201060114.parquet,WELL-00001,0
0.0,1.0022926e+07,119.04752,1.4617539e+06,84.46912,1.2704429e+07,0.0,1.568736e+06,0.0,40.375565,0.0,24.088894,1.5187359e+06,0.0,1164.4695,0.00029920327,192646.88,0.22464824,2158.96,0.0,3.5652118,0.0,0.0,0.0,0.0,0.0,0.0,1.002096e+07,119.047,1.140739e+06,84.11366,1.269957e+07,0.0,1.56873e+06,0.0,40.37535,0.0,24.061895,1.406696e+06,0.0,1.002489e+07,119.048,1.798273e+06,84.8502,1.270788e+07,0.0,1.568742e+06,0.0,40.3758,0.0,24.1208,1.620694e+06,0.0,1.0022925e+07,119.0475,1.4365415e+06,84.4682,1.270455e+07,0.0,1.568736e+06,0.0,40.37554,0.0,24.08876,1.524985e+06,0.0,3930.0,0.001,657534.0,0.73654,8310.0,0.0,12.0,0.0,0.0,0.0,0.03204,6284.8,0.0,3930.0,0.001,-387436.0,-0.73654,-2660.0,0.0,12.0,0.0,0.0,0.0,0.0,0.0,0,0,0,0,WELL-00001_20170201060114.parquet,WELL-00001,0
0.0,1.002693e+07,119.04854,1.5811498e+06,84.00279,1.2691659e+07,0.0,1.5687481e+06,0.0,40.375565,0.0,24.088894,1.5187359e+06,0.0,1164.683,0.00029905216,69891.664,0.060504917,3476.7224,0.0,3.516065,0.0,0.0,0.0,0.0,0.0,0.0,1.002496e+07,119.048,1.400425e+06,83.90479,1.268793e+07,0.0,1.568742e+06,0.0,40.37535,0.0,24.061895,1.406696e+06,0.0,1.00289e+07,119.049,1.689769e+06,84.10986,1.269923e+07,0.0,1.568754e+06,0.0,40.3758,0.0,24.1208,1.620694e+06,0.0,1.002693e+07,119.0485,1.584764e+06,83.99783,1.268988e+07,0.0,1.568748e+06,0.0,40.37554,0.0,24.08876,1.524985e+06,0.0,3940.0,0.001,289344.0,0.20507,11300.0,0.0,12.0,0.0,0.0,0.0,0.03204,6284.8,0.0,3940.0,0.001,208890.0,-0.12469,-9310.0,0.0,12.0,0.0,0.0,0.0,0.0,0.0,0,0,0,0,WELL-00001_20170201060114.parquet,WELL-00001,0
0.0,1.0030933e+07,119.049545,1.532731e+06,84.470924,1.2692358e+07,0.0,1.5687601e+06,0.0,40.375565,0.0,24.088894,1.5187359e+06,0.0,1164.9938,0.00029255837,109809.72,0.27368528,1394.1781,0.0,3.5580735,0.0,0.0,0.0,0.0,0.0,0.0,1.002896e+07,119.049,1.302771e+06,84.00124,1.269e+07,0.0,1.568754e+06,0.0,40.37535,0.0,24.061895,1.406696e+06,0.0,1.00329e+07,119.05,1.686152e+06,84.86938,1.269471e+07,0.0,1.568766e+06,0.0,40.3758,0.0,24.1208,1.620694e+06,0.0,1.0030935e+07,119.04955,1.57661e+06,84.4755,1.269236e+07,0.0,1.56876e+06,0.0,40.37554,0.0,24.08876,1.524985e+06,0.0,3940.0,0.001,383381.0,0.86814,4710.0,0.0,12.0,0.0,0.0,0.0,0.03204,6284.8,0.0,3940.0,0.001,19183.0,0.85694,4710.0,0.0,12.0,0.0,0.0,0.0,0.0,0.0,0,0,0,0,WELL-00001_20170201060114.parquet,WELL-00001,0
0.0,1.0031408e+07,119.05057,1.6617749e+06,84.78935,1.2697146e+07,0.0,1.5687722e+06,0.0,40.375565,0.0,24.088894,1.5187359e+06,0.0,3034.6733,0.00029448318,85342.445,0.039963134,1392.9498,0.0,3.5323765,0.0,0.0,0.0,0.0,0.0,0.0,1.002481e+07,119.0501,1.460981e+06,84.71241,1.269479e+07,0.0,1.568766e+06,0.0,40.37535,0.0,24.061895,1.406696e+06,0.0,1.003464e+07,119.0511,1.813464e+06,84.85593,1.26995e+07,0.0,1.568778e+06,0.0,40.3758,0.0,24.1208,1.620694e+06,0.0,1.0033e+07,119.0506,1.66718e+06,84.78982,1.269715e+07,0.0,1.568772e+06,0.0,40.37554,0.0,24.08876,1.524985e+06,0.0,9830.0,0.001,352483.0,0.14352,4710.0,0.0,12.0,0.0,0.0,0.0,0.03204,6284.8,0.0,-8160.0,0.001,-164619.0,-0.14352,4710.0,0.0,12.0,0.0,0.0,0.0,0.0,0.0,0,0,0,0,WELL-00001_20170201060114.parquet,WELL-00001,0
0.0,1.0018446e+07,119.05158,1.6300772e+06,84.555244,1.2701934e+07,0.0,1.5687844e+06,0.0,40.375565,0.0,24.088894,1.5187359e+06,0.0,2748.8535,0.00029790227,107549.78,0.09353559,1392.8964,0.0,3.5515175,0.0,0.0,0.0,0.0,0.0,0.0,1.001469e+07,119.0511,1.387405e+06,84.34318,1.269958e+07,0.0,1.568778e+06,0.0,40.37535,0.0,24.061895,1.406696e+06,0.0,1.002452e+07,119.0521,1.785976e+06,84.70735,1.270429e+07,0.0,1.56879e+06,0.0,40.3758,0.0,24.1208,1.620694e+06,0.0,1.0017845e+07,119.0516,1.64834e+06,84.55797,1.270193e+07,0.0,1.5687845e+06,0.0,40.37554,0.0,24.08876,1.524985e+06,0.0,9830.0,0.001,398571.0,0.36417,4710.0,0.0,12.0,0.0,0.0,0.0,0.03204,6284.8,0.0,-5710.0,0.001,308034.0,-0.36417,4710.0,0.0,12.0,0.0,0.0,0.0,0.0,0.0,0,0,0,0,WELL-00001_20170201060114.parquet,WELL-00001,0
0.0,1.0023837e+07,119.0526,1.450907e+06,83.73347,1.2705897e+07,0.0,1.5687965e+06,0.0,40.375565,0.0,24.088894,1.5187359e+06,0.0,2879.4917,0.0002999576,243306.22,0.31763646,1224.0642,0.0,3.4811842,0.0,0.0,0.0,0.0,0.0,0.0,1.001897e+07,119.0521,1.0807e+06,83.35793,1.270289e+07,0.0,1.568791e+06,0.0,40.37535,0.0,24.061895,1.406696e+06,0.0,1.00287e+07,119.0531,1.899543e+06,84.32175,1.270788e+07,0.0,1.568802e+06,0.0,40.3758,0.0,24.1208,1.620694e+06,0.0,1.0023835e+07,119.0526,1.4033115e+06,83.68991,1.270592e+07,0.0,1.5687965e+06,0.0,40.37554,0.0,24.08876,1.524985e+06,0.0,9730.0,0.001,818843.0,0.96382,4990.0,0.0,11.0,0.0,0.0,0.0,0.03204,6284.8,0.0,9730.0,0.001,-342193.0,-0.91522,-1480.0,0.0,11.0,0.0,0.0,0.0,0.0,0.0,0,0,0,0,WELL-00001_20170201060114.parquet,WELL-00001,0
0.0,1.0032906e+07,119.05361,1.5739285e+06,83.51628,1.269408e+07,0.0,1.5688086e+06,0.0,40.375565,0.0,24.088894,1.5187359e+06,0.0,1956.7328,0.00029874974,74554.734,0.06861843,4345.105,0.0,3.5358934,0.0,0.0,0.0,0.0,0.0,0.0,1.002887e+07,119.0531,1.443031e+06,83.41,1.268793e+07,0.0,1.568803e+06,0.0,40.37535,0.0,24.061895,1.406696e+06,0.0,1.003464e+07,119.0541,1.707853e+06,83.7073,1.270256e+07,0.0,1.568815e+06,0.0,40.3758,0.0,24.1208,1.620694e+06,0.0,1.003373e+07,119.0536,1.5808815e+06,83.512436,1.269292e+07,0.0,1.5688085e+06,0.0,40.37554,0.0,24.08876,1.524985e+06,0.0,5770.0,0.001,264822.0,0.2973,14630.0,0.0,12.0,0.0,0.0,0.0,0.03204,6284.8,0.0,5770.0,0.001,176648.0,0.2973,-9640.0,0.0,12.0,0.0,0.0,0.0,0.0,0.0,0,0,0,0,WELL-00001_20170201060114.parquet,WELL-00001,0
0.0,1.003464e+07,119.05463,1.6794339e+06,84.32442,1.2701728e+07,0.0,1.5688208e+06,0.0,40.375565,0.0,24.088894,1.5187359e+06,0.0,0.0,0.0002987923,159568.86,0.27086738,4345.0596,0.0,3.5044765,0.0,0.0,0.0,0.0,0.0,0.0,1.003464e+07,119.0541,1.253583e+06,83.73389,1.269325e+07,0.0,1.568815e+06,0.0,40.37535,0.0,24.061895,1.406696e+06,0.0,1.003464e+07,119.0551,1.927031e+06,84.66431,1.270788e+07,0.0,1.568827e+06,0.0,40.3758,0.0,24.1208,1.620694e+06,0.0,1.003464e+07,119.0546,1.687497e+06,84.41518,1.270289e+07,0.0,1.568821e+06,0.0,40.37554,0.0,24.08876,1.524985e+06,0.0,0.0,0.001,673448.0,0.93042,14630.0,0.0,12.0,0.0,0.0,0.0,0.03204,6284.8,0.0,0.0,0.001,-371540.0,0.63876,9640.0,0.0,12.0,0.0,0.0,0.0,0.0,0.0,0,0,0,0,WELL-00001_20170201060114.parquet,WELL-00001,0
0.0,1.003464e+07,119.05563,1.5302982e+06,84.09495,1.2693544e+07,0.0,1.5688328e+06,0.0,40.375565,0.0,24.088894,1.5187359e+06,0.0,0.0,0.00029628587,175401.75,0.12164663,4801.983,0.0,3.5833893,0.0,0.0,0.0,0.0,0.0,0.0,1.003464e+07,119.0551,1.147249e+06,83.93517,1.268793e+07,0.0,1.568827e+06,0.0,40.37535,0.0,24.061895,1.406696e+06,0.0,1.003464e+07,119.0561,1.777295e+06,84.3605,1.270256e+07,0.0,1.568839e+06,0.0,40.3758,0.0,24.1208,1.620694e+06,0.0,1.003464e+07,119.0556,1.55611e+06,84.06068,1.269275e+07,0.0,1.568833e+06,0.0,40.37554,0.0,24.08876,1.524985e+06,0.0,0.0,0.001,630046.0,0.42533,14630.0,0.0,12.0,0.0,0.0,0.0,0.03204,6284.8,0.0,0.0,0.001,385840.0,-0.27085,-13670.0,0.0,12.0,0.0,0.0,0.0,0.0,0.0,0,0,0,0,WELL-00001_20170201060114.parquet,WELL-00001,0
0.0,1.003464e+07,119.056656,1.6368854e+06,84.22832,1.2690858e+07,0.0,1.5688449e+06,0.0,40.375565,0.0,24.088894,1.5187359e+06,0.0,0.0,0.00029485225,73174.125,0.06031142,1123.8639,0.0,3.5429168,0.0,0.0,0.0,0.0,0.0,0.0,1.003464e+07,119.0562,1.427189e+06,84.09608,1.268896e+07,0.0,1.568839e+06,0.0,40.37535,0.0,24.061895,1.406696e+06,0.0,1.003464e+07,119.0572,1.728107e+06,84.31493,1.269276e+07,0.0,1.568851e+06,0.0,40.3758,0.0,24.1208,1.620694e+06,0.0,1.003464e+07,119.05665,1.6514575e+06,84.23846,1.269086e+07,0.0,1.568845e+06,0.0,40.37554,0.0,24.08876,1.524985e+06,0.0,0.0,0.001,300918.0,0.21885,3800.0,0.0,12.0,0.0,0.0,0.0,0.03204,6284.8,0.0,0.0,0.001,126732.0,0.11371,3800.0,0.0,12.0,0.0,0.0,0.0,0.0,0.0,0,0,0,0,WELL-00001_20170201060114.parquet,WELL-00001,0
0.0,1.003464e+07,119.05767,1.5493166e+06,84.08151,1.2694719e+07,0.0,1.568857e+06,0.0,40.375565,0.0,24.088894,1.5187359e+06,0.0,0.0,0.00029486662,143655.7,0.07344826,1124.3054,0.0,3.56739,0.0,0.0,0.0,0.0,0.0,0.0,1.003464e+07,119.0572,1.25937e+06,83.95745,1.269282e+07,0.0,1.568851e+06,0.0,40.37535,0.0,24.061895,1.406696e+06,0.0,1.003464e+07,119.0582,1.755595e+06,84.20558,1.269662e+07,0.0,1.568863e+06,0.0,40.3758,0.0,24.1208,1.620694e+06,0.0,1.003464e+07,119.0577,1.5809455e+06,84.08151,1.269472e+07,0.0,1.568857e+06,0.0,40.37554,0.0,24.08876,1.524985e+06,0.0,0.0,0.001,496225.0,0.24813,3800.0,0.0,12.0,0.0,0.0,0.0,0.03204,6284.8,0.0,0.0,0.001,-305837.0,-0.24813,3800.0,0.0,12.0,0.0,0.0,0.0,0.0,0.0,0,0,0,0,WELL-00001_20170201060114.parquet,WELL-00001,0
0.0,1.003464e+07,119.058685,1.5601361e+06,83.86033,1.269858e+07,0.0,1.5688691e+06,0.0,40.375565,0.0,24.088894,1.5187359e+06,0.0,0.0,0.00029544087,154537.22,0.04258631,1123.8494,0.0,3.5371714,0.0,0.0,0.0,0.0,0.0,0.0,1.003464e+07,119.0582,1.154483e+06,83.80605,1.269668e+07,0.0,1.568863e+06,0.0,40.37535,0.0,24.061895,1.406696e+06,0.0,1.003464e+07,119.0592,1.769339e+06,83.95324,1.270048e+07,0.0,1.568875e+06,0.0,40.3758,0.0,24.1208,1.620694e+06,0.0,1.003464e+07,119.0587,1.577629e+06,83.84733,1.269858e+07,0.0,1.568869e+06,0.0,40.37554,0.0,24.08876,1.524985e+06,0.0,0.0,0.001,614856.0,0.14719,3800.0,0.0,12.0,0.0,0.0,0.0,0.03204,6284.8,0.0,0.0,0.001,-124579.0,-0.09859,3800.0,0.0,12.0,0.0,0.0,0.0,0.0,0.0,0,0,0,0,WELL-00001_20170201060114.parquet,WELL-00001,0
0.0,1.003464e+07,119.05848,1.5312151e+06,83.94681,1.2702441e+07,0.0,1.5688812e+06,0.0,40.375565,0.0,24.088894,1.5187359e+06,0.0,0.0,0.000520875,44997.5,0.078174986,1123.7668,0.0,3.527575,0.0,0.0,0.0,0.0,0.0,0.0,1.003464e+07,119.0576,1.355014e+06,83.85668,1.270054e+07,0.0,1.568875e+06,0.0,40.37535,0.0,24.061895,1.406696e+06,0.0,1.003464e+07,119.0593,1.584882e+06,84.12201,1.270434e+07,0.0,1.568887e+06,0.0,40.3758,0.0,24.1208,1.620694e+06,0.0,1.003464e+07,119.0585,1.5329805e+06,83.91643,1.270244e+07,0.0,1.568881e+06,0.0,40.37554,0.0,24.08876,1.524985e+06,0.0,0.0,0.0017,229868.0,0.26533,3800.0,0.0,12.0,0.0,0.0,0.0,0.03204,6284.8,0.0,0.0,-0.0016,184296.0,0.26533,3800.0,0.0,12.0,0.0,0.0,0.0,0.0,0.0,0,0,0,0,WELL-00001_20170201060114.parquet,WELL-00001,0
0.0,1.003464e+07,119.056656,1.5859986e+06,84.2932,1.2706203e+07,0.0,1.5688932e+06,0.0,40.375565,0.0,24.088894,1.5187359e+06,0.0,0.0,0.00053468405,161280.83,0.07740781,1016.98175,0.0,3.5044765,0.0,0.0,0.0,0.0,0.0,0.0,1.003464e+07,119.0558,1.403318e+06,84.13011,1.27044e+07,0.0,1.568887e+06,0.0,40.37535,0.0,24.061895,1.406696e+06,0.0,1.003464e+07,119.0576,1.895927e+06,84.41367,1.270788e+07,0.0,1.568899e+06,0.0,40.3758,0.0,24.1208,1.620694e+06,0.0,1.003464e+07,119.05665,1.524662e+06,84.30031,1.2706245e+07,0.0,1.568893e+06,0.0,40.37554,0.0,24.08876,1.524985e+06,0.0,0.0,0.0018,492609.0,0.28356,3480.0,0.0,12.0,0.0,0.0,0.0,0.03204,6284.8,0.0,0.0,-0.0018,-57113.0,0.11363,1820.0,0.0,12.0,0.0,0.0,0.0,0.0,0.0,0,0,0,0,WELL-00001_20170201060114.parquet,WELL-00001,0
0.0,1.003464e+07,119.054825,1.5620702e+06,84.0447,1.26962e+07,0.0,1.5689055e+06,0.0,40.375565,0.0,24.088894,1.5187359e+06,0.0,0.0,0.00053166406,106618.3,0.10332589,5617.744,0.0,3.5197587,0.0,0.0,0.0,0.0,0.0,0.0,1.003464e+07,119.0539,1.336046e+06,83.89697,1.268793e+07,0.0,1.5689e+06,0.0,40.37535,0.0,24.061895,1.406696e+06,0.0,1.003464e+07,119.0557,1.738957e+06,84.23666,1.270588e+07,0.0,1.568911e+06,0.0,40.3758,0.0,24.1208,1.620694e+06,0.0,1.003464e+07,119.0548,1.555191e+06,84.02779,1.2696075e+07,0.0,1.5689055e+06,0.0,40.37554,0.0,24.08876,1.524985e+06,0.0,0.0,0.0018,402911.0,0.33969,17950.0,0.0,11.0,0.0,0.0,0.0,0.03204,6284.8,0.0,0.0,-0.0018,-116934.0,-0.33969,-17120.0,0.0,11.0,0.0,0.0,0.0,0.0,0.0,0,0,0,0,WELL-00001_20170201060114.parquet,WELL-00001,0
0.0,1.003464e+07,119.053,1.5209768e+06,83.810875,1.2693831e+07,0.0,1.5689175e+06,0.0,40.375565,0.0,24.088894,1.5187359e+06,0.0,0.0,0.0005321818,61953.324,0.05725155,2903.4536,0.0,3.5243704,0.0,0.0,0.0,0.0,0.0,0.0,1.003464e+07,119.0521,1.387404e+06,83.7149,1.268893e+07,0.0,1.568912e+06,0.0,40.37535,0.0,24.061895,1.406696e+06,0.0,1.003464e+07,119.0539,1.652154e+06,83.93643,1.269874e+07,0.0,1.568923e+06,0.0,40.3758,0.0,24.1208,1.620694e+06,0.0,1.003464e+07,119.053,1.5177865e+06,83.80987,1.269383e+07,0.0,1.5689175e+06,0.0,40.37554,0.0,24.08876,1.524985e+06,0.0,0.0,0.0018,264750.0,0.22153,9810.0,0.0,11.0,0.0,0.0,0.0,0.03204,6284.8,0.0,0.0,-0.0018,154301.0,0.04342,9810.0,0.0,11.0,0.0,0.0,0.0,0.0,0.0,0,0,0,0,WELL-00001_20170201060114.parquet,WELL-00001,0
0.0,1.003411e+07,119.05117,1.6358076e+06,84.39549,1.2703681e+07,0.0,1.5689298e+06,0.0,40.375565,0.0,24.088894,1.5187359e+06,0.0,803.18005,0.0005324392,55479.49,0.24462676,2730.9578,0.0,3.5044765,0.0,0.0,0.0,0.0,0.0,0.0,1.00321e+07,119.0503,1.545596e+06,83.95226,1.26989e+07,0.0,1.568924e+06,0.0,40.37535,0.0,24.061895,1.406696e+06,0.0,1.003464e+07,119.0521,1.721597e+06,84.69743,1.270788e+07,0.0,1.568936e+06,0.0,40.3758,0.0,24.1208,1.620694e+06,0.0,1.003464e+07,119.0512,1.613158e+06,84.419044,1.2703805e+07,0.0,1.56893e+06,0.0,40.37554,0.0,24.08876,1.524985e+06,0.0,2540.0,0.0018,176001.0,0.74517,8980.0,0.0,12.0,0.0,0.0,0.0,0.03204,6284.8,0.0,-2540.0,-0.0018,49792.0,0.74517,7320.0,0.0,12.0,0.0,0.0,0.0,0.0,0.0,0,0,0,0,WELL-00001_20170201060114.parquet,WELL-00001,0
0.0,1.0028884e+07,119.04934,1.5712714e+06,84.760635,1.2696241e+07,0.0,1.5689418e+06,0.0,40.375565,0.0,24.088894,1.5187359e+06,0.0,1843.735,0.0005326912,24800.246,0.031795003,5562.06,0.0,3.581339,0.0,0.0,0.0,0.0,0.0,0.0,1.002577e+07,119.0484,1.533523e+06,84.69979,1.268793e+07,0.0,1.568936e+06,0.0,40.37535,0.0,24.061895,1.406696e+06,0.0,1.0032e+07,119.0502,1.639857e+06,84.80862,1.270588e+07,0.0,1.568948e+06,0.0,40.3758,0.0,24.1208,1.620694e+06,0.0,1.0028885e+07,119.04935,1.569721e+06,84.76612,1.2696075e+07,0.0,1.568942e+06,0.0,40.37554,0.0,24.08876,1.524985e+06,0.0,6230.0,0.0018,106334.0,0.10883,17950.0,0.0,12.0,0.0,0.0,0.0,0.03204,6284.8,0.0,-6230.0,-0.0018,-10275.0,0.06287,-16290.0,0.0,12.0,0.0,0.0,0.0,0.0,0.0,0,0,0,0,WELL-00001_20170201060114.parquet,WELL-00001,0
0.0,1.002255e+07,119.04751,1.6197812e+06,84.66442,1.2699566e+07,0.0,1.5689539e+06,0.0,40.375565,0.0,24.088894,1.5187359e+06,0.0,1843.3711,0.00053402584,60783.094,0.04988764,5562.2524,0.0,3.516065,0.0,0.0,0.0,0.0,0.0,0.0,1.001944e+07,119.0466,1.527736e+06,84.60355,1.268992e+07,0.0,1.568948e+06,0.0,40.37535,0.0,24.061895,1.406696e+06,0.0,1.002566e+07,119.0484,1.746191e+06,84.75912,1.270788e+07,0.0,1.56896e+06,0.0,40.3758,0.0,24.1208,1.620694e+06,0.0,1.002255e+07,119.0475,1.6147765e+06,84.65482,1.2699735e+07,0.0,1.568954e+06,0.0,40.37554,0.0,24.08876,1.524985e+06,0.0,6220.0,0.0018,218455.0,0.15557,17960.0,0.0,12.0,0.0,0.0,0.0,0.03204,6284.8,0.0,-6220.0,-0.0018,112913.0,-0.13658,16300.0,0.0,12.0,0.0,0.0,0.0,0.0,0.0,0,0,0,0,WELL-00001_20170201060114.parquet,WELL-00001,0
0.0,1.0016429e+07,119.04568,1.5942036e+06,84.656876,1.2696241e+07,0.0,1.568966e+06,0.0,40.375565,0.0,24.088894,1.5187359e+06,0.0,1567.998,0.00053364487,150860.53,0.017113358,5562.06,0.0,3.56739,0.0,0.0,0.0,0.0,0.0,0.0,1.001469e+07,119.0448,1.368597e+06,84.6238,1.268793e+07,0.0,1.56896e+06,0.0,40.37535,0.0,24.061895,1.406696e+06,0.0,1.001933e+07,119.0466,1.854695e+06,84.6795,1.270588e+07,0.0,1.568972e+06,0.0,40.3758,0.0,24.1208,1.620694e+06,0.0,1.0016215e+07,119.0457,1.5909535e+06,84.66115,1.2696075e+07,0.0,1.568966e+06,0.0,40.37554,0.0,24.08876,1.524985e+06,0.0,4640.0,0.0018,486098.0,0.0557,17950.0,0.0,12.0,0.0,0.0,0.0,0.03204,6284.8,0.0,-4640.0,-0.0018,-20771.0,0.04263,-16290.0,0.0,12.0,0.0,0.0,0.0,0.0,0.0,0,0,0,0,WELL-00001_20170201060114.parquet,WELL-00001,0
0.0,1.001469e+07,119.04385,1.5884986e+06,84.61545,1.2699608e+07,0.0,1.5689781e+06,0.0,40.375565,0.0,24.088894,1.5187359e+06,0.0,0.0,0.0005299398,173170.0,0.06369938,5617.9536,0.0,3.516065,0.0,0.0,0.0,0.0,0.0,0.0,1.001469e+07,119.043,1.220308e+06,84.41898,1.268992e+07,0.0,1.568972e+06,0.0,40.37535,0.0,24.061895,1.406696e+06,0.0,1.001469e+07,119.0447,1.823591e+06,84.66556,1.270788e+07,0.0,1.568984e+06,0.0,40.3758,0.0,24.1208,1.620694e+06,0.0,1.001469e+07,119.04385,1.6076675e+06,84.63983,1.2699735e+07,0.0,1.568978e+06,0.0,40.37554,0.0,24.08876,1.524985e+06,0.0,0.0,0.0017,603283.0,0.24658,17960.0,0.0,12.0,0.0,0.0,0.0,0.03204,6284.8,0.0,0.0,-0.0017,-42196.0,-0.24658,17130.0,0.0,12.0,0.0,0.0,0.0,0.0,0.0,0,0,0,0,WELL-00001_20170201060114.parquet,WELL-00001,0
0.0,1.001469e+07,119.04202,1.6707175e+06,83.97596,1.2701977e+07,0.0,1.5689902e+06,0.0,40.375565,0.0,24.088894,1.5187359e+06,0.0,0.0,0.00053364487,139049.56,0.24627803,2903.2886,0.0,3.565806,0.0,0.0,0.0,0.0,0.0,0.0,1.001469e+07,119.0411,1.337493e+06,83.59998,1.269707e+07,0.0,1.568984e+06,0.0,40.37535,0.0,24.061895,1.406696e+06,0.0,1.001469e+07,119.0429,1.881459e+06,84.40417,1.270688e+07,0.0,1.568996e+06,0.0,40.3758,0.0,24.1208,1.620694e+06,0.0,1.001469e+07,119.042,1.68663e+06,83.967255,1.2701975e+07,0.0,1.56899e+06,0.0,40.37554,0.0,24.08876,1.524985e+06,0.0,0.0,0.0018,543966.0,0.80419,9810.0,0.0,12.0,0.0,0.0,0.0,0.03204,6284.8,0.0,0.0,-0.0018,30549.0,-0.80419,-9810.0,0.0,12.0,0.0,0.0,0.0,0.0,0.0,0,0,0,0,WELL-00001_20170201060114.parquet,WELL-00001,0
0.0,1.001469e+07,119.04019,1.3989856e+06,83.35742,1.269207e+07,0.0,1.5690022e+06,0.0,40.375565,0.0,24.088894,1.5187359e+06,0.0,0.0,0.00053402584,184523.84,0.12947118,2801.6704,0.0,3.5044765,0.0,0.0,0.0,0.0,0.0,0.0,1.001469e+07,119.0393,1.006917e+06,83.13766,1.268793e+07,0.0,1.568996e+06,0.0,40.37535,0.0,24.061895,1.406696e+06,0.0,1.001469e+07,119.0411,1.693834e+06,83.59014,1.269691e+07,0.0,1.569008e+06,0.0,40.3758,0.0,24.1208,1.620694e+06,0.0,1.001469e+07,119.0402,1.431779e+06,83.35803,1.2692005e+07,0.0,1.569002e+06,0.0,40.37554,0.0,24.08876,1.524985e+06,0.0,0.0,0.0018,686917.0,0.45248,8980.0,0.0,12.0,0.0,0.0,0.0,0.03204,6284.8,0.0,0.0,-0.0018,75316.0,-0.0879,-8460.0,0.0,12.0,0.0,0.0,0.0,0.0,0.0,0,0,0,0,WELL-00001_20170201060114.parquet,WELL-00001,0
0.0,1.001469e+07,119.03836,1.6475489e+06,84.10047,1.2691655e+07,0.0,1.5690144e+06,0.0,40.375565,0.0,24.088894,1.5187359e+06,0.0,0.0,0.0005326912,180577.05,0.23928717,1833.675,0.0,3.5762477,0.0,0.0,0.0,0.0,0.0,0.0,1.001469e+07,119.0375,1.317239e+06,83.53028,1.268856e+07,0.0,1.569008e+06,0.0,40.37535,0.0,24.061895,1.406696e+06,0.0,1.001469e+07,119.0393,1.966092e+06,84.30335,1.269475e+07,0.0,1.56902e+06,0.0,40.3758,0.0,24.1208,1.620694e+06,0.0,1.001469e+07,119.03835,1.6033795e+06,84.24091,1.2691655e+07,0.0,1.5690145e+06,0.0,40.37554,0.0,24.08876,1.524985e+06,0.0,0.0,0.0018,648853.0,0.77307,6190.0,0.0,12.0,0.0,0.0,0.0,0.03204,6284.8,0.0,0.0,-0.0018,-98584.0,0.77307,6190.0,0.0,12.0,0.0,0.0,0.0,0.0,0.0,0,0,0,0,WELL-00001_20170201060114.parquet,WELL-00001,0
0.0,1.001469e+07,119.03653,1.5269272e+06,84.259964,1.2697955e+07,0.0,1.5690265e+06,0.0,40.375565,0.0,24.088894,1.5187359e+06,0.0,0.0,0.0005314169,228381.52,0.095233455,1833.675,0.0,3.4811842,0.0,0.0,0.0,0.0,0.0,0.0,1.001469e+07,119.0356,1.134952e+06,84.04936,1.269486e+07,0.0,1.569021e+06,0.0,40.37535,0.0,24.061895,1.406696e+06,0.0,1.001469e+07,119.0374,1.981283e+06,84.3605,1.270105e+07,0.0,1.569032e+06,0.0,40.3758,0.0,24.1208,1.620694e+06,0.0,1.001469e+07,119.0365,1.459831e+06,84.30865,1.2697955e+07,0.0,1.5690265e+06,0.0,40.37554,0.0,24.08876,1.524985e+06,0.0,0.0,0.0018,846331.0,0.31114,6190.0,0.0,11.0,0.0,0.0,0.0,0.03204,6284.8,0.0,0.0,-0.0018,-145792.0,-0.25611,6190.0,0.0,11.0,0.0,0.0,0.0,0.0,0.0,0,0,0,0,WELL-00001_20170201060114.parquet,WELL-00001,0
0.0,1.001469e+07,119.0347,1.6222459e+06,84.02295,1.2704255e+07,0.0,1.5690386e+06,0.0,40.375565,0.0,24.088894,1.5187359e+06,0.0,0.0,0.0005312255,141218.02,0.1520098,1833.675,0.0,3.5604546,0.0,0.0,0.0,0.0,0.0,0.0,1.001469e+07,119.0338,1.288304e+06,83.81364,1.270116e+07,0.0,1.569033e+06,0.0,40.37535,0.0,24.061895,1.406696e+06,0.0,1.001469e+07,119.0356,1.850355e+06,84.35417,1.270735e+07,0.0,1.569045e+06,0.0,40.3758,0.0,24.1208,1.620694e+06,0.0,1.001469e+07,119.0347,1.6313575e+06,83.98816,1.2704255e+07,0.0,1.5690385e+06,0.0,40.37554,0.0,24.08876,1.524985e+06,0.0,0.0,0.0018,562051.0,0.54053,6190.0,0.0,12.0,0.0,0.0,0.0,0.03204,6284.8,0.0,0.0,-0.0018,226293.0,0.31424,6190.0,0.0,12.0,0.0,0.0,0.0,0.0,0.0,0,0,0,0,WELL-00001_20170201060114.parquet,WELL-00001,0
0.0,1.001469e+07,119.032875,1.4861306e+06,84.319214,1.2699327e+07,0.0,1.5690508e+06,0.0,40.375565,0.0,24.088894,1.5187359e+06,0.0,0.0,0.00053413166,117361.58,0.32770836,5692.624,0.0,3.5504436,0.0,0.0,0.0,0.0,0.0,0.0,1.001469e+07,119.032,1.249966e+06,83.67693,1.268959e+07,0.0,1.569045e+06,0.0,40.37535,0.0,24.061895,1.406696e+06,0.0,1.001469e+07,119.0338,1.685778e+06,84.74026,1.270788e+07,0.0,1.569057e+06,0.0,40.3758,0.0,24.1208,1.620694e+06,0.0,1.001469e+07,119.0329,1.5047385e+06,84.42367,1.26994e+07,0.0,1.569051e+06,0.0,40.37554,0.0,24.08876,1.524985e+06,0.0,0.0,0.0018,435812.0,1.06333,18290.0,0.0,12.0,0.0,0.0,0.0,0.03204,6284.8,0.0,0.0,-0.0018,-45896.0,-0.64004,-17870.0,0.0,12.0,0.0,0.0,0.0,0.0,0.0,0,0,0,0,WELL-00001_20170201060114.parquet,WELL-00001,0
0.0,1.001469e+07,119.031044,1.7228575e+06,84.25747,1.2690829e+07,0.0,1.5690629e+06,0.0,40.375565,0.0,24.088894,1.5187359e+06,0.0,0.0,0.00053468405,103338.05,0.2954973,1834.6365,0.0,3.5580735,0.0,0.0,0.0,0.0,0.0,0.0,1.001469e+07,119.0301,1.507482e+06,83.74712,1.268793e+07,0.0,1.569057e+06,0.0,40.37535,0.0,24.061895,1.406696e+06,0.0,1.001469e+07,119.0319,1.888693e+06,84.69469,1.269403e+07,0.0,1.569069e+06,0.0,40.3758,0.0,24.1208,1.620694e+06,0.0,1.001469e+07,119.03105,1.7252135e+06,84.26477,1.2690755e+07,0.0,1.569063e+06,0.0,40.37554,0.0,24.08876,1.524985e+06,0.0,0.0,0.0018,381211.0,0.94757,6100.0,0.0,12.0,0.0,0.0,0.0,0.03204,6284.8,0.0,0.0,-0.0018,-139484.0,0.88934,4770.0,0.0,12.0,0.0,0.0,0.0,0.0,0.0,0,0,0,0,WELL-00001_20170201060114.parquet,WELL-00001,0
0.0,1.001469e+07,119.02921,1.5602392e+06,84.28535,1.2697406e+07,0.0,1.5690749e+06,0.0,40.375565,0.0,24.088894,1.5187359e+06,0.0,0.0,0.00053629826,150219.66,0.1971504,1935.0885,0.0,3.516065,0.0,0.0,0.0,0.0,0.0,0.0,1.001469e+07,119.0283,1.262987e+06,83.99593,1.269414e+07,0.0,1.569069e+06,0.0,40.37535,0.0,24.061895,1.406696e+06,0.0,1.001469e+07,119.0301,1.825037e+06,84.62481,1.270068e+07,0.0,1.569081e+06,0.0,40.3758,0.0,24.1208,1.620694e+06,0.0,1.001469e+07,119.0292,1.56686e+06,84.28126,1.2697405e+07,0.0,1.569075e+06,0.0,40.37554,0.0,24.08876,1.524985e+06,0.0,0.0,0.0018,562050.0,0.62888,6540.0,0.0,12.0,0.0,0.0,0.0,0.03204,6284.8,0.0,0.0,-0.0018,91578.0,-0.60523,6540.0,0.0,12.0,0.0,0.0,0.0,0.0,0.0,0,0,0,0,WELL-00001_20170201060114.parquet,WELL-00001,0
0.0,1.001469e+07,119.02738,1.6333998e+06,84.1615,1.2704055e+07,0.0,1.5690871e+06,0.0,40.375565,0.0,24.088894,1.5187359e+06,0.0,0.0,0.0005356737,167529.56,0.07918938,1934.8652,0.0,3.5599785,0.0,0.0,0.0,0.0,0.0,0.0,1.001469e+07,119.0265,1.220308e+06,84.02431,1.270079e+07,0.0,1.569081e+06,0.0,40.37535,0.0,24.061895,1.406696e+06,0.0,1.001469e+07,119.0283,1.887573e+06,84.28455,1.270732e+07,0.0,1.569093e+06,0.0,40.3758,0.0,24.1208,1.620694e+06,0.0,1.001469e+07,119.0274,1.6464245e+06,84.163895,1.2704055e+07,0.0,1.569087e+06,0.0,40.37554,0.0,24.08876,1.524985e+06,0.0,0.0,0.0018,667265.0,0.26024,6530.0,0.0,12.0,0.0,0.0,0.0,0.03204,6284.8,0.0,0.0,-0.0018,392388.0,0.22172,6530.0,0.0,12.0,0.0,0.0,0.0,0.0,0.0,0,0,0,0,WELL-00001_20170201060114.parquet,WELL-00001,0
0.0,1.001469e+07,119.02555,1.594929e+06,83.952385,1.2699326e+07,0.0,1.5690991e+06,0.0,40.375565,0.0,24.088894,1.5187359e+06,0.0,0.0,0.0005321739,275944.0,0.16814376,5691.647,0.0,3.5371714,0.0,0.0,0.0,0.0,0.0,0.0,1.001469e+07,119.0247,1.27456e+06,83.66837,1.268959e+07,0.0,1.569093e+06,0.0,40.37535,0.0,24.061895,1.406696e+06,0.0,1.001469e+07,119.0265,2.044215e+06,84.2364,1.270788e+07,0.0,1.569105e+06,0.0,40.3758,0.0,24.1208,1.620694e+06,0.0,1.001469e+07,119.02555,1.4327645e+06,83.952385,1.26994e+07,0.0,1.569099e+06,0.0,40.37554,0.0,24.08876,1.524985e+06,0.0,0.0,0.0018,769655.0,0.56803,18290.0,0.0,12.0,0.0,0.0,0.0,0.03204,6284.8,0.0,0.0,-0.0018,-455107.0,-0.56803,-17850.0,0.0,12.0,0.0,0.0,0.0,0.0,0.0,0,0,0,0,WELL-00001_20170201060114.parquet,WELL-00001,0
0.0,1.001469e+07,119.02373,1.636183e+06,84.0166,1.2696518e+07,0.0,1.5691112e+06,0.0,40.375565,0.0,24.088894,1.5187359e+06,0.0,0.0,0.00053389097,128786.984,0.28799847,5638.824,0.0,3.527575,0.0,0.0,0.0,0.0,0.0,0.0,1.001469e+07,119.0228,1.445248e+06,83.60097,1.268793e+07,0.0,1.569105e+06,0.0,40.37535,0.0,24.061895,1.406696e+06,0.0,1.001469e+07,119.0246,1.888693e+06,84.51712,1.270622e+07,0.0,1.569117e+06,0.0,40.3758,0.0,24.1208,1.620694e+06,0.0,1.001469e+07,119.0237,1.6678015e+06,84.00719,1.2696405e+07,0.0,1.569111e+06,0.0,40.37554,0.0,24.08876,1.524985e+06,0.0,0.0,0.0018,443445.0,0.91615,18290.0,0.0,12.0,0.0,0.0,0.0,0.03204,6284.8,0.0,0.0,-0.0018,170738.0,0.85838,16960.0,0.0,12.0,0.0,0.0,0.0,0.0,0.0,0,0,0,0,WELL-00001_20170201060114.parquet,WELL-00001,0
0.0,1.001469e+07,119.0219,1.691301e+06,84.56039,1.2699289e+07,0.0,1.5691234e+06,0.0,40.375565,0.0,24.088894,1.5187359e+06,0.0,0.0,0.0005345572,58749.277,0.025218358,5638.889,0.0,3.5461445,0.0,0.0,0.0,0.0,0.0,0.0,1.001469e+07,119.021,1.559564e+06,84.51723,1.268959e+07,0.0,1.569117e+06,0.0,40.37535,0.0,24.061895,1.406696e+06,0.0,1.001469e+07,119.0228,1.81491e+06,84.60355,1.270788e+07,0.0,1.569129e+06,0.0,40.3758,0.0,24.1208,1.620694e+06,0.0,1.001469e+07,119.0219,1.6965625e+06,84.56039,1.26994e+07,0.0,1.569123e+06,0.0,40.37554,0.0,24.08876,1.524985e+06,0.0,0.0,0.0018,255346.0,0.08632,18290.0,0.0,12.0,0.0,0.0,0.0,0.03204,6284.8,0.0,0.0,-0.0018,-4202.0,-0.01717,-16960.0,0.0,12.0,0.0,0.0,0.0,0.0,0.0,0,0,0,0,WELL-00001_20170201060114.parquet,WELL-00001,0
0.0,1.001469e+07,119.03159,1.5825776e+06,84.469376,1.2692252e+07,0.0,1.5691355e+06,0.0,40.375565,0.0,24.088894,1.5187359e+06,0.0,0.0,0.012860832,198386.97,0.027405683,2783.524,0.0,3.4811842,0.0,0.0,0.0,0.0,0.0,0.0,1.001469e+07,119.0202,1.2209e+06,84.42308,1.268793e+07,0.0,1.56913e+06,0.0,40.37535,0.0,24.061895,1.406696e+06,0.0,1.001469e+07,119.0587,1.80623e+06,84.51567,1.269707e+07,0.0,1.569141e+06,0.0,40.3758,0.0,24.1208,1.620694e+06,0.0,1.001469e+07,119.0253,1.588464e+06,84.469376,1.269217e+07,0.0,1.5691355e+06,0.0,40.37554,0.0,24.08876,1.524985e+06,0.0,0.0,0.0385,585330.0,0.09259,9140.0,0.0,11.0,0.0,0.0,0.0,0.03204,6284.8,0.0,0.0,0.0377,-407693.0,-0.09259,7810.0,0.0,11.0,0.0,0.0,0.0,0.0,0.0,0,0,0,0,WELL-00001_20170201060114.parquet,WELL-00001,0
0.0,1.001469e+07,119.08632,1.3591216e+06,83.556755,1.2702144e+07,0.0,1.5691475e+06,0.0,40.375565,0.0,24.088894,1.5187359e+06,0.0,0.0,0.012353538,167087.48,0.4274745,2903.2595,0.0,3.5197587,0.0,0.0,0.0,0.0,0.0,0.0,1.001469e+07,119.0598,1.100954e+06,83.06931,1.269724e+07,0.0,1.569142e+06,0.0,40.37535,0.0,24.061895,1.406696e+06,0.0,1.001469e+07,119.0983,1.672408e+06,84.42151,1.270705e+07,0.0,1.569153e+06,0.0,40.3758,0.0,24.1208,1.620694e+06,0.0,1.001469e+07,119.09325,1.318571e+06,83.40618,1.2702145e+07,0.0,1.5691475e+06,0.0,40.37554,0.0,24.08876,1.524985e+06,0.0,0.0,0.0385,571454.0,1.3522,9810.0,0.0,11.0,0.0,0.0,0.0,0.03204,6284.8,0.0,0.0,0.0349,471499.0,-0.89845,9810.0,0.0,11.0,0.0,0.0,0.0,0.0,0.0,0,0,0,0,WELL-00001_20170201060114.parquet,WELL-00001,0
0.0,1.001469e+07,119.09033,1.6291229e+06,83.875145,1.2700535e+07,0.0,1.5691598e+06,0.0,40.375565,0.0,24.088894,1.5187359e+06,0.0,0.0,0.00251363,129397.125,0.17103693,4861.094,0.0,3.5044765,0.0,0.0,0.0,0.0,0.0,0.0,1.001469e+07,119.0861,1.310005e+06,83.5368,1.26922e+07,0.0,1.569154e+06,0.0,40.37535,0.0,24.061895,1.406696e+06,0.0,1.001469e+07,119.0946,1.823591e+06,84.12378,1.270788e+07,0.0,1.569166e+06,0.0,40.3758,0.0,24.1208,1.620694e+06,0.0,1.001469e+07,119.09035,1.647222e+06,83.90719,1.270061e+07,0.0,1.56916e+06,0.0,40.37554,0.0,24.08876,1.524985e+06,0.0,0.0,0.0085,513586.0,0.58698,15680.0,0.0,12.0,0.0,0.0,0.0,0.03204,6284.8,0.0,0.0,-0.0085,-72007.0,0.58698,-15010.0,0.0,12.0,0.0,0.0,0.0,0.0,0.0,0,0,0,0,WELL-00001_20170201060114.parquet,WELL-00001,0
0.0,1.001469e+07,119.08168,1.6129856e+06,84.25885,1.269034e+07,0.0,1.5691718e+06,0.0,40.375565,0.0,24.088894,1.5187359e+06,0.0,0.0,0.0025168832,101027.77,0.04903491,1422.842,0.0,3.5800374,0.0,0.0,0.0,0.0,0.0,0.0,1.001469e+07,119.0774,1.393191e+06,84.13112,1.268793e+07,0.0,1.569166e+06,0.0,40.37535,0.0,24.061895,1.406696e+06,0.0,1.001469e+07,119.0859,1.842398e+06,84.30733,1.269292e+07,0.0,1.569178e+06,0.0,40.3758,0.0,24.1208,1.620694e+06,0.0,1.001469e+07,119.08165,1.6100095e+06,84.278076,1.2690315e+07,0.0,1.569172e+06,0.0,40.37554,0.0,24.08876,1.524985e+06,0.0,0.0,0.0085,449207.0,0.17621,4990.0,0.0,12.0,0.0,0.0,0.0,0.03204,6284.8,0.0,0.0,-0.0085,-176820.0,0.13698,1000.0,0.0,12.0,0.0,0.0,0.0,0.0,0.0,0,0,0,0,WELL-00001_20170201060114.parquet,WELL-00001,0
0.0,1.001469e+07,119.07304,1.4702706e+06,84.12327,1.2696297e+07,0.0,1.5691839e+06,0.0,40.375565,0.0,24.088894,1.5187359e+06,0.0,0.0,0.0025171726,172150.08,0.14655001,1935.2827,0.0,3.516065,0.0,0.0,0.0,0.0,0.0,0.0,1.001469e+07,119.0688,1.115421e+06,83.82148,1.269303e+07,0.0,1.569178e+06,0.0,40.37535,0.0,24.061895,1.406696e+06,0.0,1.001469e+07,119.0773,1.764998e+06,84.26698,1.269957e+07,0.0,1.56919e+06,0.0,40.3758,0.0,24.1208,1.620694e+06,0.0,1.001469e+07,119.07305,1.514101e+06,84.18371,1.2696295e+07,0.0,1.569184e+06,0.0,40.37554,0.0,24.08876,1.524985e+06,0.0,0.0,0.0085,649577.0,0.4455,6540.0,0.0,12.0,0.0,0.0,0.0,0.03204,6284.8,0.0,0.0,-0.0085,-136550.0,-0.4455,6540.0,0.0,12.0,0.0,0.0,0.0,0.0,0.0,0,0,0,0,WELL-00001_20170201060114.parquet,WELL-00001,0
0.0,1.001469e+07,119.064384,1.5741689e+06,83.782646,1.2702947e+07,0.0,1.569196e+06,0.0,40.375565,0.0,24.088894,1.5187359e+06,0.0,0.0,0.002515477,207727.69,0.2051231,1935.2487,0.0,3.553108,0.0,0.0,0.0,0.0,0.0,0.0,1.001469e+07,119.0601,1.16461e+06,83.50223,1.269968e+07,0.0,1.56919e+06,0.0,40.37535,0.0,24.061895,1.406696e+06,0.0,1.001469e+07,119.0686,1.896913e+06,84.23563,1.270622e+07,0.0,1.569202e+06,0.0,40.3758,0.0,24.1208,1.620694e+06,0.0,1.001469e+07,119.0644,1.5903415e+06,83.73752,1.2702945e+07,0.0,1.569196e+06,0.0,40.37554,0.0,24.08876,1.524985e+06,0.0,0.0,0.0085,732303.0,0.7334,6540.0,0.0,12.0,0.0,0.0,0.0,0.03204,6284.8,0.0,0.0,-0.0085,680024.0,0.42643,6540.0,0.0,12.0,0.0,0.0,0.0,0.0,0.0,0,0,0,0,WELL-00001_20170201060114.parquet,WELL-00001,0
0.0,1.001469e+07,119.05573,1.4914528e+06,84.26027,1.2701949e+07,0.0,1.5692081e+06,0.0,40.375565,0.0,24.088894,1.5187359e+06,0.0,0.0,0.0025179014,232488.23,0.2144159,4825.433,0.0,3.516065,0.0,0.0,0.0,0.0,0.0,0.0,1.001469e+07,119.0515,1.096614e+06,83.84116,1.269292e+07,0.0,1.569202e+06,0.0,40.37535,0.0,24.061895,1.406696e+06,0.0,1.001469e+07,119.06,1.954519e+06,84.58076,1.270788e+07,0.0,1.569214e+06,0.0,40.3758,0.0,24.1208,1.620694e+06,0.0,1.001469e+07,119.05575,1.4524805e+06,84.29768,1.2702725e+07,0.0,1.569208e+06,0.0,40.37554,0.0,24.08876,1.524985e+06,0.0,0.0,0.0085,857905.0,0.7396,14960.0,0.0,12.0,0.0,0.0,0.0,0.03204,6284.8,0.0,0.0,-0.0085,-489886.0,-0.41604,-13410.0,0.0,12.0,0.0,0.0,0.0,0.0,0.0,0,0,0,0,WELL-00001_20170201060114.parquet,WELL-00001,0
0.0,1.001469e+07,119.04709,1.6045515e+06,83.88049,1.2694246e+07,0.0,1.5692201e+06,0.0,40.375565,0.0,24.088894,1.5187359e+06,0.0,0.0,0.0025151384,110199.27,0.23184049,4488.271,0.0,3.5677066,0.0,0.0,0.0,0.0,0.0,0.0,1.001469e+07,119.0428,1.44021e+06,83.5554,1.268793e+07,0.0,1.569214e+06,0.0,40.37535,0.0,24.061895,1.406696e+06,0.0,1.001469e+07,119.0513,1.860634e+06,84.33811,1.270289e+07,0.0,1.569226e+06,0.0,40.3758,0.0,24.1208,1.620694e+06,0.0,1.001469e+07,119.0471,1.5886695e+06,83.81729,1.2693085e+07,0.0,1.56922e+06,0.0,40.37554,0.0,24.08876,1.524985e+06,0.0,0.0,0.0085,420424.0,0.78271,14960.0,0.0,12.0,0.0,0.0,0.0,0.03204,6284.8,0.0,0.0,-0.0085,406319.0,0.51376,10310.0,0.0,12.0,0.0,0.0,0.0,0.0,0.0,0,0,0,0,WELL-00001_20170201060114.parquet,WELL-00001,0
0.0,1.001469e+07,119.03844,1.5854481e+06,84.13383,1.2701561e+07,0.0,1.5692322e+06,0.0,40.375565,0.0,24.088894,1.5187359e+06,0.0,0.0,0.002517318,388038.5,0.35897636,4488.133,0.0,3.5044765,0.0,0.0,0.0,0.0,0.0,0.0,1.001469e+07,119.0342,1.064786e+06,83.44907,1.269292e+07,0.0,1.569226e+06,0.0,40.37535,0.0,24.061895,1.406696e+06,0.0,1.001469e+07,119.0427,2.132465e+06,84.61115,1.270788e+07,0.0,1.569238e+06,0.0,40.3758,0.0,24.1208,1.620694e+06,0.0,1.001469e+07,119.03845,1.581265e+06,84.21088,1.2702725e+07,0.0,1.569232e+06,0.0,40.37554,0.0,24.08876,1.524985e+06,0.0,0.0,0.0085,1.067679e+06,1.16208,14960.0,0.0,12.0,0.0,0.0,0.0,0.03204,6284.8,0.0,0.0,-0.0085,-619929.0,-0.90724,-10300.0,0.0,12.0,0.0,0.0,0.0,0.0,0.0,0,0,0,0,WELL-00001_20170201060114.parquet,WELL-00001,0
0.0,1.001469e+07,119.02979,1.4446886e+06,83.23978,1.2694246e+07,0.0,1.5692445e+06,0.0,40.375565,0.0,24.088894,1.5187359e+06,0.0,0.0,0.0025180501,197083.11,0.06530184,4488.271,0.0,3.5387683,0.0,0.0,0.0,0.0,0.0,0.0,1.001469e+07,119.0255,1.130612e+06,83.13892,1.268793e+07,0.0,1.569238e+06,0.0,40.37535,0.0,24.061895,1.406696e+06,0.0,1.001469e+07,119.034,1.875673e+06,83.42324,1.270289e+07,0.0,1.56925e+06,0.0,40.3758,0.0,24.1208,1.620694e+06,0.0,1.001469e+07,119.0298,1.428455e+06,83.23602,1.2693085e+07,0.0,1.5692445e+06,0.0,40.37554,0.0,24.08876,1.524985e+06,0.0,0.0,0.0085,745061.0,0.28432,14960.0,0.0,12.0,0.0,0.0,0.0,0.03204,6284.8,0.0,0.0,-0.0085,176500.0,-0.28432,10310.0,0.0,12.0,0.0,0.0,0.0,0.0,0.0,0,0,0,0,WELL-00001_20170201060114.parquet,WELL-00001,0
0.0,1.001469e+07,119.02217,1.5520149e+06,83.549965,1.2701561e+07,0.0,1.5692565e+06,0.0,40.375565,0.0,24.088894,1.5187359e+06,0.0,0.0,0.0014958124,57683.45,0.2852759,4488.133,0.0,3.5293763,0.0,0.0,0.0,0.0,0.0,0.0,1.001469e+07,119.0202,1.451639e+06,83.12247,1.269292e+07,0.0,1.569251e+06,0.0,40.37535,0.0,24.061895,1.406696e+06,0.0,1.001469e+07,119.0254,1.639134e+06,84.03735,1.270788e+07,0.0,1.569263e+06,0.0,40.3758,0.0,24.1208,1.620694e+06,0.0,1.001469e+07,119.02175,1.554067e+06,83.54664,1.2702725e+07,0.0,1.5692565e+06,0.0,40.37554,0.0,24.08876,1.524985e+06,0.0,0.0,0.0052,187495.0,0.91488,14960.0,0.0,12.0,0.0,0.0,0.0,0.03204,6284.8,0.0,0.0,-0.0034,163821.0,0.90171,-10300.0,0.0,12.0,0.0,0.0,0.0,0.0,0.0,0,0,0,0,WELL-00001_20170201060114.parquet,WELL-00001,0
0.0,1.001469e+07,119.024475,1.6476695e+06,84.5447,1.2694246e+07,0.0,1.5692686e+06,0.0,40.375565,0.0,24.088894,1.5187359e+06,0.0,0.0,0.0013894385,25107.762,0.29050615,4488.271,0.0,3.5294964,0.0,0.0,0.0,0.0,0.0,0.0,1.001469e+07,119.0221,1.587052e+06,84.05399,1.268793e+07,0.0,1.569263e+06,0.0,40.37535,0.0,24.061895,1.406696e+06,0.0,1.001469e+07,119.0268,1.689769e+06,85.03542,1.270289e+07,0.0,1.569275e+06,0.0,40.3758,0.0,24.1208,1.620694e+06,0.0,1.001469e+07,119.02445,1.64961e+06,84.5447,1.2693085e+07,0.0,1.569269e+06,0.0,40.37554,0.0,24.08876,1.524985e+06,0.0,0.0,0.0047,102717.0,0.98143,14960.0,0.0,12.0,0.0,0.0,0.0,0.03204,6284.8,0.0,0.0,0.0047,19679.0,0.98143,10310.0,0.0,12.0,0.0,0.0,0.0,0.0,0.0,0,0,0,0,WELL-00001_20170201060114.parquet,WELL-00001,0
0.0,1.001469e+07,119.02926,1.7369665e+06,85.115654,1.2704429e+07,0.0,1.5692808e+06,0.0,40.375565,0.0,24.088894,1.5187359e+06,0.0,0.0,0.0013962662,144018.84,0.014933519,2122.8857,0.0,3.5323765,0.0,0.0,0.0,0.0,0.0,0.0,1.001469e+07,119.0269,1.602966e+06,85.05206,1.27004e+07,0.0,1.569275e+06,0.0,40.37535,0.0,24.061895,1.406696e+06,0.0,1.001469e+07,119.0316,2.070256e+06,85.13522,1.270788e+07,0.0,1.569287e+06,0.0,40.3758,0.0,24.1208,1.620694e+06,0.0,1.001469e+07,119.02925,1.671396e+06,85.11748,1.270455e+07,0.0,1.569281e+06,0.0,40.37554,0.0,24.08876,1.524985e+06,0.0,0.0,0.0047,467290.0,0.08316,7480.0,0.0,12.0,0.0,0.0,0.0,0.03204,6284.8,0.0,0.0,0.0047,263924.0,0.04954,-2820.0,0.0,12.0,0.0,0.0,0.0,0.0,0.0,0,0,0,0,WELL-00001_20170201060114.parquet,WELL-00001,0
0.0,1.001469e+07,119.03405,1.3039145e+06,84.16357,1.2695328e+07,0.0,1.5692929e+06,0.0,40.375565,0.0,24.088894,1.5187359e+06,0.0,0.0,0.0013904598,183072.2,0.7002762,2903.4875,0.0,3.5645382,0.0,0.0,0.0,0.0,0.0,0.0,1.001469e+07,119.0317,1.082147e+06,82.97057,1.269042e+07,0.0,1.569287e+06,0.0,40.37535,0.0,24.061895,1.406696e+06,0.0,1.001469e+07,119.0364,1.848974e+06,85.10098,1.270023e+07,0.0,1.569299e+06,0.0,40.3758,0.0,24.1208,1.620694e+06,0.0,1.001469e+07,119.03405,1.264795e+06,84.24173,1.2695325e+07,0.0,1.569293e+06,0.0,40.37554,0.0,24.08876,1.524985e+06,0.0,0.0,0.0047,766827.0,2.13041,9810.0,0.0,12.0,0.0,0.0,0.0,0.03204,6284.8,0.0,0.0,0.0047,-420880.0,-2.06388,-9810.0,0.0,12.0,0.0,0.0,0.0,0.0,0.0,0,0,0,0,WELL-00001_20170201060114.parquet,WELL-00001,0
0.0,1.001469e+07,119.03884,1.6445469e+06,83.68943,1.2693135e+07,0.0,1.5693049e+06,0.0,40.375565,0.0,24.088894,1.5187359e+06,0.0,0.0,0.0013962662,115599.34,0.35384908,4014.7231,0.0,3.5504436,0.0,0.0,0.0,0.0,0.0,0.0,1.001469e+07,119.0365,1.378001e+06,83.05928,1.268793e+07,0.0,1.569299e+06,0.0,40.37535,0.0,24.061895,1.406696e+06,0.0,1.001469e+07,119.0412,1.89882e+06,84.16119,1.270075e+07,0.0,1.569311e+06,0.0,40.3758,0.0,24.1208,1.620694e+06,0.0,1.001469e+07,119.03885,1.642647e+06,83.71353,1.2692345e+07,0.0,1.569305e+06,0.0,40.37554,0.0,24.08876,1.524985e+06,0.0,0.0,0.0047,520819.0,1.10191,12820.0,0.0,12.0,0.0,0.0,0.0,0.03204,6284.8,0.0,0.0,0.0047,150821.0,1.10191,10490.0,0.0,12.0,0.0,0.0,0.0,0.0,0.0,0,0,0,0,WELL-00001_20170201060114.parquet,WELL-00001,0
0.0,1.001469e+07,119.043625,1.6779031e+06,84.3259,1.2704708e+07,0.0,1.5693171e+06,0.0,40.375565,0.0,24.088894,1.5187359e+06,0.0,0.0,0.0013946741,153661.36,0.08104103,1872.7177,0.0,3.516065,0.0,0.0,0.0,0.0,0.0,0.0,1.001469e+07,119.0413,1.476378e+06,84.16747,1.270104e+07,0.0,1.569311e+06,0.0,40.37535,0.0,24.061895,1.406696e+06,0.0,1.001469e+07,119.046,1.958136e+06,84.44405,1.270788e+07,0.0,1.569323e+06,0.0,40.3758,0.0,24.1208,1.620694e+06,0.0,1.001469e+07,119.04365,1.6369965e+06,84.343254,1.270473e+07,0.0,1.569317e+06,0.0,40.37554,0.0,24.08876,1.524985e+06,0.0,0.0,0.0047,481758.0,0.27658,6840.0,0.0,12.0,0.0,0.0,0.0,0.03204,6284.8,0.0,0.0,0.0047,-54186.0,0.16835,1020.0,0.0,12.0,0.0,0.0,0.0,0.0,0.0,0,0,0,0,WELL-00001_20170201060114.parquet,WELL-00001,0
0.0,1.0014423e+07,119.048416,1.5185344e+06,84.14322,1.269699e+07,0.0,1.5693291e+06,0.0,40.375565,0.0,24.088894,1.5187359e+06,0.0,548.5435,0.0013924087,86119.59,0.09520287,2903.3372,0.0,3.585123,0.0,0.0,0.0,0.0,0.0,0.0,1.001269e+07,119.0461,1.279624e+06,84.01111,1.269209e+07,0.0,1.569323e+06,0.0,40.37535,0.0,24.061895,1.406696e+06,0.0,1.001469e+07,119.0508,1.661558e+06,84.3286,1.270189e+07,0.0,1.569335e+06,0.0,40.3758,0.0,24.1208,1.620694e+06,0.0,1.001469e+07,119.04845,1.5328e+06,84.11574,1.269699e+07,0.0,1.569329e+06,0.0,40.37554,0.0,24.08876,1.524985e+06,0.0,2000.0,0.0047,381934.0,0.31749,9800.0,0.0,12.0,0.0,0.0,0.0,0.03204,6284.8,0.0,-2000.0,0.0047,134611.0,-0.21957,-9800.0,0.0,12.0,0.0,0.0,0.0,0.0,0.0,0,0,0,0,WELL-00001_20170201060114.parquet,WELL-00001,0
0.0,1.0008635e+07,119.0532,1.6729876e+06,84.30814,1.2692252e+07,0.0,1.5693412e+06,0.0,40.375565,0.0,24.088894,1.5187359e+06,0.0,2322.7034,0.0013997578,68980.39,0.1140112,3351.4995,0.0,3.5044765,0.0,0.0,0.0,0.0,0.0,0.0,1.000471e+07,119.0508,1.560288e+06,84.11556,1.268793e+07,0.0,1.569335e+06,0.0,40.37535,0.0,24.061895,1.406696e+06,0.0,1.001256e+07,119.0556,1.788869e+06,84.50072,1.269957e+07,0.0,1.569347e+06,0.0,40.3758,0.0,24.1208,1.620694e+06,0.0,1.0008635e+07,119.0532,1.660907e+06,84.30814,1.269125e+07,0.0,1.569341e+06,0.0,40.37554,0.0,24.08876,1.524985e+06,0.0,7850.0,0.0048,228581.0,0.38516,11640.0,0.0,12.0,0.0,0.0,0.0,0.03204,6284.8,0.0,-7850.0,0.0048,126456.0,0.38516,7650.0,0.0,12.0,0.0,0.0,0.0,0.0,0.0,0,0,0,0,WELL-00001_20170201060114.parquet,WELL-00001,0
0.0,1.0000656e+07,119.05798,1.6075255e+06,84.584175,1.2702725e+07,0.0,1.5693534e+06,0.0,40.375565,0.0,24.088894,1.5187359e+06,0.0,2322.751,0.0013904598,308782.75,0.18945083,3179.666,0.0,3.5502446,0.0,0.0,0.0,0.0,0.0,0.0,9.996732e+06,119.0556,1.133505e+06,83.96714,1.269624e+07,0.0,1.569347e+06,0.0,40.37535,0.0,24.061895,1.406696e+06,0.0,1.000458e+07,119.0603,2.084e+06,84.80103,1.270788e+07,0.0,1.569359e+06,0.0,40.3758,0.0,24.1208,1.620694e+06,0.0,1.0000655e+07,119.05795,1.735209e+06,84.62355,1.270289e+07,0.0,1.569353e+06,0.0,40.37554,0.0,24.08876,1.524985e+06,0.0,7848.0,0.0047,950495.0,0.83389,11640.0,0.0,12.0,0.0,0.0,0.0,0.03204,6284.8,0.0,-7848.0,0.0047,-560349.0,-0.54012,-3660.0,0.0,12.0,0.0,0.0,0.0,0.0,0.0,0,0,0,0,WELL-00001_20170201060114.parquet,WELL-00001,0
0.0,9.995767e+06,119.062775,1.4730291e+06,83.60777,1.2693082e+07,0.0,1.5693655e+06,0.0,40.375565,0.0,24.088894,1.5187359e+06,0.0,601.2645,0.0013946741,148259.55,0.07376556,3179.6394,0.0,3.5102353,0.0,0.0,0.0,0.0,0.0,0.0,9.994737e+06,119.0604,1.191012e+06,83.51615,1.268793e+07,0.0,1.569359e+06,0.0,40.37535,0.0,24.061895,1.406696e+06,0.0,9.996815e+06,119.0651,1.749084e+06,83.90758,1.269957e+07,0.0,1.569371e+06,0.0,40.3758,0.0,24.1208,1.620694e+06,0.0,9.995776e+06,119.06275,1.467372e+06,83.59831,1.269292e+07,0.0,1.5693655e+06,0.0,40.37554,0.0,24.08876,1.524985e+06,0.0,2078.0,0.0047,558072.0,0.39143,11640.0,0.0,12.0,0.0,0.0,0.0,0.03204,6284.8,0.0,216.0,0.0047,347213.0,-0.39143,3660.0,0.0,12.0,0.0,0.0,0.0,0.0,0.0,0,0,0,0,WELL-00001_20170201060114.parquet,WELL-00001,0
0.0,9.998224e+06,119.067566,1.6526041e+06,83.94691,1.2702725e+07,0.0,1.5693776e+06,0.0,40.375565,0.0,24.088894,1.5187359e+06,0.0,806.4849,0.0013925914,115517.45,0.29697558,3179.666,0.0,3.565806,0.0,0.0,0.0,0.0,0.0,0.0,9.996861e+06,119.0652,1.349264e+06,83.50223,1.269624e+07,0.0,1.569372e+06,0.0,40.37535,0.0,24.061895,1.406696e+06,0.0,9.999586e+06,119.0699,1.846015e+06,84.45412,1.270788e+07,0.0,1.569384e+06,0.0,40.3758,0.0,24.1208,1.620694e+06,0.0,9.998224e+06,119.06755,1.6723685e+06,83.943565,1.270289e+07,0.0,1.569378e+06,0.0,40.37554,0.0,24.08876,1.524985e+06,0.0,2725.0,0.0047,496751.0,0.95189,11640.0,0.0,12.0,0.0,0.0,0.0,0.03204,6284.8,0.0,2725.0,0.0047,-178906.0,0.94075,-3660.0,0.0,12.0,0.0,0.0,0.0,0.0,0.0,0,0,0,0,WELL-00001_20170201060114.parquet,WELL-00001,0
0.0,1.0000995e+07,119.07236,1.4825724e+06,84.25914,1.2691337e+07,0.0,1.5693898e+06,0.0,40.375565,0.0,24.088894,1.5187359e+06,0.0,806.5437,0.0013906985,135292.83,0.19735259,2086.7256,0.0,3.5044765,0.0,0.0,0.0,0.0,0.0,0.0,9.999632e+06,119.07,1.134229e+06,83.91542,1.268793e+07,0.0,1.569384e+06,0.0,40.37535,0.0,24.061895,1.406696e+06,0.0,1.000236e+07,119.0747,1.682535e+06,84.55797,1.269591e+07,0.0,1.569396e+06,0.0,40.3758,0.0,24.1208,1.620694e+06,0.0,1.0000995e+07,119.07235,1.490916e+06,84.26644,1.269125e+07,0.0,1.56939e+06,0.0,40.37554,0.0,24.08876,1.524985e+06,0.0,2728.0,0.0047,548306.0,0.64255,7980.0,0.0,12.0,0.0,0.0,0.0,0.03204,6284.8,0.0,2728.0,0.0047,341520.0,-0.55602,-2160.0,0.0,12.0,0.0,0.0,0.0,0.0,0.0,0,0,0,0,WELL-00001_20170201060114.parquet,WELL-00001,0
0.0,1.0003765e+07,119.07714,1.6248178e+06,83.742226,1.2698819e+07,0.0,1.5694019e+06,0.0,40.375565,0.0,24.088894,1.5187359e+06,0.0,806.59247,0.0013962662,248145.7,0.07734347,2903.4536,0.0,3.5898476,0.0,0.0,0.0,0.0,0.0,0.0,1.00024e+07,119.0748,1.266603e+06,83.61542,1.269391e+07,0.0,1.569396e+06,0.0,40.37535,0.0,24.061895,1.406696e+06,0.0,1.000513e+07,119.0795,2.151996e+06,83.90352,1.270372e+07,0.0,1.569408e+06,0.0,40.3758,0.0,24.1208,1.620694e+06,0.0,1.0003765e+07,119.07715,1.6725115e+06,83.7403,1.269882e+07,0.0,1.569402e+06,0.0,40.37554,0.0,24.08876,1.524985e+06,0.0,2730.0,0.0047,885393.0,0.2881,9810.0,0.0,12.0,0.0,0.0,0.0,0.03204,6284.8,0.0,2730.0,0.0047,-216500.0,-0.2881,9810.0,0.0,12.0,0.0,0.0,0.0,0.0,0.0,0,0,0,0,WELL-00001_20170201060114.parquet,WELL-00001,0
0.0,1.0006536e+07,119.08193,1.5386645e+06,83.43735,1.2703556e+07,0.0,1.5694139e+06,0.0,40.375565,0.0,24.088894,1.5187359e+06,0.0,806.6652,0.0013904141,128457.08,0.10863424,3351.8105,0.0,3.516065,0.0,0.0,0.0,0.0,0.0,0.0,1.000517e+07,119.0796,1.342556e+06,83.25263,1.269624e+07,0.0,1.569408e+06,0.0,40.37535,0.0,24.061895,1.406696e+06,0.0,1.00079e+07,119.0843,1.837334e+06,83.61118,1.270788e+07,0.0,1.56942e+06,0.0,40.3758,0.0,24.1208,1.620694e+06,0.0,1.0006535e+07,119.08195,1.5065625e+06,83.438065,1.270455e+07,0.0,1.569414e+06,0.0,40.37554,0.0,24.08876,1.524985e+06,0.0,2730.0,0.0047,494778.0,0.35855,11640.0,0.0,12.0,0.0,0.0,0.0,0.03204,6284.8,0.0,2730.0,0.0047,71800.0,-0.35855,-7650.0,0.0,12.0,0.0,0.0,0.0,0.0,0.0,0,0,0,0,WELL-00001_20170201060114.parquet,WELL-00001,0
0.0,1.0009307e+07,119.08672,1.5927769e+06,83.76168,1.2690158e+07,0.0,1.569426e+06,0.0,40.375565,0.0,24.088894,1.5187359e+06,0.0,806.6556,0.001397431,207399.42,0.35419583,2205.6309,0.0,3.5724542,0.0,0.0,0.0,0.0,0.0,0.0,1.000794e+07,119.0844,1.147249e+06,83.22121,1.268793e+07,0.0,1.56942e+06,0.0,40.37535,0.0,24.061895,1.406696e+06,0.0,1.001067e+07,119.0891,1.961752e+06,84.28455,1.269591e+07,0.0,1.569432e+06,0.0,40.3758,0.0,24.1208,1.620694e+06,0.0,1.0009305e+07,119.08675,1.6153985e+06,83.76351,1.2689305e+07,0.0,1.569426e+06,0.0,40.37554,0.0,24.08876,1.524985e+06,0.0,2730.0,0.0047,814503.0,1.06334,7980.0,0.0,12.0,0.0,0.0,0.0,0.03204,6284.8,0.0,2730.0,0.0047,-237171.0,1.01604,-6090.0,0.0,12.0,0.0,0.0,0.0,0.0,0.0,0,0,0,0,WELL-00001_20170201060114.parquet,WELL-00001,0
0.0,1.0012078e+07,119.0915,1.5469959e+06,84.13157,1.2691461e+07,0.0,1.5694381e+06,0.0,40.375565,0.0,24.088894,1.5187359e+06,0.0,806.41785,0.0013978787,97502.49,0.07177071,941.48224,0.0,3.54196,0.0,0.0,0.0,0.0,0.0,0.0,1.001072e+07,119.0891,1.326498e+06,84.01871,1.268987e+07,0.0,1.569432e+06,0.0,40.37535,0.0,24.061895,1.406696e+06,0.0,1.001344e+07,119.0939,1.783806e+06,84.25797,1.269305e+07,0.0,1.569444e+06,0.0,40.3758,0.0,24.1208,1.620694e+06,0.0,1.0012075e+07,119.0915,1.5336135e+06,84.12726,1.269146e+07,0.0,1.569438e+06,0.0,40.37554,0.0,24.08876,1.524985e+06,0.0,2720.0,0.0048,457308.0,0.23926,3180.0,0.0,12.0,0.0,0.0,0.0,0.03204,6284.8,0.0,2720.0,0.0048,249704.0,-0.17514,3180.0,0.0,12.0,0.0,0.0,0.0,0.0,0.0,0,0,0,0,WELL-00001_20170201060114.parquet,WELL-00001,0
0.0,1.0014418e+07,119.096275,1.6434499e+06,84.47196,1.2694696e+07,0.0,1.5694502e+06,0.0,40.375565,0.0,24.088894,1.5187359e+06,0.0,388.64896,0.0013589741,114555.12,0.22074059,941.73474,0.0,3.5504436,0.0,0.0,0.0,0.0,0.0,0.0,1.001349e+07,119.0939,1.418509e+06,84.09566,1.269311e+07,0.0,1.569444e+06,0.0,40.37535,0.0,24.061895,1.406696e+06,0.0,1.001469e+07,119.0983,1.869162e+06,84.80356,1.269629e+07,0.0,1.569456e+06,0.0,40.3758,0.0,24.1208,1.620694e+06,0.0,1.001469e+07,119.0963,1.6177495e+06,84.47399,1.2694695e+07,0.0,1.56945e+06,0.0,40.37554,0.0,24.08876,1.524985e+06,0.0,1200.0,0.0044,450653.0,0.7079,3180.0,0.0,12.0,0.0,0.0,0.0,0.03204,6284.8,0.0,1200.0,0.0042,35716.0,0.7079,3180.0,0.0,12.0,0.0,0.0,0.0,0.0,0.0,0,0,0,0,WELL-00001_20170201060114.parquet,WELL-00001,0
0.0,1.001469e+07,119.0961,1.6279091e+06,84.821,1.2697931e+07,0.0,1.5694622e+06,0.0,40.375565,0.0,24.088894,1.5187359e+06,0.0,0.0,0.0011246041,125118.85,0.010674491,941.70544,0.0,3.5044765,0.0,0.0,0.0,0.0,0.0,0.0,1.001469e+07,119.0942,1.299155e+06,84.79674,1.269634e+07,0.0,1.569456e+06,0.0,40.37535,0.0,24.061895,1.406696e+06,0.0,1.001469e+07,119.098,1.820697e+06,84.839,1.269952e+07,0.0,1.569468e+06,0.0,40.3758,0.0,24.1208,1.620694e+06,0.0,1.001469e+07,119.0961,1.651205e+06,84.82097,1.269793e+07,0.0,1.569462e+06,0.0,40.37554,0.0,24.08876,1.524985e+06,0.0,0.0,0.0038,521542.0,0.04226,3180.0,0.0,12.0,0.0,0.0,0.0,0.03204,6284.8,0.0,0.0,-0.0038,-267511.0,-0.00745,3180.0,0.0,12.0,0.0,0.0,0.0,0.0,0.0,0,0,0,0,WELL-00001_20170201060114.parquet,WELL-00001,0
0.0,1.001469e+07,119.09224,1.4790129e+06,84.47443,1.2701166e+07,0.0,1.5694745e+06,0.0,40.375565,0.0,24.088894,1.5187359e+06,0.0,0.0,0.001125828,159475.03,0.18455264,941.47754,0.0,3.5102353,0.0,0.0,0.0,0.0,0.0,0.0,1.001469e+07,119.0903,1.147249e+06,84.16269,1.269958e+07,0.0,1.569468e+06,0.0,40.37535,0.0,24.061895,1.406696e+06,0.0,1.001469e+07,119.0941,1.809123e+06,84.78616,1.270276e+07,0.0,1.56948e+06,0.0,40.3758,0.0,24.1208,1.620694e+06,0.0,1.001469e+07,119.09225,1.482185e+06,84.47443,1.2701165e+07,0.0,1.5694745e+06,0.0,40.37554,0.0,24.08876,1.524985e+06,0.0,0.0,0.0038,661874.0,0.62347,3180.0,0.0,12.0,0.0,0.0,0.0,0.03204,6284.8,0.0,0.0,-0.0038,51930.0,-0.62347,3180.0,0.0,12.0,0.0,0.0,0.0,0.0,0.0,0,0,0,0,WELL-00001_20170201060114.parquet,WELL-00001,0
0.0,1.001469e+07,119.08838,1.5669721e+06,84.33255,1.2704401e+07,0.0,1.5694865e+06,0.0,40.375565,0.0,24.088894,1.5187359e+06,0.0,0.0,0.0011258695,147479.7,0.14553969,941.6036,0.0,3.5293763,0.0,0.0,0.0,0.0,0.0,0.0,1.001469e+07,119.0865,1.304218e+06,84.10985,1.270281e+07,0.0,1.569481e+06,0.0,40.37535,0.0,24.061895,1.406696e+06,0.0,1.001469e+07,119.0903,1.877843e+06,84.58329,1.270599e+07,0.0,1.569493e+06,0.0,40.3758,0.0,24.1208,1.620694e+06,0.0,1.001469e+07,119.08835,1.5481145e+06,84.32935,1.27044e+07,0.0,1.5694865e+06,0.0,40.37554,0.0,24.08876,1.524985e+06,0.0,0.0,0.0038,573625.0,0.47344,3180.0,0.0,12.0,0.0,0.0,0.0,0.03204,6284.8,0.0,0.0,-0.0038,-25817.0,0.43118,3180.0,0.0,12.0,0.0,0.0,0.0,0.0,0.0,0,0,0,0,WELL-00001_20170201060114.parquet,WELL-00001,0
0.0,1.001469e+07,119.08451,1.5829184e+06,84.55562,1.2705543e+07,0.0,1.5694986e+06,0.0,40.375565,0.0,24.088894,1.5187359e+06,0.0,0.0,0.0011239257,84893.47,0.04459388,2340.6514,0.0,3.5447104,0.0,0.0,0.0,0.0,0.0,0.0,1.001469e+07,119.0826,1.427479e+06,84.47787,1.269957e+07,0.0,1.569493e+06,0.0,40.37535,0.0,24.061895,1.406696e+06,0.0,1.001469e+07,119.0864,1.809847e+06,84.62633,1.270788e+07,0.0,1.569505e+06,0.0,40.3758,0.0,24.1208,1.620694e+06,0.0,1.001469e+07,119.0845,1.563043e+06,84.5575,1.2706505e+07,0.0,1.569499e+06,0.0,40.37554,0.0,24.08876,1.524985e+06,0.0,0.0,0.0038,382368.0,0.14846,8310.0,0.0,12.0,0.0,0.0,0.0,0.03204,6284.8,0.0,0.0,-0.0038,144658.0,-0.11403,-6480.0,0.0,12.0,0.0,0.0,0.0,0.0,0.0,0,0,0,0,WELL-00001_20170201060114.parquet,WELL-00001,0
0.0,1.001469e+07,119.08065,1.6156891e+06,84.395546,1.2693027e+07,0.0,1.5695108e+06,0.0,40.375565,0.0,24.088894,1.5187359e+06,0.0,0.0,0.0011257377,170301.64,0.047138397,3092.3462,0.0,3.5718613,0.0,0.0,0.0,0.0,0.0,0.0,1.001469e+07,119.0788,1.355577e+06,84.31593,1.268793e+07,0.0,1.569505e+06,0.0,40.37535,0.0,24.061895,1.406696e+06,0.0,1.001469e+07,119.0826,2.008771e+06,84.47517,1.269923e+07,0.0,1.569517e+06,0.0,40.3758,0.0,24.1208,1.620694e+06,0.0,1.001469e+07,119.08065,1.6431075e+06,84.39555,1.269292e+07,0.0,1.569511e+06,0.0,40.37554,0.0,24.08876,1.524985e+06,0.0,0.0,0.0038,653194.0,0.15924,11300.0,0.0,12.0,0.0,0.0,0.0,0.03204,6284.8,0.0,0.0,-0.0038,-139215.0,-0.15924,-2990.0,0.0,12.0,0.0,0.0,0.0,0.0,0.0,0,0,0,0,WELL-00001_20170201060114.parquet,WELL-00001,0
0.0,1.001469e+07,119.07679,1.5312374e+06,84.044624,1.270278e+07,0.0,1.5695229e+06,0.0,40.375565,0.0,24.088894,1.5187359e+06,0.0,0.0,0.001125769,179660.72,0.17746778,3092.419,0.0,3.516065,0.0,0.0,0.0,0.0,0.0,0.0,1.001469e+07,119.0749,1.210905e+06,83.74167,1.269657e+07,0.0,1.569517e+06,0.0,40.37535,0.0,24.061895,1.406696e+06,0.0,1.001469e+07,119.0787,1.872779e+06,84.31322,1.270788e+07,0.0,1.569529e+06,0.0,40.3758,0.0,24.1208,1.620694e+06,0.0,1.001469e+07,119.0768,1.527603e+06,84.04653,1.270289e+07,0.0,1.569523e+06,0.0,40.37554,0.0,24.08876,1.524985e+06,0.0,0.0,0.0038,661874.0,0.57155,11310.0,0.0,12.0,0.0,0.0,0.0,0.03204,6284.8,0.0,0.0,-0.0038,97767.0,-0.57155,3000.0,0.0,12.0,0.0,0.0,0.0,0.0,0.0,0,0,0,0,WELL-00001_20170201060114.parquet,WELL-00001,0
0.0,1.001469e+07,119.07293,1.6350702e+06,83.87595,1.2691827e+07,0.0,1.569535e+06,0.0,40.375565,0.0,24.088894,1.5187359e+06,0.0,0.0,0.001122813,127549.25,0.13936934,3367.892,0.0,3.5768795,0.0,0.0,0.0,0.0,0.0,0.0,1.001469e+07,119.071,1.34762e+06,83.66933,1.268793e+07,0.0,1.569529e+06,0.0,40.37535,0.0,24.061895,1.406696e+06,0.0,1.001469e+07,119.0748,1.859035e+06,84.12047,1.269923e+07,0.0,1.569541e+06,0.0,40.3758,0.0,24.1208,1.620694e+06,0.0,1.001469e+07,119.07295,1.6278995e+06,83.86936,1.2690425e+07,0.0,1.569535e+06,0.0,40.37554,0.0,24.08876,1.524985e+06,0.0,0.0,0.0038,511415.0,0.45114,11300.0,0.0,12.0,0.0,0.0,0.0,0.03204,6284.8,0.0,0.0,-0.0038,90217.0,0.38914,-8530.0,0.0,12.0,0.0,0.0,0.0,0.0,0.0,0,0,0,0,WELL-00001_20170201060114.parquet,WELL-00001,0
0.0,1.001469e+07,119.06906,1.5471244e+06,84.14536,1.2694081e+07,0.0,1.5695471e+06,0.0,40.375565,0.0,24.088894,1.5187359e+06,0.0,0.0,0.0011226218,65239.82,0.010316811,1936.0154,0.0,3.516065,0.0,0.0,0.0,0.0,0.0,0.0,1.001469e+07,119.0672,1.437316e+06,84.12821,1.269081e+07,0.0,1.569541e+06,0.0,40.37535,0.0,24.061895,1.406696e+06,0.0,1.001469e+07,119.071,1.673132e+06,84.16302,1.269735e+07,0.0,1.569553e+06,0.0,40.3758,0.0,24.1208,1.620694e+06,0.0,1.001469e+07,119.06905,1.5403145e+06,84.14562,1.2694085e+07,0.0,1.569547e+06,0.0,40.37554,0.0,24.08876,1.524985e+06,0.0,0.0,0.0038,235816.0,0.03481,6540.0,0.0,12.0,0.0,0.0,0.0,0.03204,6284.8,0.0,0.0,-0.0038,27086.0,-0.00076,6540.0,0.0,12.0,0.0,0.0,0.0,0.0,0.0,0,0,0,0,WELL-00001_20170201060114.parquet,WELL-00001,0
0.0,1.001469e+07,119.0652,1.483237e+06,83.96855,1.270073e+07,0.0,1.5695591e+06,0.0,40.375565,0.0,24.088894,1.5187359e+06,0.0,0.0,0.0011246041,171990.66,0.10509934,1936.025,0.0,3.5614064,0.0,0.0,0.0,0.0,0.0,0.0,1.001469e+07,119.0633,1.090827e+06,83.78947,1.269746e+07,0.0,1.569553e+06,0.0,40.37535,0.0,24.061895,1.406696e+06,0.0,1.001469e+07,119.0671,1.772955e+06,84.12758,1.2704e+07,0.0,1.569565e+06,0.0,40.3758,0.0,24.1208,1.620694e+06,0.0,1.001469e+07,119.0652,1.503441e+06,83.96947,1.2700735e+07,0.0,1.569559e+06,0.0,40.37554,0.0,24.08876,1.524985e+06,0.0,0.0,0.0038,682128.0,0.33811,6540.0,0.0,12.0,0.0,0.0,0.0,0.03204,6284.8,0.0,0.0,-0.0038,-136121.0,-0.33811,6540.0,0.0,12.0,0.0,0.0,0.0,0.0,0.0,0,0,0,0,WELL-00001_20170201060114.parquet,WELL-00001,0
0.0,1.0013242e+07,119.06134,1.7499291e+06,84.35485,1.2705235e+07,0.0,1.5695712e+06,0.0,40.375565,0.0,24.088894,1.5187359e+06,0.0,1719.6658,0.001125828,80420.805,0.36611652,1831.4896,0.0,3.5044765,0.0,0.0,0.0,0.0,0.0,0.0,1.000958e+07,119.0594,1.551258e+06,83.75287,1.270075e+07,0.0,1.569565e+06,0.0,40.37535,0.0,24.061895,1.406696e+06,0.0,1.001469e+07,119.0632,1.845291e+06,84.839,1.270788e+07,0.0,1.569577e+06,0.0,40.3758,0.0,24.1208,1.620694e+06,0.0,1.0014145e+07,119.06135,1.7729055e+06,84.43519,1.2705495e+07,0.0,1.569571e+06,0.0,40.37554,0.0,24.08876,1.524985e+06,0.0,5110.0,0.0038,294033.0,1.08613,7130.0,0.0,12.0,0.0,0.0,0.0,0.03204,6284.8,0.0,-5110.0,-0.0038,226327.0,0.80722,-3360.0,0.0,12.0,0.0,0.0,0.0,0.0,0.0,0,0,0,0,WELL-00001_20170201060114.parquet,WELL-00001,0
0.0,1.0004866e+07,119.05748,1.6283689e+06,84.097435,1.2692963e+07,0.0,1.5695834e+06,0.0,40.375565,0.0,24.088894,1.5187359e+06,0.0,2701.011,0.0011258695,170717.52,0.27238163,3902.5635,0.0,3.5528297,0.0,0.0,0.0,0.0,0.0,0.0,1.00003e+07,119.0556,1.240562e+06,83.69237,1.268793e+07,0.0,1.569577e+06,0.0,40.37535,0.0,24.061895,1.406696e+06,0.0,1.000943e+07,119.0594,1.8858e+06,84.57404,1.270047e+07,0.0,1.569589e+06,0.0,40.3758,0.0,24.1208,1.620694e+06,0.0,1.0004865e+07,119.05745,1.6664815e+06,84.08551,1.269206e+07,0.0,1.5695835e+06,0.0,40.37554,0.0,24.08876,1.524985e+06,0.0,9130.0,0.0038,645238.0,0.88167,12540.0,0.0,12.0,0.0,0.0,0.0,0.03204,6284.8,0.0,-9130.0,-0.0038,-60302.0,-0.88167,-10050.0,0.0,12.0,0.0,0.0,0.0,0.0,0.0,0,0,0,0,WELL-00001_20170201060114.parquet,WELL-00001,0
0.0,9.996918e+06,119.05361,1.4287796e+06,83.45832,1.2695494e+07,0.0,1.5695955e+06,0.0,40.375565,0.0,24.088894,1.5187359e+06,0.0,1495.9768,0.0011255268,112760.87,0.12579723,2903.4487,0.0,3.4811842,0.0,0.0,0.0,0.0,0.0,0.0,9.994737e+06,119.0517,1.165333e+06,83.24399,1.269059e+07,0.0,1.56959e+06,0.0,40.37535,0.0,24.061895,1.406696e+06,0.0,1.000015e+07,119.0555,1.653996e+06,83.68262,1.27004e+07,0.0,1.569601e+06,0.0,40.3758,0.0,24.1208,1.620694e+06,0.0,9.996688e+06,119.0536,1.453437e+06,83.45679,1.2695495e+07,0.0,1.5695955e+06,0.0,40.37554,0.0,24.08876,1.524985e+06,0.0,5413.0,0.0038,488663.0,0.43863,9810.0,0.0,11.0,0.0,0.0,0.0,0.03204,6284.8,0.0,-2738.0,-0.0038,-95698.0,-0.06913,9810.0,0.0,11.0,0.0,0.0,0.0,0.0,0.0,0,0,0,0,WELL-00001_20170201060114.parquet,WELL-00001,0
0.0,1.0000811e+07,119.04975,1.3885835e+06,83.69647,1.2704471e+07,0.0,1.5696076e+06,0.0,40.375565,0.0,24.088894,1.5187359e+06,0.0,1946.3756,0.0011257377,252738.38,0.388086,2066.3677,0.0,3.565806,0.0,0.0,0.0,0.0,0.0,0.0,9.997523e+06,119.0478,1.004747e+06,83.10728,1.270056e+07,0.0,1.569602e+06,0.0,40.37535,0.0,24.061895,1.406696e+06,0.0,1.00041e+07,119.0516,1.872056e+06,84.29973,1.270788e+07,0.0,1.569614e+06,0.0,40.3758,0.0,24.1208,1.620694e+06,0.0,1.0000815e+07,119.04975,1.3345045e+06,83.75867,1.270455e+07,0.0,1.569608e+06,0.0,40.37554,0.0,24.08876,1.524985e+06,0.0,6577.0,0.0038,867309.0,1.19245,7320.0,0.0,12.0,0.0,0.0,0.0,0.03204,6284.8,0.0,6577.0,-0.0038,-258170.0,-0.38961,2330.0,0.0,12.0,0.0,0.0,0.0,0.0,0.0,0,0,0,0,WELL-00001_20170201060114.parquet,WELL-00001,0
0.0,1.0007498e+07,119.04588,1.5805124e+06,83.56186,1.269408e+07,0.0,1.5696198e+06,0.0,40.375565,0.0,24.088894,1.5187359e+06,0.0,1946.5115,0.0011266908,88702.61,0.16136193,4345.105,0.0,3.5044765,0.0,0.0,0.0,0.0,0.0,0.0,1.000421e+07,119.044,1.373311e+06,83.26128,1.268793e+07,0.0,1.569614e+06,0.0,40.37535,0.0,24.061895,1.406696e+06,0.0,1.001079e+07,119.0478,1.708576e+06,83.74529,1.270256e+07,0.0,1.569626e+06,0.0,40.3758,0.0,24.1208,1.620694e+06,0.0,1.0007495e+07,119.0459,1.611712e+06,83.585785,1.269292e+07,0.0,1.56962e+06,0.0,40.37554,0.0,24.08876,1.524985e+06,0.0,6580.0,0.0038,335265.0,0.48401,14630.0,0.0,12.0,0.0,0.0,0.0,0.03204,6284.8,0.0,6580.0,-0.0038,312447.0,0.46956,-9640.0,0.0,12.0,0.0,0.0,0.0,0.0,0.0,0,0,0,0,WELL-00001_20170201060114.parquet,WELL-00001,0
0.0,1.001393e+07,119.04202,1.4959285e+06,83.705185,1.2701728e+07,0.0,1.5696319e+06,0.0,40.375565,0.0,24.088894,1.5187359e+06,0.0,1639.2583,0.0011241707,185347.66,0.017698636,4345.0596,0.0,3.5502446,0.0,0.0,0.0,0.0,0.0,0.0,1.00109e+07,119.0401,1.084317e+06,83.67693,1.269325e+07,0.0,1.569626e+06,0.0,40.37535,0.0,24.061895,1.406696e+06,0.0,1.00163e+07,119.0439,1.807677e+06,83.76199,1.270788e+07,0.0,1.569638e+06,0.0,40.3758,0.0,24.1208,1.620694e+06,0.0,1.0014185e+07,119.04205,1.5415835e+06,83.70437,1.270289e+07,0.0,1.569632e+06,0.0,40.37554,0.0,24.08876,1.524985e+06,0.0,5400.0,0.0038,723360.0,0.08506,14630.0,0.0,12.0,0.0,0.0,0.0,0.03204,6284.8,0.0,5400.0,-0.0038,-76486.0,0.03211,9640.0,0.0,12.0,0.0,0.0,0.0,0.0,0.0,0,0,0,0,WELL-00001_20170201060114.parquet,WELL-00001,0
0.0,1.0018258e+07,119.038155,1.6379099e+06,84.38183,1.2693488e+07,0.0,1.5696439e+06,0.0,40.375565,0.0,24.088894,1.5187359e+06,0.0,1123.9414,0.0011235977,52785.06,0.33228034,4861.696,0.0,3.5599785,0.0,0.0,0.0,0.0,0.0,0.0,1.001636e+07,119.0363,1.528942e+06,83.78326,1.268793e+07,0.0,1.569638e+06,0.0,40.37535,0.0,24.061895,1.406696e+06,0.0,1.002016e+07,119.0401,1.715087e+06,84.80761,1.270256e+07,0.0,1.56965e+06,0.0,40.3758,0.0,24.1208,1.620694e+06,0.0,1.001826e+07,119.03815,1.6475895e+06,84.41062,1.269275e+07,0.0,1.569644e+06,0.0,40.37554,0.0,24.08876,1.524985e+06,0.0,3800.0,0.0038,186145.0,1.02435,14630.0,0.0,12.0,0.0,0.0,0.0,0.03204,6284.8,0.0,3800.0,-0.0038,-105679.0,1.02435,-14090.0,0.0,12.0,0.0,0.0,0.0,0.0,0.0,0,0,0,0,WELL-00001_20170201060114.parquet,WELL-00001,0
0.0,1.002212e+07,119.034294,1.5828141e+06,84.90896,1.268958e+07,0.0,1.5696561e+06,0.0,40.375565,0.0,24.088894,1.5187359e+06,0.0,1123.7474,0.001122175,142528.25,0.07318429,632.9993,0.0,3.5429168,0.0,0.0,0.0,0.0,0.0,0.0,1.002022e+07,119.0324,1.381618e+06,84.73328,1.268851e+07,0.0,1.56965e+06,0.0,40.37535,0.0,24.061895,1.406696e+06,0.0,1.002402e+07,119.0362,1.865545e+06,85.02888,1.269065e+07,0.0,1.569662e+06,0.0,40.3758,0.0,24.1208,1.620694e+06,0.0,1.002212e+07,119.0343,1.551926e+06,84.91103,1.268958e+07,0.0,1.569656e+06,0.0,40.37554,0.0,24.08876,1.524985e+06,0.0,3800.0,0.0038,483927.0,0.2956,2140.0,0.0,12.0,0.0,0.0,0.0,0.03204,6284.8,0.0,3800.0,-0.0038,-97473.0,-0.07914,2140.0,0.0,12.0,0.0,0.0,0.0,0.0,0.0,0,0,0,0,WELL-00001_20170201060114.parquet,WELL-00001,0
0.0,1.002598e+07,119.030426,1.5835416e+06,84.24839,1.2691756e+07,0.0,1.5696681e+06,0.0,40.375565,0.0,24.088894,1.5187359e+06,0.0,1123.7474,0.001122813,70472.914,0.21247685,633.2084,0.0,3.54196,0.0,0.0,0.0,0.0,0.0,0.0,1.002408e+07,119.0285,1.441656e+06,83.97314,1.269069e+07,0.0,1.569662e+06,0.0,40.37535,0.0,24.061895,1.406696e+06,0.0,1.002788e+07,119.0323,1.731965e+06,84.71217,1.269283e+07,0.0,1.569674e+06,0.0,40.3758,0.0,24.1208,1.620694e+06,0.0,1.002598e+07,119.03045,1.5838485e+06,84.1858,1.2691755e+07,0.0,1.569668e+06,0.0,40.37554,0.0,24.08876,1.524985e+06,0.0,3800.0,0.0038,290309.0,0.73903,2140.0,0.0,12.0,0.0,0.0,0.0,0.03204,6284.8,0.0,3800.0,-0.0038,290309.0,-0.48204,2140.0,0.0,12.0,0.0,0.0,0.0,0.0,0.0,0,0,0,0,WELL-00001_20170201060114.parquet,WELL-00001,0
0.0,1.0029842e+07,119.026566,1.5689074e+06,84.4417,1.2693932e+07,0.0,1.5696802e+06,0.0,40.375565,0.0,24.088894,1.5187359e+06,0.0,1123.8832,0.0011247096,179213.48,0.108678,633.1402,0.0,3.5588276,0.0,0.0,0.0,0.0,0.0,0.0,1.002794e+07,119.0247,1.265354e+06,84.24084,1.269286e+07,0.0,1.569674e+06,0.0,40.37535,0.0,24.061895,1.406696e+06,0.0,1.003174e+07,119.0285,1.830824e+06,84.62633,1.2695e+07,0.0,1.569686e+06,0.0,40.3758,0.0,24.1208,1.620694e+06,0.0,1.002984e+07,119.02655,1.5430175e+06,84.44238,1.269393e+07,0.0,1.56968e+06,0.0,40.37554,0.0,24.08876,1.524985e+06,0.0,3800.0,0.0038,565470.0,0.38549,2140.0,0.0,12.0,0.0,0.0,0.0,0.03204,6284.8,0.0,3800.0,-0.0038,-486383.0,0.05666,2140.0,0.0,12.0,0.0,0.0,0.0,0.0,0.0,0,0,0,0,WELL-00001_20170201060114.parquet,WELL-00001,0
0.0,1.0033463e+07,119.022705,1.4690439e+06,83.94359,1.2696109e+07,0.0,1.5696924e+06,0.0,40.375565,0.0,24.088894,1.5187359e+06,0.0,853.3616,0.0011237786,138483.25,0.17781001,633.1013,0.0,3.5351343,0.0,0.0,0.0,0.0,0.0,0.0,1.00318e+07,119.0208,1.132782e+06,83.65414,1.269504e+07,0.0,1.569686e+06,0.0,40.37535,0.0,24.061895,1.406696e+06,0.0,1.003464e+07,119.0246,1.657218e+06,84.2832,1.269718e+07,0.0,1.569698e+06,0.0,40.3758,0.0,24.1208,1.620694e+06,0.0,1.00337e+07,119.0227,1.494136e+06,83.93293,1.269611e+07,0.0,1.569692e+06,0.0,40.37554,0.0,24.08876,1.524985e+06,0.0,2840.0,0.0038,524436.0,0.62906,2140.0,0.0,12.0,0.0,0.0,0.0,0.03204,6284.8,0.0,2010.0,-0.0038,393705.0,-0.22746,2140.0,0.0,12.0,0.0,0.0,0.0,0.0,0.0,0,0,0,0,WELL-00001_20170201060114.parquet,WELL-00001,0
0.0,1.0032122e+07,119.01884,1.5899425e+06,84.3679,1.2698285e+07,0.0,1.5697045e+06,0.0,40.375565,0.0,24.088894,1.5187359e+06,0.0,965.07513,0.001125828,250252.56,0.20999067,633.27637,0.0,3.5054035,0.0,0.0,0.0,0.0,0.0,0.0,1.003049e+07,119.0169,1.218862e+06,83.98073,1.269722e+07,0.0,1.569699e+06,0.0,40.37535,0.0,24.061895,1.406696e+06,0.0,1.003375e+07,119.0207,2.123785e+06,84.72507,1.269936e+07,0.0,1.56971e+06,0.0,40.3758,0.0,24.1208,1.620694e+06,0.0,1.003212e+07,119.01885,1.6185975e+06,84.37027,1.2698285e+07,0.0,1.5697045e+06,0.0,40.37554,0.0,24.08876,1.524985e+06,0.0,3260.0,0.0038,904923.0,0.74434,2140.0,0.0,11.0,0.0,0.0,0.0,0.03204,6284.8,0.0,-3260.0,-0.0038,-254546.0,-0.10178,2140.0,0.0,11.0,0.0,0.0,0.0,0.0,0.0,0,0,0,0,WELL-00001_20170201060114.parquet,WELL-00001,0
0.0,1.0028806e+07,119.01498,1.5688595e+06,84.004654,1.2700461e+07,0.0,1.5697166e+06,0.0,40.375565,0.0,24.088894,1.5187359e+06,0.0,964.8084,0.0011262093,119961.31,0.23519538,633.378,0.0,3.5715053,0.0,0.0,0.0,0.0,0.0,0.0,1.002718e+07,119.0131,1.382798e+06,83.66173,1.269939e+07,0.0,1.569711e+06,0.0,40.37535,0.0,24.061895,1.406696e+06,0.0,1.003044e+07,119.0169,1.81274e+06,84.45923,1.270153e+07,0.0,1.569723e+06,0.0,40.3758,0.0,24.1208,1.620694e+06,0.0,1.0028805e+07,119.01495,1.582195e+06,83.95238,1.270046e+07,0.0,1.5697165e+06,0.0,40.37554,0.0,24.08876,1.524985e+06,0.0,3260.0,0.0038,429942.0,0.7975,2140.0,0.0,12.0,0.0,0.0,0.0,0.03204,6284.8,0.0,-3260.0,-0.0038,394578.0,0.49976,2140.0,0.0,12.0,0.0,0.0,0.0,0.0,0.0,0,0,0,0,WELL-00001_20170201060114.parquet,WELL-00001,0
0.0,1.002549e+07,119.01111,1.5647028e+06,84.612434,1.2702638e+07,0.0,1.5697288e+06,0.0,40.375565,0.0,24.088894,1.5187359e+06,0.0,964.79376,0.0011255268,141192.5,0.06644537,633.40717,0.0,3.5044765,0.0,0.0,0.0,0.0,0.0,0.0,1.002386e+07,119.0092,1.218862e+06,84.47695,1.270157e+07,0.0,1.569723e+06,0.0,40.37535,0.0,24.061895,1.406696e+06,0.0,1.002712e+07,119.013,1.768535e+06,84.72507,1.270371e+07,0.0,1.569735e+06,0.0,40.3758,0.0,24.1208,1.620694e+06,0.0,1.002549e+07,119.0111,1.596468e+06,84.61388,1.270264e+07,0.0,1.569729e+06,0.0,40.37554,0.0,24.08876,1.524985e+06,0.0,3260.0,0.0038,549673.0,0.24812,2140.0,0.0,12.0,0.0,0.0,0.0,0.03204,6284.8,0.0,-3260.0,-0.0038,-75511.0,0.0352,2140.0,0.0,12.0,0.0,0.0,0.0,0.0,0.0,0,0,0,0,WELL-00001_20170201060114.parquet,WELL-00001,0
0.0,1.0022174e+07,119.00725,1.8559506e+06,84.506485,1.2704814e+07,0.0,1.5697408e+06,0.0,40.375565,0.0,24.088894,1.5187359e+06,0.0,964.6628,0.0011272385,153287.98,0.046807602,633.3636,0.0,3.544511,0.0,0.0,0.0,0.0,0.0,0.0,1.002054e+07,119.0053,1.49341e+06,84.43645,1.270374e+07,0.0,1.569735e+06,0.0,40.37535,0.0,24.061895,1.406696e+06,0.0,1.00238e+07,119.0091,2.196844e+06,84.59797,1.270588e+07,0.0,1.569747e+06,0.0,40.3758,0.0,24.1208,1.620694e+06,0.0,1.0022175e+07,119.00725,1.860964e+06,84.49841,1.2704815e+07,0.0,1.569741e+06,0.0,40.37554,0.0,24.08876,1.524985e+06,0.0,3260.0,0.0038,703434.0,0.16152,2140.0,0.0,12.0,0.0,0.0,0.0,0.03204,6284.8,0.0,-3260.0,-0.0038,-199108.0,0.09055,2140.0,0.0,12.0,0.0,0.0,0.0,0.0,0.0,0,0,0,0,WELL-00001_20170201060114.parquet,WELL-00001,0
0.0,1.0018859e+07,119.00338,1.3311194e+06,84.03905,1.2706898e+07,0.0,1.5697529e+06,0.0,40.375565,0.0,24.088894,1.5187359e+06,0.0,965.1916,0.0011280952,120879.33,0.40708494,572.2326,0.0,3.516065,0.0,0.0,0.0,0.0,0.0,0.0,1.001723e+07,119.0015,1.136399e+06,83.60097,1.270592e+07,0.0,1.569747e+06,0.0,40.37535,0.0,24.061895,1.406696e+06,0.0,1.002049e+07,119.0053,1.586473e+06,84.65671,1.270788e+07,0.0,1.569759e+06,0.0,40.3758,0.0,24.1208,1.620694e+06,0.0,1.001886e+07,119.0034,1.347665e+06,83.82425,1.270689e+07,0.0,1.569753e+06,0.0,40.37554,0.0,24.08876,1.524985e+06,0.0,3260.0,0.0038,450074.0,1.05574,1960.0,0.0,12.0,0.0,0.0,0.0,0.03204,6284.8,0.0,-3260.0,-0.0038,135084.0,-0.73274,300.0,0.0,12.0,0.0,0.0,0.0,0.0,0.0,0,0,0,0,WELL-00001_20170201060114.parquet,WELL-00001,0
0.0,1.0016222e+07,118.99952,1.5044398e+06,83.75703,1.26962e+07,0.0,1.569765e+06,0.0,40.375565,0.0,24.088894,1.5187359e+06,0.0,1063.1062,0.0011268375,287891.78,0.27762678,5617.744,0.0,3.574865,0.0,0.0,0.0,0.0,0.0,0.0,1.001469e+07,118.9976,1.046702e+06,83.15767,1.268793e+07,0.0,1.569759e+06,0.0,40.37535,0.0,24.061895,1.406696e+06,0.0,1.001934e+07,119.0014,2.076767e+06,84.07188,1.270588e+07,0.0,1.569771e+06,0.0,40.3758,0.0,24.1208,1.620694e+06,0.0,1.0016095e+07,118.99955,1.447169e+06,83.88709,1.2696075e+07,0.0,1.569765e+06,0.0,40.37554,0.0,24.08876,1.524985e+06,0.0,4650.0,0.0038,1.030065e+06,0.91421,17950.0,0.0,12.0,0.0,0.0,0.0,0.03204,6284.8,0.0,2170.0,-0.0038,-98701.0,-0.71935,-17120.0,0.0,12.0,0.0,0.0,0.0,0.0,0.0,0,0,0,0,WELL-00001_20170201060114.parquet,WELL-00001,0
0.0,1.0029194e+07,118.99566,1.5161648e+06,83.24325,1.2693831e+07,0.0,1.5697771e+06,0.0,40.375565,0.0,24.088894,1.5187359e+06,0.0,5403.0605,0.0011261705,238529.98,0.15465522,2903.4536,0.0,3.516065,0.0,0.0,0.0,0.0,0.0,0.0,1.001967e+07,118.9938,1.09155e+06,83.00095,1.268893e+07,0.0,1.569771e+06,0.0,40.37535,0.0,24.061895,1.406696e+06,0.0,1.003698e+07,118.9976,1.943668e+06,83.51536,1.269874e+07,0.0,1.569783e+06,0.0,40.3758,0.0,24.1208,1.620694e+06,0.0,1.0029485e+07,118.99565,1.5400925e+06,83.23434,1.269383e+07,0.0,1.569777e+06,0.0,40.37554,0.0,24.08876,1.524985e+06,0.0,17310.0,0.0038,852118.0,0.51441,9810.0,0.0,12.0,0.0,0.0,0.0,0.03204,6284.8,0.0,17310.0,-0.0038,-31048.0,0.38381,9810.0,0.0,12.0,0.0,0.0,0.0,0.0,0.0,0,0,0,0,WELL-00001_20170201060114.parquet,WELL-00001,0
0.0,1.0042096e+07,118.99179,1.6721452e+06,84.09776,1.2703681e+07,0.0,1.5697892e+06,0.0,40.375565,0.0,24.088894,1.5187359e+06,0.0,2927.7695,0.001122175,154010.44,0.35689276,2730.9578,0.0,3.5860684,0.0,0.0,0.0,0.0,0.0,0.0,1.003715e+07,118.9899,1.4941e+06,83.52489,1.26989e+07,0.0,1.569783e+06,0.0,40.37535,0.0,24.061895,1.406696e+06,0.0,1.004704e+07,118.9937,2.062299e+06,84.61874,1.270788e+07,0.0,1.569795e+06,0.0,40.3758,0.0,24.1208,1.620694e+06,0.0,1.0042095e+07,118.9918,1.6366365e+06,84.101425,1.2703805e+07,0.0,1.569789e+06,0.0,40.37554,0.0,24.08876,1.524985e+06,0.0,9890.0,0.0038,568199.0,1.09385,8980.0,0.0,12.0,0.0,0.0,0.0,0.03204,6284.8,0.0,9890.0,-0.0038,-6986.0,1.08752,7320.0,0.0,12.0,0.0,0.0,0.0,0.0,0.0,0,0,0,0,WELL-00001_20170201060114.parquet,WELL-00001,0
0.0,1.0051258e+07,118.98793,1.6132246e+06,84.572914,1.2696116e+07,0.0,1.5698012e+06,0.0,40.375565,0.0,24.088894,1.5187359e+06,0.0,2094.318,0.0011248051,143557.08,0.02375055,5740.3027,0.0,3.5044765,0.0,0.0,0.0,0.0,0.0,0.0,1.004721e+07,118.986,1.265157e+06,84.51871,1.26871e+07,0.0,1.569795e+06,0.0,40.37535,0.0,24.061895,1.406696e+06,0.0,1.005459e+07,118.9898,1.846015e+06,84.61115,1.270588e+07,0.0,1.569807e+06,0.0,40.3758,0.0,24.1208,1.620694e+06,0.0,1.005145e+07,118.98795,1.6244855e+06,84.5738,1.2696075e+07,0.0,1.569801e+06,0.0,40.37554,0.0,24.08876,1.524985e+06,0.0,7380.0,0.0038,580858.0,0.09244,18780.0,0.0,12.0,0.0,0.0,0.0,0.03204,6284.8,0.0,3160.0,-0.0038,211710.0,-0.09244,-18780.0,0.0,12.0,0.0,0.0,0.0,0.0,0.0,0,0,0,0,WELL-00001_20170201060114.parquet,WELL-00001,0
0.0,1.004183e+07,118.98407,1.6179341e+06,84.371895,1.2682028e+07,0.0,1.5698134e+06,0.0,40.375565,0.0,24.088894,1.5187359e+06,0.0,4861.677,0.0011248051,110021.734,0.084069565,2903.4827,0.0,3.5476975,0.0,0.0,0.0,0.0,0.0,0.0,1.003419e+07,118.9822,1.36498e+06,84.22989,1.267712e+07,0.0,1.569807e+06,0.0,40.37535,0.0,24.061895,1.406696e+06,0.0,1.005009e+07,118.986,1.782504e+06,84.5139,1.268693e+07,0.0,1.569819e+06,0.0,40.3758,0.0,24.1208,1.620694e+06,0.0,1.00418e+07,118.98405,1.6545655e+06,84.371895,1.268203e+07,0.0,1.5698135e+06,0.0,40.37554,0.0,24.08876,1.524985e+06,0.0,15900.0,0.0038,417524.0,0.28401,9810.0,0.0,12.0,0.0,0.0,0.0,0.03204,6284.8,0.0,-15900.0,-0.0038,103895.0,-0.28401,-9810.0,0.0,12.0,0.0,0.0,0.0,0.0,0.0,0,0,0,0,WELL-00001_20170201060114.parquet,WELL-00001,0
0.0,1.0030791e+07,118.98427,1.599144e+06,83.904564,1.2672095e+07,0.0,1.5698255e+06,0.0,40.375565,0.0,24.088894,1.5187359e+06,0.0,1946.4823,0.002567451,304558.6,0.20715468,2838.6536,0.0,3.5054035,0.0,0.0,0.0,0.0,0.0,0.0,1.00275e+07,118.9811,1.090827e+06,83.55161,1.266798e+07,0.0,1.56982e+06,0.0,40.37535,0.0,24.061895,1.406696e+06,0.0,1.003408e+07,118.9891,2.162123e+06,84.22507,1.267696e+07,0.0,1.569831e+06,0.0,40.3758,0.0,24.1208,1.620694e+06,0.0,1.0030795e+07,118.9838,1.5273025e+06,83.906364,1.2672055e+07,0.0,1.5698255e+06,0.0,40.37554,0.0,24.08876,1.524985e+06,0.0,6580.0,0.008,1.071296e+06,0.67346,8980.0,0.0,11.0,0.0,0.0,0.0,0.03204,6284.8,0.0,-6580.0,0.007,-189376.0,-0.67346,-8980.0,0.0,11.0,0.0,0.0,0.0,0.0,0.0,0,0,0,0,WELL-00001_20170201060114.parquet,WELL-00001,0
0.0,1.0024104e+07,118.994675,1.4216052e+06,83.48882,1.266798e+07,0.0,1.5698376e+06,0.0,40.375565,0.0,24.088894,1.5187359e+06,0.0,1946.1716,0.0031720372,162036.94,0.010294021,0.0,0.0,3.5351343,0.0,0.0,0.0,0.0,0.0,0.0,1.002082e+07,118.9893,1.117591e+06,83.47945,1.266798e+07,0.0,1.569832e+06,0.0,40.37535,0.0,24.061895,1.406696e+06,0.0,1.002739e+07,119.0,1.738957e+06,83.53957,1.266798e+07,0.0,1.569844e+06,0.0,40.3758,0.0,24.1208,1.620694e+06,0.0,1.0024105e+07,118.9947,1.4089685e+06,83.48704,1.266798e+07,0.0,1.569838e+06,0.0,40.37554,0.0,24.08876,1.524985e+06,0.0,6570.0,0.0107,621366.0,0.06012,0.0,0.0,12.0,0.0,0.0,0.0,0.03204,6284.8,0.0,-6570.0,0.0107,-208086.0,-0.04623,0.0,0.0,12.0,0.0,0.0,0.0,0.0,0.0,0,0,0,0,WELL-00001_20170201060114.parquet,WELL-00001,0
0.0,1.0017445e+07,119.00558,1.6134505e+06,83.77401,1.266798e+07,0.0,1.5698498e+06,0.0,40.375565,0.0,24.088894,1.5187359e+06,0.0,1902.2427,0.0031733958,119659.15,0.18730825,0.0,0.0,3.5044765,0.0,0.0,0.0,0.0,0.0,0.0,1.001469e+07,119.0002,1.445273e+06,83.4936,1.266798e+07,0.0,1.569844e+06,0.0,40.37535,0.0,24.061895,1.406696e+06,0.0,1.00207e+07,119.0109,1.89882e+06,84.09339,1.266798e+07,0.0,1.569856e+06,0.0,40.3758,0.0,24.1208,1.620694e+06,0.0,1.0017415e+07,119.0056,1.592658e+06,83.77223,1.266798e+07,0.0,1.56985e+06,0.0,40.37554,0.0,24.08876,1.524985e+06,0.0,6010.0,0.0107,453547.0,0.59979,0.0,0.0,12.0,0.0,0.0,0.0,0.03204,6284.8,0.0,-6010.0,0.0107,230993.0,0.59979,0.0,0.0,12.0,0.0,0.0,0.0,0.0,0.0,0,0,0,0,WELL-00001_20170201060114.parquet,WELL-00001,0
0.0,1.001469e+07,119.01648,1.5642264e+06,84.24189,1.266798e+07,0.0,1.5698619e+06,0.0,40.375565,0.0,24.088894,1.5187359e+06,0.0,0.0,0.0031721827,122159.164,0.06736706,0.0,0.0,3.516065,0.0,0.0,0.0,0.0,0.0,0.0,1.001469e+07,119.0111,1.294091e+06,84.10428,1.266798e+07,0.0,1.569856e+06,0.0,40.37535,0.0,24.061895,1.406696e+06,0.0,1.001469e+07,119.0218,1.72232e+06,84.35327,1.266798e+07,0.0,1.569868e+06,0.0,40.3758,0.0,24.1208,1.620694e+06,0.0,1.001469e+07,119.0165,1.6090015e+06,84.24308,1.266798e+07,0.0,1.569862e+06,0.0,40.37554,0.0,24.08876,1.524985e+06,0.0,0.0,0.0107,428229.0,0.24899,0.0,0.0,12.0,0.0,0.0,0.0,0.03204,6284.8,0.0,0.0,0.0107,-19311.0,0.24899,0.0,0.0,12.0,0.0,0.0,0.0,0.0,0.0,0,0,0,0,WELL-00001_20170201060114.parquet,WELL-00001,0
0.0,1.001469e+07,119.027374,1.5955488e+06,84.26509,1.266798e+07,0.0,1.5698739e+06,0.0,40.375565,0.0,24.088894,1.5187359e+06,0.0,0.0,0.0031720372,235457.17,0.07434451,0.0,0.0,3.5599785,0.0,0.0,0.0,0.0,0.0,0.0,1.001469e+07,119.022,1.142185e+06,84.13643,1.266798e+07,0.0,1.569868e+06,0.0,40.37535,0.0,24.061895,1.406696e+06,0.0,1.001469e+07,119.0327,1.936435e+06,84.37569,1.266798e+07,0.0,1.56988e+06,0.0,40.3758,0.0,24.1208,1.620694e+06,0.0,1.001469e+07,119.0274,1.6603095e+06,84.267136,1.266798e+07,0.0,1.569874e+06,0.0,40.37554,0.0,24.08876,1.524985e+06,0.0,0.0,0.0107,794250.0,0.23926,0.0,0.0,12.0,0.0,0.0,0.0,0.03204,6284.8,0.0,0.0,0.0107,-111892.0,-0.22058,0.0,0.0,12.0,0.0,0.0,0.0,0.0,0.0,0,0,0,0,WELL-00001_20170201060114.parquet,WELL-00001,0
0.0,1.001469e+07,119.03828,1.6885091e+06,84.38354,1.266798e+07,0.0,1.5698861e+06,0.0,40.375565,0.0,24.088894,1.5187359e+06,0.0,0.0,0.0031733958,148178.8,0.18645465,0.0,0.0,3.5599785,0.0,0.0,0.0,0.0,0.0,0.0,1.001469e+07,119.0329,1.376988e+06,84.10985,1.266798e+07,0.0,1.56988e+06,0.0,40.37535,0.0,24.061895,1.406696e+06,0.0,1.001469e+07,119.0436,1.990687e+06,84.70457,1.266798e+07,0.0,1.569892e+06,0.0,40.3758,0.0,24.1208,1.620694e+06,0.0,1.001469e+07,119.0383,1.652315e+06,84.37968,1.266798e+07,0.0,1.569886e+06,0.0,40.37554,0.0,24.08876,1.524985e+06,0.0,0.0,0.0107,613699.0,0.59472,0.0,0.0,12.0,0.0,0.0,0.0,0.03204,6284.8,0.0,0.0,0.0107,-171726.0,0.57257,0.0,0.0,12.0,0.0,0.0,0.0,0.0,0.0,0,0,0,0,WELL-00001_20170201060114.parquet,WELL-00001,0
0.0,1.001469e+07,119.04918,1.3877288e+06,83.889984,1.266798e+07,0.0,1.5698981e+06,0.0,40.375565,0.0,24.088894,1.5187359e+06,0.0,0.0,0.0031756752,165719.47,0.41850173,0.0,0.0,3.5502446,0.0,0.0,0.0,0.0,0.0,0.0,1.001469e+07,119.0438,1.139292e+06,83.44147,1.266798e+07,0.0,1.569892e+06,0.0,40.37535,0.0,24.061895,1.406696e+06,0.0,1.001469e+07,119.0545,1.708978e+06,84.77065,1.266798e+07,0.0,1.569904e+06,0.0,40.3758,0.0,24.1208,1.620694e+06,0.0,1.001469e+07,119.0492,1.361312e+06,83.73041,1.266798e+07,0.0,1.569898e+06,0.0,40.37554,0.0,24.08876,1.524985e+06,0.0,0.0,0.0107,569686.0,1.32918,0.0,0.0,12.0,0.0,0.0,0.0,0.03204,6284.8,0.0,0.0,0.0107,354486.0,-0.87754,0.0,0.0,12.0,0.0,0.0,0.0,0.0,0.0,0,0,0,0,WELL-00001_20170201060114.parquet,WELL-00001,0
0.0,1.001469e+07,119.053955,1.6317509e+06,83.894264,1.266798e+07,0.0,1.5699102e+06,0.0,40.375565,0.0,24.088894,1.5187359e+06,0.0,0.0,0.0043108244,302616.38,0.16772455,0.0,0.0,3.5044765,0.0,0.0,0.0,0.0,0.0,0.0,1.001469e+07,119.0444,1.074913e+06,83.52578,1.266798e+07,0.0,1.569904e+06,0.0,40.37535,0.0,24.061895,1.406696e+06,0.0,1.001469e+07,119.0593,2.033365e+06,84.13264,1.266798e+07,0.0,1.569916e+06,0.0,40.3758,0.0,24.1208,1.620694e+06,0.0,1.001469e+07,119.0554,1.727446e+06,83.92358,1.266798e+07,0.0,1.56991e+06,0.0,40.37554,0.0,24.08876,1.524985e+06,0.0,0.0,0.0149,958452.0,0.60686,0.0,0.0,12.0,0.0,0.0,0.0,0.03204,6284.8,0.0,0.0,-0.0103,-524396.0,-0.32359,0.0,0.0,12.0,0.0,0.0,0.0,0.0,0.0,0,0,0,0,WELL-00001_20170201060114.parquet,WELL-00001,0
0.0,1.001469e+07,119.03111,1.5735179e+06,83.42766,1.266798e+07,0.0,1.5699224e+06,0.0,40.375565,0.0,24.088894,1.5187359e+06,0.0,0.0,0.007624058,214688.53,0.25427887,0.0,0.0,3.5597801,0.0,0.0,0.0,0.0,0.0,0.0,1.001469e+07,119.0182,1.22378e+06,83.06171,1.266798e+07,0.0,1.569916e+06,0.0,40.37535,0.0,24.061895,1.406696e+06,0.0,1.001469e+07,119.044,1.915457e+06,83.98491,1.266798e+07,0.0,1.569928e+06,0.0,40.3758,0.0,24.1208,1.620694e+06,0.0,1.001469e+07,119.0311,1.540359e+06,83.38526,1.266798e+07,0.0,1.569922e+06,0.0,40.37554,0.0,24.08876,1.524985e+06,0.0,0.0,0.0258,691677.0,0.9232,0.0,0.0,12.0,0.0,0.0,0.0,0.03204,6284.8,0.0,0.0,-0.0258,571337.0,0.47698,0.0,0.0,12.0,0.0,0.0,0.0,0.0,0.0,0,0,0,0,WELL-00001_20170201060114.parquet,WELL-00001,0
0.0,1.001469e+07,119.00493,1.606234e+06,84.08308,1.266798e+07,0.0,1.5699345e+06,0.0,40.375565,0.0,24.088894,1.5187359e+06,0.0,0.0,0.0076223104,204141.83,0.03793523,0.0,0.0,3.4811842,0.0,0.0,0.0,0.0,0.0,0.0,1.001469e+07,118.9921,1.174737e+06,84.01206,1.266798e+07,0.0,1.569929e+06,0.0,40.37535,0.0,24.061895,1.406696e+06,0.0,1.001469e+07,119.0178,1.963199e+06,84.14783,1.266798e+07,0.0,1.56994e+06,0.0,40.3758,0.0,24.1208,1.620694e+06,0.0,1.001469e+07,119.0049,1.6046295e+06,84.08342,1.266798e+07,0.0,1.5699345e+06,0.0,40.37554,0.0,24.08876,1.524985e+06,0.0,0.0,0.0257,788462.0,0.13577,0.0,0.0,11.0,0.0,0.0,0.0,0.03204,6284.8,0.0,0.0,-0.0257,-166057.0,0.00931,0.0,0.0,11.0,0.0,0.0,0.0,0.0,0.0,0,0,0,0,WELL-00001_20170201060114.parquet,WELL-00001,0
0.0,1.001469e+07,118.98597,1.4866916e+06,83.94994,1.266798e+07,0.0,1.5699466e+06,0.0,40.375565,0.0,24.088894,1.5187359e+06,0.0,0.0,0.0028565892,84374.79,0.04089854,0.0,0.0,3.5476975,0.0,0.0,0.0,0.0,0.0,0.0,1.001469e+07,118.9811,1.243456e+06,83.88086,1.266798e+07,0.0,1.569941e+06,0.0,40.37535,0.0,24.061895,1.406696e+06,0.0,1.001469e+07,118.9916,1.605859e+06,84.01903,1.266798e+07,0.0,1.569953e+06,0.0,40.3758,0.0,24.1208,1.620694e+06,0.0,1.001469e+07,118.9859,1.5163725e+06,83.94994,1.266798e+07,0.0,1.5699465e+06,0.0,40.37554,0.0,24.08876,1.524985e+06,0.0,0.0,0.0105,362403.0,0.13817,0.0,0.0,12.0,0.0,0.0,0.0,0.03204,6284.8,0.0,0.0,-0.0016,-173462.0,-0.13817,0.0,0.0,12.0,0.0,0.0,0.0,0.0,0.0,0,0,0,0,WELL-00001_20170201060114.parquet,WELL-00001,0
0.0,1.001469e+07,118.99765,1.584979e+06,84.186005,1.266798e+07,0.0,1.5699588e+06,0.0,40.375565,0.0,24.088894,1.5187359e+06,0.0,0.0,0.0044029844,132082.67,0.21895312,0.0,0.0,3.5044765,0.0,0.0,0.0,0.0,0.0,0.0,1.001469e+07,118.9902,1.309282e+06,83.86681,1.266798e+07,0.0,1.569953e+06,0.0,40.37535,0.0,24.061895,1.406696e+06,0.0,1.001469e+07,119.0051,1.832994e+06,84.56196,1.266798e+07,0.0,1.569965e+06,0.0,40.3758,0.0,24.1208,1.620694e+06,0.0,1.001469e+07,118.99765,1.5804235e+06,84.182205,1.266798e+07,0.0,1.569959e+06,0.0,40.37554,0.0,24.08876,1.524985e+06,0.0,0.0,0.0149,523712.0,0.69515,0.0,0.0,12.0,0.0,0.0,0.0,0.03204,6284.8,0.0,0.0,0.0149,54413.0,0.68344,0.0,0.0,12.0,0.0,0.0,0.0,0.0,0.0,0,0,0,0,WELL-00001_20170201060114.parquet,WELL-00001,0
0.0,1.001467e+07,119.012764,1.4290634e+06,84.308426,1.266798e+07,0.0,1.5699709e+06,0.0,40.375565,0.0,24.088894,1.5187359e+06,0.0,74.56086,0.0044026505,80147.68,0.20850058,0.0,0.0,3.5614064,0.0,0.0,0.0,0.0,0.0,0.0,1.001429e+07,119.0053,1.239839e+06,83.94971,1.266798e+07,0.0,1.569965e+06,0.0,40.37535,0.0,24.061895,1.406696e+06,0.0,1.001469e+07,119.0202,1.615263e+06,84.62633,1.266798e+07,0.0,1.569977e+06,0.0,40.3758,0.0,24.1208,1.620694e+06,0.0,1.001469e+07,119.01275,1.4360065e+06,84.31262,1.266798e+07,0.0,1.569971e+06,0.0,40.37554,0.0,24.08876,1.524985e+06,0.0,400.0,0.0149,375424.0,0.67662,0.0,0.0,12.0,0.0,0.0,0.0,0.03204,6284.8,0.0,-400.0,0.0149,51881.0,-0.62513,0.0,0.0,12.0,0.0,0.0,0.0,0.0,0.0,0,0,0,0,WELL-00001_20170201060114.parquet,WELL-00001,0
0.0,1.0011854e+07,119.02789,1.6660186e+06,84.21959,1.266798e+07,0.0,1.5699829e+06,0.0,40.375565,0.0,24.088894,1.5187359e+06,0.0,1392.9596,0.0044019204,113367.13,0.36423925,0.0,0.0,3.516065,0.0,0.0,0.0,0.0,0.0,0.0,1.00095e+07,119.0205,1.425743e+06,83.75287,1.266798e+07,0.0,1.569977e+06,0.0,40.37535,0.0,24.061895,1.406696e+06,0.0,1.001421e+07,119.0353,1.864099e+06,84.82381,1.266798e+07,0.0,1.569989e+06,0.0,40.3758,0.0,24.1208,1.620694e+06,0.0,1.001185e+07,119.0279,1.6734505e+06,84.15103,1.266798e+07,0.0,1.569983e+06,0.0,40.37554,0.0,24.08876,1.524985e+06,0.0,4710.0,0.0148,438356.0,1.07094,0.0,0.0,12.0,0.0,0.0,0.0,0.03204,6284.8,0.0,-4710.0,0.0148,187302.0,0.80423,0.0,0.0,12.0,0.0,0.0,0.0,0.0,0.0,0,0,0,0,WELL-00001_20170201060114.parquet,WELL-00001,0
0.0,1.0007066e+07,119.04301,1.466763e+06,84.24508,1.266798e+07,0.0,1.569995e+06,0.0,40.375565,0.0,24.088894,1.5187359e+06,0.0,1392.9061,0.0044019204,102209.95,0.27975023,0.0,0.0,3.5866592,0.0,0.0,0.0,0.0,0.0,0.0,1.000471e+07,119.0356,1.26371e+06,83.82123,1.266798e+07,0.0,1.569989e+06,0.0,40.37535,0.0,24.061895,1.406696e+06,0.0,1.000942e+07,119.0504,1.647091e+06,84.72519,1.266798e+07,0.0,1.570001e+06,0.0,40.3758,0.0,24.1208,1.620694e+06,0.0,1.000707e+07,119.043,1.4684525e+06,84.24034,1.266798e+07,0.0,1.569995e+06,0.0,40.37554,0.0,24.08876,1.524985e+06,0.0,4710.0,0.0148,383381.0,0.90396,0.0,0.0,12.0,0.0,0.0,0.0,0.03204,6284.8,0.0,-4710.0,0.0148,-159139.0,-0.85586,0.0,0.0,12.0,0.0,0.0,0.0,0.0,0.0,0,0,0,0,WELL-00001_20170201060114.parquet,WELL-00001,0
0.0,1.0002278e+07,119.05536,1.6257275e+06,84.23421,1.266798e+07,0.0,1.5700071e+06,0.0,40.375565,0.0,24.088894,1.5187359e+06,0.0,1393.7529,0.002352517,167870.98,0.20696777,0.0,0.0,3.516065,0.0,0.0,0.0,0.0,0.0,0.0,9.999924e+06,119.0507,1.249243e+06,83.88136,1.266798e+07,0.0,1.570001e+06,0.0,40.37535,0.0,24.061895,1.406696e+06,0.0,1.000463e+07,119.0593,1.926308e+06,84.54481,1.266798e+07,0.0,1.570013e+06,0.0,40.3758,0.0,24.1208,1.620694e+06,0.0,1.000228e+07,119.05545,1.641364e+06,84.23612,1.266798e+07,0.0,1.570007e+06,0.0,40.37554,0.0,24.08876,1.524985e+06,0.0,4706.0,0.0086,677065.0,0.66345,0.0,0.0,12.0,0.0,0.0,0.0,0.03204,6284.8,0.0,-4706.0,0.0021,37036.0,0.66345,0.0,0.0,12.0,0.0,0.0,0.0,0.0,0.0,0,0,0,0,WELL-00001_20170201060114.parquet,WELL-00001,0
0.0,9.99749e+06,119.044815,1.6706864e+06,84.55732,1.266798e+07,0.0,1.5700192e+06,0.0,40.375565,0.0,24.088894,1.5187359e+06,0.0,1393.554,0.0045459415,147635.6,0.011882131,0.0,0.0,3.544511,0.0,0.0,0.0,0.0,0.0,0.0,9.995136e+06,119.0371,1.360399e+06,84.50468,1.266798e+07,0.0,1.570013e+06,0.0,40.37535,0.0,24.061895,1.406696e+06,0.0,9.999844e+06,119.0525,1.89448e+06,84.57317,1.266798e+07,0.0,1.570025e+06,0.0,40.3758,0.0,24.1208,1.620694e+06,0.0,9.99749e+06,119.0448,1.644776e+06,84.55823,1.266798e+07,0.0,1.570019e+06,0.0,40.37554,0.0,24.08876,1.524985e+06,0.0,4708.0,0.0154,534081.0,0.06849,0.0,0.0,12.0,0.0,0.0,0.0,0.03204,6284.8,0.0,-4708.0,-0.0154,-138403.0,-0.04064,0.0,0.0,12.0,0.0,0.0,0.0,0.0,0.0,0,0,0,0,WELL-00001_20170201060114.parquet,WELL-00001,0
0.0,9.99475e+06,119.02919,1.438592e+06,83.98988,1.266798e+07,0.0,1.5700314e+06,0.0,40.375565,0.0,24.088894,1.5187359e+06,0.0,55.344986,0.004546426,87831.336,0.2879298,0.0,0.0,3.5447104,0.0,0.0,0.0,0.0,0.0,0.0,9.994737e+06,119.0215,1.247073e+06,83.56299,1.266798e+07,0.0,1.570025e+06,0.0,40.37535,0.0,24.061895,1.406696e+06,0.0,9.995056e+06,119.0369,1.62973e+06,84.48756,1.266798e+07,0.0,1.570037e+06,0.0,40.3758,0.0,24.1208,1.620694e+06,0.0,9.994737e+06,119.0292,1.4551245e+06,83.98247,1.266798e+07,0.0,1.570031e+06,0.0,40.37554,0.0,24.08876,1.524985e+06,0.0,319.0,0.0154,382657.0,0.92457,0.0,0.0,12.0,0.0,0.0,0.0,0.03204,6284.8,0.0,-319.0,-0.0154,170662.0,-0.86191,0.0,0.0,12.0,0.0,0.0,0.0,0.0,0.0,0,0,0,0,WELL-00001_20170201060114.parquet,WELL-00001,0
0.0,9.994737e+06,119.01356,1.6890152e+06,84.00095,1.266798e+07,0.0,1.5700435e+06,0.0,40.375565,0.0,24.088894,1.5187359e+06,0.0,0.0,0.00454895,130938.57,0.20879371,0.0,0.0,3.5293763,0.0,0.0,0.0,0.0,0.0,0.0,9.994737e+06,119.0059,1.514145e+06,83.63818,1.266798e+07,0.0,1.570037e+06,0.0,40.37535,0.0,24.061895,1.406696e+06,0.0,9.994737e+06,119.0212,1.964646e+06,84.31493,1.266798e+07,0.0,1.570049e+06,0.0,40.3758,0.0,24.1208,1.620694e+06,0.0,9.994737e+06,119.01355,1.665469e+06,84.00789,1.266798e+07,0.0,1.5700435e+06,0.0,40.37554,0.0,24.08876,1.524985e+06,0.0,0.0,0.0153,450501.0,0.67675,0.0,0.0,12.0,0.0,0.0,0.0,0.03204,6284.8,0.0,0.0,-0.0153,368630.0,0.6008,0.0,0.0,12.0,0.0,0.0,0.0,0.0,0.0,0,0,0,0,WELL-00001_20170201060114.parquet,WELL-00001,0
0.0,9.994737e+06,118.99794,1.4402766e+06,83.780014,1.266798e+07,0.0,1.5700555e+06,0.0,40.375565,0.0,24.088894,1.5187359e+06,0.0,0.0,0.004547302,183081.1,0.25860995,0.0,0.0,3.5054035,0.0,0.0,0.0,0.0,0.0,0.0,9.994737e+06,118.9903,1.16244e+06,83.38831,1.266798e+07,0.0,1.57005e+06,0.0,40.37535,0.0,24.061895,1.406696e+06,0.0,9.994737e+06,119.0056,1.8664e+06,84.22379,1.266798e+07,0.0,1.570061e+06,0.0,40.3758,0.0,24.1208,1.620694e+06,0.0,9.994737e+06,118.99795,1.4446225e+06,83.775665,1.266798e+07,0.0,1.5700555e+06,0.0,40.37554,0.0,24.08876,1.524985e+06,0.0,0.0,0.0153,703960.0,0.83548,0.0,0.0,11.0,0.0,0.0,0.0,0.03204,6284.8,0.0,0.0,-0.0153,-457295.0,-0.79194,0.0,0.0,11.0,0.0,0.0,0.0,0.0,0.0,0,0,0,0,WELL-00001_20170201060114.parquet,WELL-00001,0
0.0,9.994737e+06,118.994125,1.5753034e+06,83.76295,1.266798e+07,0.0,1.5700676e+06,0.0,40.375565,0.0,24.088894,1.5187359e+06,0.0,0.0,0.013775883,127244.94,0.18858568,0.0,0.0,3.5351343,0.0,0.0,0.0,0.0,0.0,0.0,9.994737e+06,118.9811,1.26371e+06,83.44274,1.266798e+07,0.0,1.570062e+06,0.0,40.37535,0.0,24.061895,1.406696e+06,0.0,9.994737e+06,119.0292,1.770785e+06,84.06226,1.266798e+07,0.0,1.570074e+06,0.0,40.3758,0.0,24.1208,1.620694e+06,0.0,9.994737e+06,118.98805,1.592622e+06,83.76389,1.266798e+07,0.0,1.570068e+06,0.0,40.37554,0.0,24.08876,1.524985e+06,0.0,0.0,0.0481,507075.0,0.61952,0.0,0.0,12.0,0.0,0.0,0.0,0.03204,6284.8,0.0,0.0,0.0392,208400.0,0.61952,0.0,0.0,12.0,0.0,0.0,0.0,0.0,0.0,0,0,0,0,WELL-00001_20170201060114.parquet,WELL-00001,0
0.0,9.994737e+06,119.07815,1.5374902e+06,84.21955,1.266798e+07,0.0,1.5700798e+06,0.0,40.375565,0.0,24.088894,1.5187359e+06,0.0,0.0,0.022769913,149488.72,0.08904528,0.0,0.0,3.5588276,0.0,0.0,0.0,0.0,0.0,0.0,9.994737e+06,119.0311,1.189204e+06,84.06745,1.266798e+07,0.0,1.570074e+06,0.0,40.37535,0.0,24.061895,1.406696e+06,0.0,9.994737e+06,119.0983,1.693386e+06,84.35291,1.266798e+07,0.0,1.570086e+06,0.0,40.3758,0.0,24.1208,1.620694e+06,0.0,9.994737e+06,119.08775,1.607189e+06,84.22056,1.266798e+07,0.0,1.57008e+06,0.0,40.37554,0.0,24.08876,1.524985e+06,0.0,0.0,0.0672,504182.0,0.28546,0.0,0.0,12.0,0.0,0.0,0.0,0.03204,6284.8,0.0,0.0,0.0672,45515.0,0.28195,0.0,0.0,12.0,0.0,0.0,0.0,0.0,0.0,0,0,0,0,WELL-00001_20170201060114.parquet,WELL-00001,0
0.0,9.994737e+06,119.0983,1.5794138e+06,84.32267,1.266798e+07,0.0,1.5700919e+06,0.0,40.375565,0.0,24.088894,1.5187359e+06,0.0,0.0,0.0,268598.66,0.015306093,0.0,0.0,3.54196,0.0,0.0,0.0,0.0,0.0,0.0,9.994737e+06,119.0983,1.126272e+06,84.29681,1.266798e+07,0.0,1.570086e+06,0.0,40.37535,0.0,24.061895,1.406696e+06,0.0,9.994737e+06,119.0983,1.868439e+06,84.34853,1.266798e+07,0.0,1.570098e+06,0.0,40.3758,0.0,24.1208,1.620694e+06,0.0,9.994737e+06,119.0983,1.6906145e+06,84.32266,1.266798e+07,0.0,1.570092e+06,0.0,40.37554,0.0,24.08876,1.524985e+06,0.0,0.0,0.0,742167.0,0.05172,0.0,0.0,12.0,0.0,0.0,0.0,0.03204,6284.8,0.0,0.0,0.0,-410887.0,-0.05172,0.0,0.0,12.0,0.0,0.0,0.0,0.0,0.0,0,0,0,0,WELL-00001_20170201060114.parquet,WELL-00001,0
0.0,9.994737e+06,119.0983,1.6588859e+06,84.27008,1.266798e+07,0.0,1.570104e+06,0.0,40.375565,0.0,24.088894,1.5187359e+06,0.0,0.0,0.0,266301.4,0.015306447,0.0,0.0,3.5724542,0.0,0.0,0.0,0.0,0.0,0.0,9.994737e+06,119.0983,1.279479e+06,84.24422,1.266798e+07,0.0,1.570098e+06,0.0,40.37535,0.0,24.061895,1.406696e+06,0.0,9.994737e+06,119.0983,2.107871e+06,84.29594,1.266798e+07,0.0,1.57011e+06,0.0,40.3758,0.0,24.1208,1.620694e+06,0.0,9.994737e+06,119.0983,1.5535965e+06,84.27009,1.266798e+07,0.0,1.570104e+06,0.0,40.37554,0.0,24.08876,1.524985e+06,0.0,0.0,0.0,828392.0,0.05172,0.0,0.0,12.0,0.0,0.0,0.0,0.03204,6284.8,0.0,0.0,0.0,727450.0,-0.05172,0.0,0.0,12.0,0.0,0.0,0.0,0.0,0.0,0,0,0,0,WELL-00001_20170201060114.parquet,WELL-00001,0
0.0,9.994737e+06,119.0983,1.3952434e+06,83.64372,1.266798e+07,0.0,1.5701161e+06,0.0,40.375565,0.0,24.088894,1.5187359e+06,0.0,0.0,0.0,248069.73,0.3681122,0.0,0.0,3.516065,0.0,0.0,0.0,0.0,0.0,0.0,9.994737e+06,119.0983,1.125548e+06,83.17563,1.266798e+07,0.0,1.57011e+06,0.0,40.37535,0.0,24.061895,1.406696e+06,0.0,9.994737e+06,119.0983,1.986741e+06,84.24335,1.266798e+07,0.0,1.570122e+06,0.0,40.3758,0.0,24.1208,1.620694e+06,0.0,9.994737e+06,119.0983,1.3178895e+06,83.57097,1.266798e+07,0.0,1.570116e+06,0.0,40.37554,0.0,24.08876,1.524985e+06,0.0,0.0,0.0,861193.0,1.06772,0.0,0.0,12.0,0.0,0.0,0.0,0.03204,6284.8,0.0,0.0,0.0,-569265.0,-0.88161,0.0,0.0,12.0,0.0,0.0,0.0,0.0,0.0,0,0,0,0,WELL-00001_20170201060114.parquet,WELL-00001,0
0.0,9.994737e+06,119.0983,1.5469924e+06,83.74017,1.266798e+07,0.0,1.5701281e+06,0.0,40.375565,0.0,24.088894,1.5187359e+06,0.0,0.0,0.0,114721.875,0.21668953,0.0,0.0,3.5502446,0.0,0.0,0.0,0.0,0.0,0.0,9.994737e+06,119.0983,1.413445e+06,83.37415,1.266798e+07,0.0,1.570122e+06,0.0,40.37535,0.0,24.061895,1.406696e+06,0.0,9.994737e+06,119.0983,1.823591e+06,84.1062,1.266798e+07,0.0,1.570134e+06,0.0,40.3758,0.0,24.1208,1.620694e+06,0.0,9.994737e+06,119.0983,1.507758e+06,83.74017,1.266798e+07,0.0,1.570128e+06,0.0,40.37554,0.0,24.08876,1.524985e+06,0.0,0.0,0.0,410146.0,0.73205,0.0,0.0,12.0,0.0,0.0,0.0,0.03204,6284.8,0.0,0.0,0.0,29779.0,0.73205,0.0,0.0,12.0,0.0,0.0,0.0,0.0,0.0,0,0,0,0,WELL-00001_20170201060114.parquet,WELL-00001,0
0.0,9.994737e+06,119.09602,1.728004e+06,84.475685,1.266798e+07,0.0,1.5701402e+06,0.0,40.375565,0.0,24.088894,1.5187359e+06,0.0,0.0,0.0048795883,162816.69,0.20470496,0.0,0.0,3.5044765,0.0,0.0,0.0,0.0,0.0,0.0,9.994737e+06,119.0801,1.414088e+06,84.11861,1.266798e+07,0.0,1.570134e+06,0.0,40.37535,0.0,24.061895,1.406696e+06,0.0,9.994737e+06,119.0983,2.008771e+06,84.80103,1.266798e+07,0.0,1.570146e+06,0.0,40.3758,0.0,24.1208,1.620694e+06,0.0,9.994737e+06,119.0983,1.7282945e+06,84.48463,1.266798e+07,0.0,1.57014e+06,0.0,40.37554,0.0,24.08876,1.524985e+06,0.0,0.0,0.0182,594683.0,0.68242,0.0,0.0,12.0,0.0,0.0,0.0,0.03204,6284.8,0.0,0.0,-0.0182,-56603.0,0.51735,0.0,0.0,12.0,0.0,0.0,0.0,0.0,0.0,0,0,0,0,WELL-00001_20170201060114.parquet,WELL-00001,0
0.0,1.0012904e+07,119.04498,1.3200871e+06,83.89072,1.266798e+07,0.0,1.5701524e+06,0.0,40.375565,0.0,24.088894,1.5187359e+06,0.0,7287.64,0.017561387,161398.7,0.27542588,0.0,0.0,3.5520346,0.0,0.0,0.0,0.0,0.0,0.0,9.994737e+06,119.0202,1.048149e+06,83.56299,1.266798e+07,0.0,1.570146e+06,0.0,40.37535,0.0,24.061895,1.406696e+06,0.0,1.001828e+07,119.0788,1.584882e+06,84.59469,1.266798e+07,0.0,1.570158e+06,0.0,40.3758,0.0,24.1208,1.620694e+06,0.0,1.001592e+07,119.04035,1.342068e+06,83.812874,1.266798e+07,0.0,1.570152e+06,0.0,40.37554,0.0,24.08876,1.524985e+06,0.0,23543.0,0.0586,536733.0,1.0317,0.0,0.0,12.0,0.0,0.0,0.0,0.03204,6284.8,0.0,23543.0,-0.0401,207886.0,-0.67446,0.0,0.0,12.0,0.0,0.0,0.0,0.0,0.0,0,0,0,0,WELL-00001_20170201060114.parquet,WELL-00001,0
0.0,1.0020712e+07,119.076355,1.6586344e+06,84.07875,1.266798e+07,0.0,1.5701645e+06,0.0,40.375565,0.0,24.088894,1.5187359e+06,0.0,1394.3479,0.019538658,182724.3,0.06952398,0.0,0.0,3.4811842,0.0,0.0,0.0,0.0,0.0,0.0,1.001836e+07,119.0401,1.245626e+06,83.93073,1.266798e+07,0.0,1.570159e+06,0.0,40.37535,0.0,24.061895,1.406696e+06,0.0,1.002307e+07,119.0983,1.877119e+06,84.19341,1.266798e+07,0.0,1.57017e+06,0.0,40.3758,0.0,24.1208,1.620694e+06,0.0,1.002071e+07,119.07915,1.716172e+06,84.0803,1.266798e+07,0.0,1.5701645e+06,0.0,40.37554,0.0,24.08876,1.524985e+06,0.0,4710.0,0.0582,631493.0,0.26268,0.0,0.0,11.0,0.0,0.0,0.0,0.03204,6284.8,0.0,4710.0,0.0573,-231041.0,0.06469,0.0,0.0,11.0,0.0,0.0,0.0,0.0,0.0,0,0,0,0,WELL-00001_20170201060114.parquet,WELL-00001,0
0.0,1.0025498e+07,119.09541,1.4830086e+06,83.917046,1.266798e+07,0.0,1.5701766e+06,0.0,40.375565,0.0,24.088894,1.5187359e+06,0.0,1394.4305,0.0011175285,87020.09,0.0425547,0.0,0.0,3.5502446,0.0,0.0,0.0,0.0,0.0,0.0,1.002315e+07,119.0935,1.281071e+06,83.84402,1.266798e+07,0.0,1.570171e+06,0.0,40.37535,0.0,24.061895,1.406696e+06,0.0,1.002785e+07,119.0973,1.664451e+06,83.9896,1.266798e+07,0.0,1.570183e+06,0.0,40.3758,0.0,24.1208,1.620694e+06,0.0,1.00255e+07,119.09545,1.480212e+06,83.91723,1.266798e+07,0.0,1.570177e+06,0.0,40.37554,0.0,24.08876,1.524985e+06,0.0,4700.0,0.0038,383380.0,0.14558,0.0,0.0,12.0,0.0,0.0,0.0,0.03204,6284.8,0.0,4700.0,-0.0038,124129.0,-0.00336,0.0,0.0,12.0,0.0,0.0,0.0,0.0,0.0,0,0,0,0,WELL-00001_20170201060114.parquet,WELL-00001,0
0.0,1.0030286e+07,119.091576,1.604744e+06,84.123535,1.266798e+07,0.0,1.5701888e+06,0.0,40.375565,0.0,24.088894,1.5187359e+06,0.0,1393.1683,0.0011166068,113636.63,0.08554927,0.0,0.0,3.5044765,0.0,0.0,0.0,0.0,0.0,0.0,1.002793e+07,119.0897,1.409829e+06,83.99043,1.266798e+07,0.0,1.570183e+06,0.0,40.37535,0.0,24.061895,1.406696e+06,0.0,1.003264e+07,119.0935,1.831548e+06,84.28206,1.266798e+07,0.0,1.570195e+06,0.0,40.3758,0.0,24.1208,1.620694e+06,0.0,1.003029e+07,119.09155,1.5705955e+06,84.11382,1.266798e+07,0.0,1.570189e+06,0.0,40.37554,0.0,24.08876,1.524985e+06,0.0,4710.0,0.0038,421719.0,0.29163,0.0,0.0,12.0,0.0,0.0,0.0,0.03204,6284.8,0.0,4710.0,-0.0038,51575.0,0.29163,0.0,0.0,12.0,0.0,0.0,0.0,0.0,0.0,0,0,0,0,WELL-00001_20170201060114.parquet,WELL-00001,0
